date,hhmmss,BH_Leaf,BH_Block,BH_Vine,E,A,Ci,gsw,Fv.Fm,Tleaf,day,year,round,pixel_number
7/1/2019,7:08:14 AM,1,B1_R1,1,0.008770115,4.390281078,375.4884936,1.571590021,0.776368784,16.80074839,182,2019,1,35
7/1/2019,7:11:04 AM,1,B1_R1,2,0.000783007,-0.302088193,399.5692232,0.072674873,0.764236832,18.22478065,182,2019,1,35
7/1/2019,7:15:29 AM,1,B1_R1,3,0.001333996,-0.112849249,394.0871773,0.131023411,0.722566781,18.87875161,182,2019,1,35
7/1/2019,7:18:53 AM,1,B1_R1,4,0.000683098,-0.749619225,412.2004017,0.062405828,0.733712207,19.44026774,182,2019,1,35
7/1/2019,7:23:37 AM,1,B1_R1,5,0.001352393,-0.954370406,405.8808714,0.121497692,0.72659672,19.65704194,182,2019,1,35
7/1/2019,7:25:58 AM,1,B1_R1,6,0.000973359,-0.547669437,402.9481152,0.087172373,0.782710009,19.97919032,182,2019,1,35
7/1/2019,10:31:43 AM,1,B1_R1,1,0.002974969,11.5645607,216.1306376,0.121010509,0.774975295,33.25763548,182,2019,2,35
7/1/2019,10:34:22 AM,2,B1_R1,1,0.004597799,13.15725427,253.5495509,0.189440541,0.774975295,33.45898065,182,2019,2,35
7/1/2019,10:36:00 AM,3,B1_R1,1,0.003535488,11.46492352,272.4669229,0.186045721,0.774975295,31.8302871,182,2019,2,35
7/1/2019,10:37:33 AM,1,B1_R1,4,0.004852865,14.64211216,252.4780835,0.209330408,0.774975295,33.62277419,182,2019,2,35
7/1/2019,10:39:05 AM,2,B1_R1,4,0.00426187,16.56109932,213.8344568,0.179731753,0.774975295,33.37756452,182,2019,2,35
7/1/2019,10:40:39 AM,3,B1_R1,4,0.00454697,15.75002354,224.6829951,0.184008914,0.774975295,33.82709355,182,2019,2,35
7/1/2019,10:42:03 AM,1,B1_R1,6,0.006611501,16.28575392,283.8806195,0.33738505,0.774975295,32.48052903,182,2019,2,35
7/1/2019,10:43:52 AM,2,B1_R1,6,0.006575891,15.92520037,279.9458948,0.310831752,0.774975295,33.56116129,182,2019,2,35
7/1/2019,10:45:21 AM,3,B1_R1,6,0.005431458,16.50373263,240.1140637,0.220642602,0.774975295,34.0574,182,2019,2,35
7/1/2019,2:11:24 PM,1,B1_R1,2,0.007681423,16.5734528,247.8090811,0.247904213,0.774975295,37.86582903,182,2019,3,35
7/1/2019,2:13:04 PM,2,B1_R1,2,0.007723023,16.85300027,248.1049955,0.254171183,0.774975295,37.76504194,182,2019,3,35
7/1/2019,2:14:17 PM,3,B1_R1,2,0.005046363,12.60261677,238.2934241,0.162109,0.774975295,37.77166774,182,2019,3,35
7/1/2019,2:16:19 PM,1,B1_R1,6,0.008006373,16.22232201,263.3202603,0.28335301,0.774975295,37.72789355,182,2019,3,35
7/1/2019,2:17:41 PM,2,B1_R1,6,0.00687851,16.36754301,246.2092161,0.236691372,0.774975295,37.48194516,182,2019,3,35
7/1/2019,2:19:05 PM,3,B1_R1,6,0.002923752,9.909479704,187.6460943,0.088213608,0.774975295,37.90064839,182,2019,3,35
7/1/2019,2:24:23 PM,1,B1_R1,4,0.004637924,10.80436356,246.5464173,0.146437467,0.774975295,38.32753548,182,2019,3,35
7/1/2019,2:26:27 PM,2,B1_R1,4,0.004145799,11.07684228,222.4811882,0.125098425,0.774975295,38.5246129,182,2019,3,35
7/1/2019,2:28:21 PM,3,B1_R1,4,0.003053906,9.947355666,190.0147242,0.089941508,0.774975295,38.51997742,182,2019,3,35
7/1/2019,4:37:17 PM,1,B1_R1,4,0.001773953,6.582673934,177.723659,0.05364585,0.774975295,37.69728966,182,2019,4,35
7/1/2019,4:39:31 PM,2,B1_R1,4,0.003279362,9.583603428,217.7670748,0.101918199,0.774975295,37.75947241,182,2019,4,35
7/1/2019,4:41:25 PM,3,B1_R1,4,0.000775903,5.831286665,-12.02450385,0.023729384,0.774975295,37.46587586,182,2019,4,35
7/1/2019,4:51:20 PM,1,B1_R1,2,0.003221454,7.769997806,250.1302625,0.103348806,0.774975295,36.95686552,182,2019,4,35
7/1/2019,4:52:56 PM,2,B1_R1,2,0.003814788,10.8975231,234.7095329,0.13186664,0.774975295,36.11012069,182,2019,4,35
7/1/2019,4:54:51 PM,3,B1_R1,2,0.002303029,8.256103172,192.9482653,0.074023097,0.774975295,36.56065517,182,2019,4,35
7/1/2019,4:56:58 PM,1,B1_R1,6,0.001974489,6.65989623,215.7477869,0.067001076,0.774975295,36.06866897,182,2019,4,35
7/1/2019,4:59:11 PM,2,B1_R1,6,0.000652514,2.673158686,174.0982533,0.020619772,0.774975295,36.66851724,182,2019,4,35
7/1/2019,5:00:56 PM,3,B1_R1,6,0.004335348,11.946306,248.723169,0.162886461,0.774975295,35.90217931,182,2019,4,35
7/1/2019,6:53:39 PM,1,B1_R1,4,0.002648433,7.137555757,270.1087775,0.109801001,0.774975295,33.24046129,182,2019,5,35
7/1/2019,6:57:08 PM,2,B1_R1,4,0.000863443,2.90591028,249.038888,0.034879034,0.774975295,33.27239677,182,2019,5,35
7/1/2019,6:59:00 PM,3,B1_R1,4,0.000805914,4.222313572,183.4024448,0.03395148,0.774975295,32.83842258,182,2019,5,35
7/5/2019,12:53:03 PM,1,B1_R1,3,0.007895157,19.6037834,258.7823597,0.269145518,0.816962262,37.54946129,186,2019,,35
7/5/2019,12:54:21 PM,2,B1_R1,3,0.008292078,20.68517113,253.9195567,0.277487063,0.816962262,37.88645161,186,2019,,35
7/5/2019,12:55:40 PM,3,B1_R1,3,0.006618244,18.31348711,235.7102336,0.207004865,0.816962262,38.17175806,186,2019,,35
7/5/2019,12:57:49 PM,1,B1_R1,4,0.004173155,12.08761012,226.8160833,0.128022682,0.816962262,38.55003871,186,2019,,35
7/5/2019,12:59:29 PM,2,B1_R1,4,0.002574422,8.655466612,191.325884,0.073436698,0.816962262,38.98587097,186,2019,,35
7/5/2019,1:01:03 PM,3,B1_R1,4,0.003006384,9.530966494,205.5291515,0.087431686,0.816962262,38.73901613,186,2019,,35
7/5/2019,1:03:28 PM,1,B1_R1,5,0.009164812,19.79267083,278.4716638,0.323326528,0.816962262,37.60626129,186,2019,,35
7/5/2019,1:04:42 PM,2,B1_R1,5,0.007807992,18.93241718,263.2233751,0.266359508,0.816962262,37.71353548,186,2019,,35
7/5/2019,1:05:52 PM,3,B1_R1,5,0.010128736,18.44113481,295.7706751,0.362435628,0.816962262,37.57153548,186,2019,,35
7/12/2019,5:43:48 AM,1,B1_R1,3,0.001376622,-0.560343959,399.9979066,0.132316718,0.740639561,19.36459677,193,2019,1,35
7/12/2019,5:48:51 AM,1,B1_R1,4,0.011716295,-0.365456026,397.3549747,5.955620977,0.784850776,16.771,193,2019,1,35
7/12/2019,5:53:51 AM,1,B1_R1,5,0.010572548,-0.486182097,397.4349833,4.911064326,0.811447325,15.42363871,193,2019,1,35
7/12/2019,8:52:27 AM,1,B1_R1,1,0.001711432,8.610678549,253.7656633,0.103349968,0.822410922,27.67663871,193,2019,2,35
7/12/2019,8:54:10 AM,2,B1_R1,1,0.003080308,12.55300455,273.4364967,0.177467862,0.822410922,28.38014839,193,2019,2,35
7/12/2019,8:55:25 AM,3,B1_R1,1,0.000733544,4.396529224,201.9696787,0.037579477,0.822410922,28.58254194,193,2019,2,35
7/12/2019,8:57:39 AM,1,B1_R1,4,0.001909896,9.634234962,245.7618128,0.11026757,0.822410922,28.46596774,193,2019,2,35
7/12/2019,8:58:55 AM,2,B1_R1,4,0.001509424,8.384914215,205.4038397,0.073962623,0.822410922,29.56460968,193,2019,2,35
7/12/2019,9:00:14 AM,3,B1_R1,4,0.00283142,12.89152118,269.9137735,0.178411195,0.822410922,27.94603548,193,2019,2,35
7/12/2019,9:02:05 AM,1,B1_R1,6,0.005479375,15.44220485,316.3954898,0.382093886,0.822410922,27.95809677,193,2019,2,35
7/12/2019,9:03:43 AM,2,B1_R1,6,0.002872636,9.643853673,290.540078,0.162622861,0.822410922,28.57390968,193,2019,2,35
7/12/2019,9:04:42 AM,3,B1_R1,6,0.002843932,12.61492954,269.7417798,0.175357817,0.822410922,28.04249677,193,2019,2,35
7/12/2019,12:03:19 PM,1,B1_R1,1,0.003105799,10.18648617,193.2723906,0.087873891,0.822410922,38.7464871,193,2019,3,35
7/12/2019,12:04:51 PM,2,B1_R1,1,0.006469313,15.92303771,254.3331617,0.212821174,0.822410922,37.65859677,193,2019,3,35
7/12/2019,12:06:13 PM,3,B1_R1,1,0.005243093,13.34871751,248.9958597,0.165223951,0.822410922,37.00967742,193,2019,3,35
7/12/2019,12:08:19 PM,1,B1_R1,4,0.003529278,11.55259812,201.1643355,0.103499953,0.822410922,38.28480323,193,2019,3,35
7/12/2019,12:09:48 PM,2,B1_R1,4,0.005986155,14.48213341,265.9754264,0.206180288,0.822410922,37.34198387,193,2019,3,35
7/12/2019,12:12:17 PM,3,B1_R1,4,0.002624451,9.130277391,178.8203938,0.072666325,0.822410922,38.9795,193,2019,3,35
7/12/2019,12:14:18 PM,1,B1_R1,6,0.010206404,23.74063059,269.6684285,0.364757602,0.822410922,37.3621,193,2019,3,35
7/12/2019,12:15:34 PM,2,B1_R1,6,0.011402447,25.66608342,287.9799809,0.467083057,0.822410922,36.4755,193,2019,3,35
7/12/2019,12:17:18 PM,3,B1_R1,6,0.007351308,18.93274694,249.0580788,0.235015936,0.822410922,37.71042903,193,2019,3,35
7/12/2019,2:15:27 PM,1,B1_R1,1,0.005239791,15.16108469,219.7129945,0.159925165,0.822410922,40.37296774,193,2019,4,35
7/12/2019,2:24:21 PM,1,B1_R1,6,0.008957827,14.40193854,281.0210517,0.250743794,0.822410922,41.2712129,193,2019,4,35
7/12/2019,2:26:06 PM,2,B1_R1,6,0.006507395,13.87382197,263.3809875,0.19729455,0.822410922,40.32062258,193,2019,4,35
7/12/2019,2:27:12 PM,3,B1_R1,6,0.005141382,10.66396374,264.5141261,0.150026353,0.822410922,40.53787097,193,2019,4,35
7/12/2019,2:30:23 PM,1,B1_R1,4,0.003201756,10.59536053,179.6838946,0.086921274,0.822410922,41.27398065,193,2019,4,35
7/12/2019,2:31:52 PM,2,B1_R1,4,0.004744437,8.571804666,274.5952683,0.135232722,0.822410922,41.04912258,193,2019,4,35
7/12/2019,2:33:47 PM,3,B1_R1,4,0.002190649,7.386872423,131.9605061,0.048500413,0.822410922,42.76420968,193,2019,4,35
7/12/2019,5:23:12 PM,1,B1_R1,1,0.006048681,11.59946146,251.5170964,0.151992829,0.760068969,42.02076129,193,2019,5,35
7/12/2019,5:24:46 PM,2,B1_R1,1,0.003346983,7.130996877,234.1186912,0.080564884,0.760068969,42.08460323,193,2019,5,35
7/12/2019,5:26:00 PM,3,B1_R1,1,0.001227843,4.280093523,157.390465,0.030599075,0.760068969,41.62948065,193,2019,5,35
7/12/2019,5:28:25 PM,1,B1_R1,4,0.003719175,8.86055327,214.8115239,0.088123327,0.760068969,42.15554839,193,2019,5,35
7/12/2019,5:30:15 PM,2,B1_R1,4,0.002404002,6.001352723,206.2186319,0.056464705,0.760068969,42.29996129,193,2019,5,35
7/12/2019,5:31:21 PM,3,B1_R1,4,0.004303484,9.783813601,229.7577701,0.107479064,0.760068969,41.88249355,193,2019,5,35
7/12/2019,5:33:09 PM,1,B1_R1,6,0.003180032,6.358020198,243.3502545,0.076879779,0.760068969,41.91196129,193,2019,5,35
7/12/2019,5:34:44 PM,2,B1_R1,6,0.002240655,5.931551581,201.5780624,0.05425896,0.760068969,41.64763226,193,2019,5,35
7/12/2019,5:36:12 PM,3,B1_R1,6,0.007017436,14.98689471,252.8637598,0.19756117,0.760068969,40.77281613,193,2019,5,35
7/12/2019,7:34:21 PM,1,B1_R1,1,-0.000167969,1.793940407,692.2165418,-0.009393405,0.822410922,34.98166129,193,2019,6,35
7/12/2019,7:36:37 PM,2,B1_R1,1,0.000353456,0.628050291,341.8076649,0.021044332,0.822410922,34.51068065,193,2019,6,35
7/12/2019,7:37:56 PM,3,B1_R1,1,0.000340316,4.670849363,1.221811806,0.01936514,0.822410922,34.87115484,193,2019,6,35
7/12/2019,7:39:11 PM,1,B1_R1,4,-0.001004398,2.715276887,468.2392428,-0.052403724,0.822410922,35.06886452,193,2019,6,35
7/12/2019,7:41:40 PM,2,B1_R1,4,0.001282446,3.582119714,256.6004013,0.045447269,0.822410922,34.76617742,193,2019,6,35
7/12/2019,7:43:11 PM,3,B1_R1,4,0.000320369,1.709757741,188.1243939,0.013693724,0.822410922,33.24134516,193,2019,6,35
7/12/2019,7:44:36 PM,1,B1_R1,6,0.000659878,2.072556236,257.0501713,0.026070539,0.822410922,33.96540323,193,2019,6,35
7/12/2019,7:45:51 PM,2,B1_R1,6,0.000980781,1.820447678,317.7115787,0.042782108,0.822410922,33.28748387,193,2019,6,35
7/12/2019,7:47:26 PM,3,B1_R1,6,0.00079754,3.669809285,187.837522,0.029672509,0.822410922,34.35416129,193,2019,6,35
7/1/2019,6:13:30 AM,1,B1_R2,1,0.00025807,-0.484060691,420.7719233,0.027658009,0.806596491,17.04077097,182,2019,1,45
7/1/2019,6:17:50 AM,1,B1_R2,2,0.000408606,-0.098587549,397.1285023,0.045830531,0.799238315,16.63055161,182,2019,1,45
7/1/2019,6:23:32 AM,1,B1_R2,3,0.000421695,-0.474176274,410.0359223,0.046024256,0.748874089,16.67054839,182,2019,1,45
7/1/2019,6:28:30 AM,1,B1_R2,4,0.000310181,-0.790136167,432.7046642,0.03442492,0.814297631,16.45428065,182,2019,1,45
7/1/2019,6:33:15 AM,1,B1_R2,5,0.000486003,0.050992477,390.9889163,0.052967922,0.795749555,16.70626452,182,2019,1,45
7/1/2019,6:36:10 AM,1,B1_R2,6,0.000435621,-0.261803194,402.8403281,0.049210646,0.803405243,16.4836129,182,2019,1,45
7/1/2019,10:06:17 AM,1,B1_R2,1,0.002071103,12.30590469,157.6348943,0.095735746,0.774975295,31.01056129,182,2019,2,45
7/1/2019,10:09:44 AM,2,B1_R2,1,0.002959167,11.30171881,259.1181991,0.160488186,0.774975295,30.65344839,182,2019,2,45
7/1/2019,10:12:10 AM,3,B1_R2,1,0.003316402,12.44836488,240.7235095,0.156027418,0.774975295,31.78449677,182,2019,2,45
7/1/2019,10:16:44 AM,1,B1_R2,4,0.002197089,9.413195629,218.8616009,0.097416073,0.774975295,32.41896452,182,2019,2,45
7/1/2019,10:18:40 AM,2,B1_R2,4,0.002515195,9.272608373,226.3970495,0.101804361,0.774975295,32.14567419,182,2019,2,45
7/1/2019,10:21:39 AM,3,B1_R2,4,0.002043093,9.849744538,181.56597,0.082416761,0.774975295,33.46982258,182,2019,2,45
7/1/2019,10:23:42 AM,1,B1_R2,5,0.003039241,12.87366889,225.5106207,0.143642808,0.774975295,32.4377871,182,2019,2,45
7/1/2019,10:25:00 AM,2,B1_R2,5,0.003329285,12.36392815,231.9302147,0.145070336,0.774975295,32.92971935,182,2019,2,45
7/1/2019,10:26:17 AM,3,B1_R2,5,0.003877914,15.04897521,220.8351786,0.168221714,0.774975295,32.92891935,182,2019,2,45
7/1/2019,1:41:30 PM,1,B1_R2,4,0.000622786,3.69797461,48.69334523,0.017805749,0.774975295,37.80383871,182,2019,3,45
7/1/2019,1:45:40 PM,2,B1_R2,4,1.89E-05,0.617427135,-1459.427892,0.000522971,0.774975295,38.40375161,182,2019,3,45
7/1/2019,1:47:11 PM,3,B1_R2,4,0.000926004,3.872313889,181.3857827,0.031271051,0.774975295,36.68309032,182,2019,3,45
7/1/2019,1:51:54 PM,1,B1_R2,1,0.005573992,5.243200793,324.7949806,0.181066408,0.774975295,37.82929032,182,2019,3,45
7/1/2019,1:53:21 PM,2,B1_R2,1,0.0019808,9.137254727,105.6645948,0.055141842,0.774975295,38.59243871,182,2019,3,45
7/1/2019,1:54:56 PM,3,B1_R2,1,0.00227265,8.19278327,171.0231761,0.065803056,0.774975295,38.43316452,182,2019,3,45
7/1/2019,1:57:15 PM,1,B1_R2,5,0.004527875,11.59332712,226.325081,0.135727649,0.774975295,38.47720968,182,2019,3,45
7/1/2019,1:59:06 PM,2,B1_R2,5,0.004630148,13.04577992,215.092497,0.142435813,0.774975295,38.06150645,182,2019,3,45
7/1/2019,2:00:37 PM,3,B1_R2,5,0.004030724,10.30558996,235.3384677,0.126220874,0.774975295,37.98048065,182,2019,3,45
7/1/2019,5:03:48 PM,1,B1_R2,1,0.001241381,5.218251255,170.9278091,0.040384693,0.774975295,36.40515517,182,2019,4,45
7/1/2019,5:05:39 PM,2,B1_R2,1,0.003148715,10.71647351,211.3707109,0.109365475,0.774975295,36.08680345,182,2019,4,45
7/1/2019,5:07:35 PM,3,B1_R2,1,0.001642559,6.292098183,185.661564,0.053076569,0.774975295,36.44688966,182,2019,4,45
7/1/2019,5:09:43 PM,1,B1_R2,4,0.001274528,5.172964927,178.1166081,0.041483239,0.774975295,36.35899655,182,2019,4,45
7/1/2019,5:12:20 PM,2,B1_R2,4,0.001354767,5.095976834,193.6829126,0.044403165,0.774975295,36.22350345,182,2019,4,45
7/1/2019,5:14:59 PM,3,B1_R2,4,0.001141852,4.565111072,184.4012574,0.037640271,0.774975295,36.17246552,182,2019,4,45
7/1/2019,5:16:49 PM,1,B1_R2,5,0.002853378,9.305396152,214.7441883,0.09586477,0.774975295,36.34746207,182,2019,4,45
7/1/2019,5:18:31 PM,2,B1_R2,5,0.002766014,9.190336471,212.5993427,0.093172608,0.774975295,36.40251724,182,2019,4,45
7/1/2019,5:19:53 PM,3,B1_R2,5,0.003736851,11.42131477,217.9622341,0.123056003,0.774975295,36.70502414,182,2019,4,45
7/1/2019,7:02:49 PM,1,B1_R2,4,0.00054482,1.259718863,293.3682271,0.022457586,0.774975295,32.85497097,182,2019,5,45
7/1/2019,7:05:13 PM,2,B1_R2,4,0.000513597,2.017581289,225.9371232,0.020391314,0.774975295,33.12156774,182,2019,5,45
7/1/2019,7:07:41 PM,3,B1_R2,4,0.0006631,3.109479665,183.2615392,0.024946457,0.774975295,33.54842581,182,2019,5,45
7/5/2019,12:36:37 PM,2,B1_R2,4,0.001017799,4.357205635,135.2265773,0.028286542,0.816962262,39.12598387,186,2019,,45
7/5/2019,12:39:35 PM,3,B1_R2,4,0.001379111,4.19113671,208.6981604,0.039217419,0.816962262,38.98369677,186,2019,,45
7/5/2019,12:45:31 PM,1,B1_R2,6,0.001219791,5.015315168,142.7737553,0.03345933,0.816962262,38.8809,186,2019,,45
7/5/2019,12:47:38 PM,2,B1_R2,6,0.002793647,6.85425836,254.8243282,0.087465231,0.816962262,37.88101935,186,2019,,45
7/5/2019,12:49:12 PM,3,B1_R2,6,0.001581993,6.790297228,134.7112266,0.043897276,0.816962262,38.95025161,186,2019,,45
7/12/2019,5:59:12 AM,1,B1_R2,1,0.009608473,-0.268028085,396.8752706,2.766666006,0.8120701,15.47796452,193,2019,1,45
7/12/2019,6:02:57 AM,1,B1_R2,3,0.003354439,-0.203003638,394.5586467,0.357696054,0.819749354,17.35332903,193,2019,1,45
7/12/2019,6:05:43 AM,1,B1_R2,4,0.000472761,-0.121783382,397.6611193,0.047469767,0.787027048,18.07088387,193,2019,1,45
7/12/2019,9:15:20 AM,1,B1_R2,1,0.00285185,26.83163421,63.32359438,0.145861697,0.822410922,30.11626774,193,2019,2,45
7/12/2019,9:16:40 AM,2,B1_R2,1,0.003636297,13.42952493,282.8177854,0.212846069,0.822410922,28.85205161,193,2019,2,45
7/12/2019,9:18:01 AM,3,B1_R2,1,0.001488624,8.703462056,189.6109323,0.071681755,0.822410922,29.96215484,193,2019,2,45
7/12/2019,9:20:18 AM,1,B1_R2,4,0.002236247,11.18021609,223.1182253,0.111595611,0.822410922,30.02209355,193,2019,2,45
7/12/2019,9:21:42 AM,2,B1_R2,4,0.000711956,9.783377909,3.120382236,0.040760271,0.822410922,28.48455806,193,2019,2,45
7/12/2019,9:23:07 AM,3,B1_R2,4,0.000744834,6.404010631,103.9411153,0.035900436,0.822410922,30.06099032,193,2019,2,45
7/12/2019,9:24:31 AM,1,B1_R2,6,0.002265526,9.770635638,256.3355955,0.119788045,0.822410922,29.60148065,193,2019,2,45
7/12/2019,9:25:30 AM,2,B1_R2,6,0.002421419,12.94732689,209.0468082,0.120154368,0.822410922,30.10839355,193,2019,2,45
7/12/2019,9:26:39 AM,3,B1_R2,6,0.00239914,10.27668395,237.6623965,0.111809987,0.822410922,30.51914516,193,2019,2,45
7/12/2019,11:42:44 AM,1,B1_R2,1,0.004618973,14.32453465,209.3451721,0.135993241,0.822410922,38.57989355,193,2019,3,45
7/12/2019,11:44:25 AM,2,B1_R2,1,0.003701015,12.55510268,181.4166602,0.101984226,0.822410922,39.1308,193,2019,3,45
7/12/2019,11:45:37 AM,3,B1_R2,1,0.002814954,9.294065363,217.6135817,0.090787234,0.822410922,37.85098065,193,2019,3,45
7/12/2019,11:49:42 AM,3,B1_R2,1,0.002440556,9.376721311,155.8233764,0.067130574,0.822410922,39.08886774,193,2019,3,45
7/12/2019,11:51:33 AM,2,B1_R2,4,0.002241343,8.545366276,155.5770298,0.060895762,0.822410922,39.25699677,193,2019,3,45
7/12/2019,11:52:53 AM,3,B1_R2,4,0.002084773,7.516572113,159.3636634,0.054420387,0.822410922,39.68217097,193,2019,3,45
7/12/2019,11:54:38 AM,1,B1_R2,6,0.002437284,7.782352477,188.6349084,0.065638272,0.822410922,39.35910645,193,2019,3,45
7/12/2019,11:55:56 AM,2,B1_R2,6,0.00305233,10.55900812,179.5946887,0.084745261,0.822410922,39.03484516,193,2019,3,45
7/12/2019,11:57:29 AM,3,B1_R2,6,0.003056695,10.59417356,190.6217129,0.089362867,0.822410922,38.41214194,193,2019,3,45
7/12/2019,1:53:15 PM,1,B1_R2,1,0.001906665,5.010580459,205.4721747,0.046643538,0.822410922,41.25996129,193,2019,4,45
7/12/2019,1:54:55 PM,2,B1_R2,1,0.004181783,11.09963914,202.3172239,0.103303637,0.822410922,41.76323871,193,2019,4,45
7/12/2019,1:55:53 PM,3,B1_R2,1,0.001931033,3.793705677,244.2235224,0.045396828,0.822410922,42.06882581,193,2019,4,45
7/12/2019,1:59:51 PM,1,B1_R2,4,0.001962238,6.162026974,141.3821578,0.042093273,0.822410922,43.12103226,193,2019,4,45
7/12/2019,2:00:57 PM,2,B1_R2,4,0.000470759,0.910350796,240.5600138,0.010654615,0.822410922,42.72960645,193,2019,4,45
7/12/2019,2:02:02 PM,3,B1_R2,4,0.00080487,1.658906606,219.3058916,0.016968553,0.822410922,43.5331871,193,2019,4,45
7/12/2019,2:04:37 PM,1,B1_R2,6,0.002884366,7.92196731,189.8908222,0.068635048,0.822410922,42.3809871,193,2019,4,45
7/12/2019,2:05:51 PM,2,B1_R2,6,0.003091516,5.969529642,236.519808,0.069899481,0.822410922,42.95057742,193,2019,4,45
7/12/2019,2:07:04 PM,3,B1_R2,6,0.002106753,3.077061893,268.7596422,0.046753155,0.822410922,42.78296129,193,2019,4,45
7/12/2019,5:04:56 PM,1,B1_R2,1,0.003297823,7.01828474,220.1030983,0.072993255,0.760068969,43.67421935,193,2019,5,45
7/12/2019,5:06:23 PM,2,B1_R2,1,0.001492091,3.253762542,201.7631791,0.030041576,0.760068969,44.37282258,193,2019,5,45
7/12/2019,5:07:49 PM,3,B1_R2,1,0.002746389,4.730730817,252.7805292,0.0620088,0.760068969,43.48618387,193,2019,5,45
7/12/2019,5:10:12 PM,1,B1_R2,4,0.001255127,3.157612147,177.6878335,0.025698389,0.760068969,44.17663871,193,2019,5,45
7/12/2019,5:12:35 PM,2,B1_R2,4,0.002908298,6.438450677,207.8702258,0.062091469,0.760068969,43.90611613,193,2019,5,45
7/12/2019,5:14:23 PM,3,B1_R2,4,0.002137702,4.209741487,235.9875884,0.048252657,0.760068969,43.16754839,193,2019,5,45
7/12/2019,5:16:50 PM,1,B1_R2,6,0.002565002,5.798252882,211.3190279,0.056787551,0.760068969,43.29178065,193,2019,5,45
7/12/2019,5:18:18 PM,2,B1_R2,6,0.002838181,6.111942169,212.8543326,0.06070474,0.760068969,43.52749032,193,2019,5,45
7/12/2019,5:19:43 PM,3,B1_R2,6,0.002281388,5.547108138,195.2696748,0.049831299,0.760068969,43.19630645,193,2019,5,45
7/12/2019,7:18:38 PM,1,B1_R2,1,0.000273272,3.346061051,28.75164456,0.014646138,0.822410922,35.2038871,193,2019,6,45
7/12/2019,7:20:07 PM,2,B1_R2,1,0.000264917,1.832364639,179.0353903,0.013844345,0.822410922,35.53990323,193,2019,6,45
7/12/2019,7:21:16 PM,3,B1_R2,1,0.000428306,1.321213711,284.3701969,0.020457416,0.822410922,36.09856452,193,2019,6,45
7/12/2019,7:22:58 PM,1,B1_R2,4,0.000635591,2.925793299,248.6878408,0.033424892,0.822410922,35.40150968,193,2019,6,45
7/12/2019,7:24:29 PM,2,B1_R2,4,-0.000126244,0.042321748,397.4387595,-0.006058456,0.822410922,35.92575161,193,2019,6,45
7/12/2019,7:25:38 PM,3,B1_R2,4,0.000716123,5.42368865,158.8041014,0.037666466,0.822410922,35.62665806,193,2019,6,45
7/12/2019,7:27:10 PM,1,B1_R2,6,0.000453673,4.744885228,37.73999127,0.021763186,0.822410922,35.62038065,193,2019,6,45
7/12/2019,7:28:22 PM,2,B1_R2,6,0.000768501,6.160541415,135.5656348,0.038988488,0.822410922,35.70656129,193,2019,6,45
7/12/2019,7:30:08 PM,3,B1_R2,6,0.000234017,3.066372105,-0.100193839,0.012487279,0.822410922,35.00036129,193,2019,6,45
7/1/2019,6:42:35 AM,1,B1_R3,1,0.000436003,-0.368374766,406.3840625,0.04724394,0.799029274,16.84455806,182,2019,1,55
7/1/2019,6:46:42 AM,1,B1_R3,2,0.000579275,-0.391471933,403.741637,0.061876098,0.796087586,17.08590323,182,2019,1,55
7/1/2019,6:49:40 AM,1,B1_R3,3,0.000437196,-0.19419534,400.6396105,0.046425061,0.79372617,17.13870323,182,2019,1,55
7/1/2019,6:52:28 AM,1,B1_R3,4,0.00044059,-0.406812413,408.0656241,0.046259348,0.78578376,17.27844839,182,2019,1,55
7/1/2019,6:56:27 AM,1,B1_R3,5,0.000580583,-0.288840517,401.2744282,0.059978269,0.798401135,17.57198387,182,2019,1,55
7/1/2019,7:00:50 AM,1,B1_R3,6,0.000630067,-0.653118422,410.0786813,0.064142145,0.786186126,17.8859129,182,2019,1,55
7/1/2019,10:48:55 AM,1,B1_R3,5,0.002954477,13.34067892,176.0730435,0.112374942,0.774975295,33.65927419,182,2019,2,55
7/1/2019,10:50:46 AM,2,B1_R3,5,0.00338554,13.2411987,232.7489192,0.156796656,0.774975295,32.73459355,182,2019,2,55
7/1/2019,10:52:21 AM,3,B1_R3,5,0.002478936,10.96637094,187.6063836,0.096100362,0.774975295,33.85357419,182,2019,2,55
7/1/2019,10:55:57 AM,1,B1_R3,3,0.002966654,12.41801304,200.3018586,0.118605415,0.774975295,33.80741935,182,2019,2,55
7/1/2019,10:58:15 AM,2,B1_R3,3,0.001248156,6.540434381,173.0777394,0.050941417,0.774975295,33.4014871,182,2019,2,55
7/1/2019,10:59:36 AM,3,B1_R3,3,0.0012418,6.4274635,163.579308,0.047883067,0.774975295,34.06585806,182,2019,2,55
7/1/2019,11:01:51 AM,1,B1_R3,1,0.003356039,12.10960459,238.0381053,0.148911246,0.774975295,33.06014516,182,2019,2,55
7/1/2019,11:03:59 AM,2,B1_R3,1,0.004286224,12.84320814,233.3783407,0.156848414,0.774975295,33.72395806,182,2019,2,55
7/1/2019,11:05:59 AM,3,B1_R3,1,0.002302065,11.40895003,182.6377792,0.096969747,0.774975295,33.39360645,182,2019,2,55
7/1/2019,2:35:46 PM,1,B1_R3,3,0.001241527,4.105058146,177.5625418,0.033162273,0.774975295,38.92656774,182,2019,3,55
7/1/2019,2:37:48 PM,2,B1_R3,3,0.001694671,4.73945518,201.380732,0.044010868,0.774975295,38.83617097,182,2019,3,55
7/1/2019,2:39:47 PM,3,B1_R3,3,0.001347316,4.916535392,167.7818469,0.037860517,0.774975295,38.70799677,182,2019,3,55
7/1/2019,2:42:29 PM,1,B1_R3,1,0.00375354,10.53053607,215.4621729,0.112379351,0.774975295,38.17498387,182,2019,3,55
7/1/2019,2:44:11 PM,2,B1_R3,1,0.002541881,8.160297765,199.2924481,0.076446127,0.774975295,37.98518065,182,2019,3,55
7/1/2019,2:46:08 PM,3,B1_R3,1,0.002732918,8.63935243,199.8322732,0.081652577,0.774975295,38.01490645,182,2019,3,55
7/1/2019,2:47:41 PM,1,B1_R3,5,0.003162486,9.100560217,222.2627234,0.099260974,0.774975295,37.74487097,182,2019,3,55
7/1/2019,2:49:11 PM,2,B1_R3,5,0.001694815,6.252104185,180.3735962,0.051656923,0.774975295,37.53138387,182,2019,3,55
7/1/2019,2:50:25 PM,3,B1_R3,5,0.002166383,7.976508261,184.4804641,0.067856448,0.774975295,37.65013548,182,2019,3,55
7/1/2019,5:22:42 PM,1,B1_R3,1,0.001550056,6.21277795,165.4659925,0.047358541,0.774975295,37.33525517,182,2019,4,55
7/1/2019,5:25:02 PM,2,B1_R3,1,0.001661013,6.729656416,175.1009237,0.053808229,0.774975295,36.99026897,182,2019,4,55
7/1/2019,5:26:30 PM,3,B1_R3,1,0.001282772,5.530778733,140.6278309,0.037493664,0.774975295,37.79345862,182,2019,4,55
7/1/2019,5:29:00 PM,1,B1_R3,3,0.001143946,5.413267358,137.2935728,0.035967821,0.774975295,37.26753103,182,2019,4,55
7/1/2019,5:31:34 PM,2,B1_R3,3,0.00077954,3.626851206,121.1601449,0.022408153,0.774975295,38.06926207,182,2019,4,55
7/1/2019,5:33:31 PM,3,B1_R3,3,0.001504493,6.040769057,158.6799411,0.044571943,0.774975295,37.83286207,182,2019,4,55
7/1/2019,5:35:29 PM,1,B1_R3,5,0.00261384,8.451490122,225.1027793,0.092168729,0.774975295,36.2344,182,2019,4,55
7/1/2019,5:37:07 PM,2,B1_R3,5,0.000835339,3.962531245,132.345947,0.025620083,0.774975295,36.93328966,182,2019,4,55
7/1/2019,5:38:46 PM,3,B1_R3,5,0.001956144,6.176496854,227.0083835,0.066709644,0.774975295,36.05339655,182,2019,4,55
7/1/2019,7:10:58 PM,1,B1_R3,3,0.000948099,4.379266572,201.5481088,0.038998393,0.774975295,32.65560645,182,2019,5,55
7/1/2019,7:13:33 PM,2,B1_R3,3,0.000883825,4.722435615,175.8299553,0.036726663,0.774975295,32.59582258,182,2019,5,55
7/1/2019,7:15:16 PM,3,B1_R3,3,0.000992854,3.181334533,261.3112119,0.04206676,0.774975295,32.41323548,182,2019,5,55
7/5/2019,1:15:30 PM,1,B1_R3,2,0.001066431,4.782565555,102.4214325,0.027336982,0.816962262,40.44964839,186,2019,,55
7/5/2019,1:19:23 PM,2,B1_R3,2,0.0000703,0.931431315,-434.9542083,0.001783222,0.816962262,40.42323548,186,2019,,55
7/5/2019,1:21:09 PM,3,B1_R3,2,0.000694646,3.409621263,88.91781914,0.018483947,0.816962262,39.78973226,186,2019,,55
7/5/2019,1:25:24 PM,1,B1_R3,2,0.001112906,2.472221172,241.675122,0.028840056,0.816962262,40.0325871,186,2019,,55
7/5/2019,1:26:45 PM,2,B1_R3,2,0.000930756,4.473107572,88.88313989,0.024304114,0.816962262,39.98445161,186,2019,,55
7/5/2019,1:28:53 PM,3,B1_R3,2,0.000448887,2.489077103,53.51695653,0.011992746,0.816962262,39.63552581,186,2019,,55
7/5/2019,1:33:21 PM,1,B1_R3,1,0.001497373,5.313442851,179.3551507,0.042040296,0.816962262,39.1942129,186,2019,,55
7/5/2019,1:35:24 PM,2,B1_R3,1,0.001048718,3.977612954,154.6102094,0.027988763,0.816962262,39.64921935,186,2019,,55
7/5/2019,1:36:52 PM,3,B1_R3,1,0.003071923,9.270696699,187.6814669,0.078156509,0.816962262,39.39177419,186,2019,,55
7/12/2019,6:10:24 AM,1,B1_R3,3,0.000290103,-0.15529315,402.194433,0.028663087,0.809573994,18.53711935,193,2019,1,55
7/12/2019,6:13:14 AM,1,B1_R3,4,0.000263739,-0.135401621,401.75417,0.024889987,0.804893088,18.66429355,193,2019,1,55
7/12/2019,6:16:22 AM,1,B1_R3,6,-0.000150973,-0.172671559,375.0636488,-0.014487868,0.790739217,17.93438065,193,2019,1,55
7/12/2019,8:36:57 AM,1,B1_R3,2,0.002467314,13.08303421,241.0005093,0.146494243,0.822410922,27.26682581,193,2019,2,55
7/12/2019,8:37:58 AM,2,B1_R3,2,0.001526682,7.126888991,251.0363965,0.082773742,0.822410922,27.52564839,193,2019,2,55
7/12/2019,8:40:55 AM,1,B1_R3,3,0.004759212,17.06783172,303.0413478,0.345821204,0.822410922,26.62061935,193,2019,2,55
7/12/2019,8:42:41 AM,2,B1_R3,3,0.00207199,12.20504706,215.8704304,0.114461009,0.822410922,27.9173871,193,2019,2,55
7/12/2019,8:43:29 AM,3,B1_R3,3,0.002621347,13.83993157,238.8932411,0.153128636,0.822410922,27.75072903,193,2019,2,55
7/12/2019,8:45:00 AM,1,B1_R3,6,0.00235253,14.04912616,234.8882539,0.150424507,0.822410922,27.46264194,193,2019,2,55
7/12/2019,8:46:35 AM,2,B1_R3,6,0.002017911,12.0159067,222.3296848,0.117336245,0.822410922,27.82433226,193,2019,2,55
7/12/2019,8:47:51 AM,3,B1_R3,6,0.000982522,8.583658491,116.3127078,0.050370392,0.822410922,28.70557097,193,2019,2,55
7/12/2019,1:28:51 PM,1,B1_R3,3,0.001174883,2.411957498,231.0803641,0.026576329,0.822410922,41.3076871,193,2019,4,55
7/12/2019,1:30:33 PM,2,B1_R3,3,0.000857941,3.929745004,44.77170774,0.018706243,0.822410922,42.29696452,193,2019,4,55
7/12/2019,1:31:39 PM,3,B1_R3,3,0.000177166,1.47065771,-170.7878241,0.004191511,0.822410922,41.69473548,193,2019,4,55
7/12/2019,1:33:53 PM,1,B1_R3,6,0.001775279,5.401054663,189.2063194,0.045639126,0.822410922,41.18726774,193,2019,4,55
7/12/2019,1:35:22 PM,2,B1_R3,6,0.00010422,0.441030101,77.13316171,0.002315979,0.822410922,42.31950968,193,2019,4,55
7/12/2019,1:36:31 PM,3,B1_R3,6,0.001766099,3.105402382,281.0887094,0.051837101,0.822410922,40.13526774,193,2019,4,55
7/12/2019,1:38:20 PM,1,B1_R3,2,0.003333579,7.651333805,242.2729956,0.090876367,0.822410922,40.93109677,193,2019,4,55
7/12/2019,1:39:31 PM,2,B1_R3,2,0.001491064,6.814629241,86.35388646,0.037199333,0.822410922,41.41233226,193,2019,4,55
7/12/2019,1:40:39 PM,3,B1_R3,2,0.001233528,0.266976719,354.7692456,0.026044076,0.822410922,42.5583129,193,2019,4,55
7/12/2019,4:45:05 PM,1,B1_R3,2,0.002607017,4.342293075,232.5342508,0.050100332,0.760068969,45.5954871,193,2019,5,55
7/12/2019,4:46:52 PM,2,B1_R3,2,0.005179159,8.432190739,243.4045814,0.106436698,0.760068969,45.07365484,193,2019,5,55
7/12/2019,4:48:53 PM,3,B1_R3,2,0.002812831,5.339412003,206.8635373,0.053052769,0.760068969,45.71845484,193,2019,5,55
7/12/2019,4:50:52 PM,1,B1_R3,3,0.001515656,2.502289701,237.5424902,0.029651575,0.760068969,45.45516129,193,2019,5,55
7/12/2019,4:52:57 PM,2,B1_R3,3,0.00257443,4.482781039,235.0031446,0.052192884,0.760068969,45.08961613,193,2019,5,55
7/12/2019,4:54:50 PM,3,B1_R3,3,0.002390998,4.457927931,225.1059375,0.048220153,0.760068969,44.95268065,193,2019,5,55
7/12/2019,4:56:47 PM,1,B1_R3,6,0.00171071,3.408102491,218.7193364,0.035070955,0.760068969,44.66787419,193,2019,5,55
7/12/2019,4:58:24 PM,2,B1_R3,6,0.001527276,3.402864579,197.5422735,0.030710335,0.760068969,44.74019355,193,2019,5,55
7/12/2019,4:59:31 PM,3,B1_R3,6,0.003249205,6.481043263,222.1216413,0.06858259,0.760068969,44.40524194,193,2019,5,55
7/12/2019,7:04:11 PM,1,B1_R3,2,0.000777236,4.937170903,127.9139179,0.030252252,0.822410922,37.11292903,193,2019,6,55
7/12/2019,7:05:43 PM,2,B1_R3,2,-0.000297583,1.746243715,593.7142053,-0.013259823,0.822410922,36.30489355,193,2019,6,55
7/12/2019,7:06:41 PM,3,B1_R3,2,-0.0002546,2.250396801,722.4449052,-0.010466052,0.822410922,36.95787419,193,2019,6,55
7/12/2019,7:08:04 PM,1,B1_R3,3,0.000265549,3.395284941,-101.8659428,0.010973188,0.822410922,36.94844516,193,2019,6,55
7/12/2019,7:09:21 PM,2,B1_R3,3,0.00042707,1.37848856,264.7551813,0.018145283,0.822410922,36.79595806,193,2019,6,55
7/12/2019,7:10:32 PM,3,B1_R3,3,-0.0000692,0.748070269,805.2259797,-0.002788741,0.822410922,37.00128065,193,2019,6,55
7/12/2019,7:12:22 PM,1,B1_R3,6,0.001071935,5.242401758,214.2027396,0.04874753,0.822410922,36.28300323,193,2019,6,55
7/12/2019,7:13:27 PM,2,B1_R3,6,-0.000167802,1.981660073,822.2698452,-0.007109021,0.822410922,36.77969032,193,2019,6,55
7/12/2019,7:14:38 PM,3,B1_R3,6,0.000815484,4.640512134,188.3994461,0.037250462,0.822410922,36.46245161,193,2019,6,55
7/1/2019,6:07:39 AM,1,B2_R1,1,0.005237989,-1.970576798,400.1853771,0.505969697,0.804640887,18.4246129,182,2019,1,13
7/1/2019,6:16:47 AM,1,B2_R1,2,0.000578843,-0.272095615,401.0788436,0.064868056,0.803408493,17.51141935,182,2019,1,13
7/1/2019,6:59:36 AM,1,B2_R1,3,0.001216083,-0.586752627,401.407251,0.129472842,0.767223676,18.23453226,182,2019,1,13
7/1/2019,7:02:46 AM,1,B2_R1,4,0.001557746,-0.610203929,399.8486514,0.171647569,0.770235532,18.43944194,182,2019,1,13
7/1/2019,7:05:42 AM,1,B2_R1,5,0.001088828,-0.019288296,393.16619,0.106583648,0.80507587,19.24469032,182,2019,1,13
7/1/2019,7:08:41 AM,1,B2_R1,6,0.001180347,-0.273990547,397.2213525,0.128082516,0.7983072,18.57373871,182,2019,1,13
7/1/2019,10:25:15 AM,1,B2_R1,1,0.006291224,22.96166195,270.1409098,0.340370204,0.776632986,29.83678065,182,2019,2,13
7/1/2019,10:29:28 AM,1,B2_R1,3,0.005729366,21.86397268,264.5413958,0.304151015,0.776632986,30.30765484,182,2019,2,13
7/1/2019,10:31:11 AM,1,B2_R1,3,0.002549312,11.69341151,216.4957511,0.113284848,0.776632986,31.03400323,182,2019,2,13
7/1/2019,10:33:00 AM,3,B2_R1,3,0.001555007,9.667062674,156.588288,0.067990706,0.776632986,31.50944516,182,2019,2,13
7/1/2019,10:36:06 AM,2,B2_R1,2,0.003556583,15.56370116,228.4894421,0.162624296,0.776632986,31.43958387,182,2019,2,13
7/1/2019,10:39:10 AM,3,B2_R1,2,0.004721561,15.39373511,267.4883416,0.222543662,0.776632986,31.72643226,182,2019,2,13
7/1/2019,10:42:55 AM,1,B2_R1,5,0.005612761,18.81882297,267.6251651,0.294033047,0.776632986,31.50556452,182,2019,2,13
7/1/2019,10:44:37 AM,2,B2_R1,5,0.004219871,18.17469474,211.8542544,0.173484982,0.776632986,32.61564516,182,2019,2,13
7/1/2019,10:46:37 AM,3,B2_R1,5,0.005143307,20.51799216,235.4687094,0.227561321,0.776632986,32.51732903,182,2019,2,13
7/1/2019,1:55:20 PM,1,B2_R1,3,0.001478096,6.076131758,179.3338898,0.047182869,0.776632986,35.83712258,182,2019,3,13
7/1/2019,1:57:01 PM,2,B2_R1,3,0.003636827,14.99111306,190.7722173,0.126568304,0.776632986,35.49753871,182,2019,3,13
7/1/2019,1:59:56 PM,3,B2_R1,3,0.003264312,14.01288657,185.3390934,0.11439862,0.776632986,35.34234516,182,2019,3,13
7/1/2019,2:03:46 PM,1,B2_R1,1,0.006310222,18.55534911,244.4470209,0.223179556,0.776632986,35.74459677,182,2019,3,13
7/1/2019,2:06:02 PM,2,B2_R1,1,0.007917368,21.8039033,258.6025185,0.292610639,0.776632986,35.4307129,182,2019,3,13
7/1/2019,2:08:16 PM,3,B2_R1,1,0.006265498,18.51590505,246.9154548,0.224120818,0.776632986,35.53932903,182,2019,3,13
7/1/2019,2:10:46 PM,1,B2_R1,5,0.006950627,21.02013856,249.2394813,0.260678067,0.776632986,35.35385484,182,2019,3,13
7/1/2019,2:13:21 PM,2,B2_R1,5,0.005125658,15.86348975,205.3719941,0.147566086,0.776632986,36.21145484,182,2019,3,13
7/1/2019,2:14:41 PM,2,B2_R1,5,0.004321486,14.12167847,192.7931764,0.121598033,0.776632986,36.35403226,182,2019,3,13
7/1/2019,4:31:10 PM,1,B2_R1,1,0.003383389,13.29229351,194.8101566,0.114576442,0.776632986,35.48988387,182,2019,4,13
7/1/2019,4:33:32 PM,2,B2_R1,1,0.004927933,14.34318415,247.984713,0.174061959,0.776632986,35.39140968,182,2019,4,13
7/1/2019,4:34:51 PM,3,B2_R1,1,0.003637563,13.41658264,205.7664243,0.122641207,0.776632986,35.71260645,182,2019,4,13
7/1/2019,4:37:10 PM,1,B2_R1,3,0.002256117,9.778290624,175.5306911,0.075539286,0.776632986,35.68856774,182,2019,4,13
7/1/2019,4:39:56 PM,2,B2_R1,3,0.00277901,12.56081857,153.0592993,0.088584065,0.776632986,36.38897742,182,2019,4,13
7/1/2019,4:42:23 PM,3,B2_R1,3,0.003063872,12.4299998,177.4782912,0.097845856,0.776632986,36.71197419,182,2019,4,13
7/1/2019,4:44:43 PM,1,B2_R1,5,0.005175553,17.73849029,221.8118361,0.181416523,0.776632986,36.07112258,182,2019,4,13
7/1/2019,4:46:01 PM,2,B2_R1,5,0.004631519,15.95343701,219.564711,0.159001226,0.776632986,36.07316774,182,2019,4,13
7/1/2019,4:47:43 PM,3,B2_R1,5,0.002626021,10.43286519,181.8940994,0.083517137,0.776632986,36.55325806,182,2019,4,13
7/1/2019,6:56:40 PM,1,B2_R1,3,0.000714584,4.859461011,130.9317568,0.030257861,0.776632986,31.75909355,182,2019,5,13
7/1/2019,6:58:26 PM,2,B2_R1,3,-0.0000157,6.79312361,16452.68573,-0.000663651,0.776632986,31.70617097,182,2019,5,13
7/1/2019,6:59:30 PM,3,B2_R1,3,0.000430581,2.95173606,137.6536275,0.018762848,0.776632986,31.5273129,182,2019,5,13
7/5/2019,2:36:43 PM,1,B2_R1,1,0.0078301,17.79680773,276.6764386,0.279253169,0.816962262,36.70593871,186,2019,,13
7/5/2019,2:38:57 PM,1,B2_R1,2,0.008267369,19.7119367,265.5453753,0.286118346,0.816962262,37.16290323,186,2019,,13
7/5/2019,2:40:55 PM,1,B2_R1,3,0.001558607,5.155776655,186.4373522,0.042487941,0.816962262,39.02925161,186,2019,,13
7/5/2019,2:43:42 PM,1,B2_R1,4,0.005961462,15.03903427,237.1998874,0.177382578,0.816962262,38.94256774,186,2019,,13
7/5/2019,2:46:25 PM,1,B2_R1,5,0.005346702,13.35937149,224.3369497,0.14512825,0.816962262,39.97177742,186,2019,,13
7/5/2019,2:48:18 PM,1,B2_R1,6,0.005354322,12.30031836,262.7416545,0.170909623,0.816962262,38.89827097,186,2019,,13
7/12/2019,6:47:06 AM,1,B2_R1,3,0.004369294,-0.427871412,395.6579085,0.510189546,0.797820416,16.59808387,193,2019,1,13
7/12/2019,6:49:06 AM,1,B2_R1,4,0.002034236,3.90140129,348.4278727,0.166393149,0.797310138,18.98087419,193,2019,1,13
7/12/2019,6:51:56 AM,1,B2_R1,5,0.000622398,-0.113810832,395.7549928,0.055620409,0.822410922,19.51495806,193,2019,1,13
7/12/2019,8:05:20 AM,1,B2_R1,2,0.002666916,13.11906203,270.5148125,0.180416327,0.760068969,24.89854839,193,2019,2,13
7/12/2019,8:08:40 AM,2,B2_R1,2,0.001934081,11.50173127,239.0544649,0.124409659,0.760068969,25.35013548,193,2019,2,13
7/12/2019,8:10:15 AM,3,B2_R1,2,0.001620791,8.191205257,264.4008365,0.106802657,0.760068969,25.24028387,193,2019,2,13
7/12/2019,8:16:17 AM,1,B2_R1,3,0.005148863,8.157672398,340.2109791,0.282659371,0.760068969,26.52320968,193,2019,2,13
7/12/2019,8:18:14 AM,2,B2_R1,3,0.001425389,8.07078735,225.4121603,0.079919279,0.760068969,27.15197742,193,2019,2,13
7/12/2019,8:20:23 AM,3,B2_R1,3,0.004514789,16.26294423,295.1216343,0.292900104,0.760068969,26.89474839,193,2019,2,13
7/12/2019,8:22:46 AM,1,B2_R1,6,0.002101833,8.087030417,284.3607085,0.127138098,0.760068969,27.25042258,193,2019,2,13
7/12/2019,8:24:31 AM,2,B2_R1,6,0.001006157,6.920560602,178.6597658,0.053220589,0.760068969,28.15654194,193,2019,2,13
7/12/2019,8:27:23 AM,3,B2_R1,6,0.001807691,9.690120366,233.7535307,0.102134464,0.760068969,27.79490968,193,2019,2,13
7/12/2019,10:52:52 AM,1,B2_R1,2,0.005206949,17.00738068,255.7973928,0.218083687,0.760068969,32.59940968,193,2019,3,13
7/12/2019,10:54:55 AM,2,B2_R1,2,0.008279713,23.57819752,279.896812,0.384882162,0.760068969,32.40198387,193,2019,3,13
7/12/2019,10:57:10 AM,3,B2_R1,2,0.007496973,22.99163602,267.034681,0.329555699,0.760068969,32.77557742,193,2019,3,13
7/12/2019,10:59:33 AM,1,B2_R1,3,0.004474277,18.30618469,202.6776287,0.165535688,0.760068969,34.44494516,193,2019,3,13
7/12/2019,11:01:52 AM,2,B2_R1,3,0.001250757,7.744396075,64.87192518,0.038694612,0.760068969,36.07393871,193,2019,3,13
7/12/2019,11:03:35 AM,3,B2_R1,3,0.00292527,12.50484077,177.1880422,0.098273106,0.760068969,35.81109355,193,2019,3,13
7/12/2019,11:06:15 AM,1,B2_R1,6,0.008147206,21.44731676,276.6224235,0.337838877,0.760068969,34.49771613,193,2019,3,13
7/12/2019,11:08:13 AM,2,B2_R1,6,0.006321188,17.3821141,262.8231967,0.238629981,0.760068969,34.9516129,193,2019,3,13
7/12/2019,11:10:52 AM,3,B2_R1,6,0.006756719,18.47693745,258.9619943,0.248758239,0.760068969,35.62887419,193,2019,3,13
7/12/2019,1:20:28 PM,1,B2_R1,2,0.007951145,17.7096672,268.3020725,0.26268403,0.760068969,37.94197097,193,2019,4,13
7/12/2019,1:22:09 PM,2,B2_R1,2,0.007865127,18.61200379,262.2383557,0.260697295,0.760068969,38.0647,193,2019,4,13
7/12/2019,1:23:50 PM,3,B2_R1,2,0.006255014,17.33628302,222.0881317,0.179572941,0.760068969,39.21763548,193,2019,4,13
7/12/2019,1:26:54 PM,1,B2_R1,3,0.002705412,8.780010511,168.7751888,0.067172985,0.760068969,40.72550645,193,2019,4,13
7/12/2019,1:29:39 PM,2,B2_R1,3,0.001254228,4.731950396,128.4343536,0.030101447,0.760068969,41.28217097,193,2019,4,13
7/12/2019,1:32:12 PM,3,B2_R1,3,0.001828648,4.371671475,215.8034501,0.043288248,0.760068969,41.59592581,193,2019,4,13
7/12/2019,1:35:03 PM,1,B2_R1,6,0.007958042,15.03458326,266.3055939,0.224121593,0.760068969,40.54950968,193,2019,4,13
7/12/2019,1:36:57 PM,2,B2_R1,6,0.010952089,20.70485135,272.9133011,0.336907632,0.760068969,39.97036129,193,2019,4,13
7/12/2019,1:38:38 PM,3,B2_R1,6,0.009996689,20.8266505,265.6497748,0.310212087,0.760068969,39.62925161,193,2019,4,13
7/12/2019,4:23:26 PM,1,B2_R1,2,0.003197748,5.187673795,256.6608429,0.071804489,0.822410922,43.56703871,193,2019,5,13
7/12/2019,4:25:02 PM,2,B2_R1,2,0.00202472,2.663613783,271.2658932,0.041716058,0.822410922,43.27386452,193,2019,5,13
7/12/2019,4:26:22 PM,3,B2_R1,2,0.002441797,4.637808579,253.0398168,0.059912399,0.822410922,42.40943548,193,2019,5,13
7/12/2019,4:30:01 PM,1,B2_R1,3,0.002979269,7.284626111,207.6977239,0.069352433,0.822410922,42.78285806,193,2019,5,13
7/12/2019,4:32:44 PM,2,B2_R1,3,0.000453252,1.749106686,95.31554002,0.009833434,0.822410922,43.15775806,193,2019,5,13
7/12/2019,4:34:02 PM,3,B2_R1,3,0.00341329,6.923223194,248.0067145,0.086516029,0.822410922,42.00686452,193,2019,5,13
7/12/2019,4:36:13 PM,1,B2_R1,6,0.007117378,14.27960508,258.3249905,0.197360664,0.822410922,40.69154194,193,2019,5,13
7/12/2019,4:37:54 PM,3,B2_R1,6,0.006482608,15.07309982,228.6827188,0.169084588,0.822410922,41.51764516,193,2019,5,13
7/12/2019,4:40:25 PM,3,B2_R1,6,0.003181683,6.19425492,237.8657213,0.072172191,0.822410922,42.62169032,193,2019,5,13
7/12/2019,6:48:21 PM,1,B2_R1,2,0.002093998,3.54862241,286.0771848,0.061973557,0.760068969,38.72442258,193,2019,6,13
7/12/2019,6:51:10 PM,2,B2_R1,2,0.001870046,2.796469538,314.1667608,0.06572624,0.760068969,37.17391935,193,2019,6,13
7/12/2019,6:54:36 PM,3,B2_R1,2,0.000646195,-0.032079864,381.8126543,0.01963588,0.760068969,38.0651871,193,2019,6,13
7/12/2019,6:56:02 PM,1,B2_R1,4,0.002385409,4.627838629,281.7275086,0.075493377,0.760068969,37.70803548,193,2019,6,13
7/12/2019,6:58:04 PM,2,B2_R1,4,0.001564361,2.399844196,302.3289381,0.04893619,0.760068969,37.58043871,193,2019,6,13
7/12/2019,7:00:07 PM,3,B2_R1,4,0.001380093,4.772690836,204.7958035,0.043020313,0.760068969,37.45975484,193,2019,6,13
7/12/2019,7:03:00 PM,1,B2_R1,6,0.001608823,5.573031807,209.9199992,0.051780911,0.760068969,37.08862581,193,2019,6,13
7/12/2019,7:04:38 PM,2,B2_R1,6,0.002924277,8.449849987,244.0332928,0.098540466,0.760068969,36.71735161,193,2019,6,13
7/12/2019,7:06:09 PM,3,B2_R1,6,0.001099924,3.984515827,206.8792016,0.03603693,0.760068969,36.68913226,193,2019,6,13
7/1/2019,7:57:08 AM,1,B2_R2,1,0.000531189,-0.911869198,424.7146872,0.04246967,0.792101855,21.50962581,182,2019,1,27
7/1/2019,8:01:44 AM,1,B2_R2,2,0.001798707,-0.803317826,401.0900178,0.143325345,0.754947762,22.13279032,182,2019,1,27
7/1/2019,8:04:56 AM,1,B2_R2,3,0.001670277,-0.584673776,399.0121199,0.128305501,0.763298677,22.66264516,182,2019,1,27
7/1/2019,8:07:28 AM,1,B2_R2,4,0.000351411,-0.439763578,419.3392947,0.024712822,0.760209974,23.38511613,182,2019,1,27
7/1/2019,8:16:39 AM,1,B2_R2,5,0.002081833,-0.639253484,397.8410844,0.144376311,0.768870798,24.31470968,182,2019,1,27
7/1/2019,8:23:45 AM,1,B2_R2,6,0.002168925,-1.210304091,403.9109082,0.146060412,0.774276284,25.15136129,182,2019,1,27
7/1/2019,11:14:54 AM,1,B2_R2,1,0.002030546,8.764169705,178.0516089,0.071985248,0.774975295,34.88515806,182,2019,2,27
7/1/2019,11:16:51 AM,2,B2_R2,1,0.002820945,9.578995227,218.071725,0.100677857,0.774975295,34.1340129,182,2019,2,27
7/1/2019,11:18:35 AM,3,B2_R2,1,0.001213244,8.037777581,53.17930211,0.039819592,0.774975295,35.27841613,182,2019,2,27
7/1/2019,11:21:03 AM,1,B2_R2,4,0.002827411,9.706717678,218.7735802,0.1025,0.774975295,34.87414839,182,2019,2,27
7/1/2019,11:23:14 AM,2,B2_R2,4,0.002472552,9.629732972,201.5251871,0.090730312,0.774975295,34.96168387,182,2019,2,27
7/1/2019,11:24:56 AM,3,B2_R2,4,0.00256525,9.42681706,203.4683109,0.090092818,0.774975295,35.25123871,182,2019,2,27
7/1/2019,11:26:41 AM,1,B2_R2,5,0.002855849,11.77694429,192.5891048,0.107041832,0.774975295,35.10036774,182,2019,2,27
7/1/2019,11:28:15 AM,2,B2_R2,5,0.002251336,9.126234091,189.0525503,0.079758262,0.774975295,35.52789355,182,2019,2,27
7/1/2019,11:29:28 AM,3,B2_R2,5,0.002685427,11.432286,176.7060632,0.095334628,0.774975295,35.5103,182,2019,2,27
7/1/2019,3:33:58 PM,1,B2_R2,1,0.001050124,6.903536469,17.91991897,0.03080104,0.774975295,37.4550129,182,2019,3,27
7/1/2019,3:35:50 PM,2,B2_R2,1,0.001085377,4.021028554,188.8234923,0.033932733,0.774975295,37.19454194,182,2019,3,27
7/1/2019,3:37:12 PM,3,B2_R2,1,0.001258092,3.933167009,202.5358518,0.036122967,0.774975295,38.05035806,182,2019,3,27
7/1/2019,3:39:21 PM,1,B2_R2,4,0.002077316,6.519766183,200.0992122,0.060444444,0.774975295,38.23367097,182,2019,3,27
7/1/2019,3:41:42 PM,2,B2_R2,4,0.00239227,7.055704404,209.1641112,0.069610804,0.774975295,38.62490645,182,2019,3,27
7/1/2019,3:43:30 PM,3,B2_R2,4,0.003414152,9.961312442,217.4099857,0.106120853,0.774975295,38.33871613,182,2019,3,27
7/1/2019,3:44:48 PM,1,B2_R2,5,0.001439875,5.033155684,169.1000777,0.039038473,0.774975295,39.36743226,182,2019,3,27
7/1/2019,3:46:10 PM,2,B2_R2,5,0.001708972,4.780208593,200.6948178,0.04423952,0.774975295,40.00549355,182,2019,3,27
7/1/2019,3:47:27 PM,3,B2_R2,5,0.001341033,4.164535409,184.3548709,0.034882933,0.774975295,39.98418387,182,2019,3,27
7/1/2019,6:01:39 PM,1,B2_R2,5,0.001155216,6.073751593,146.6247074,0.041878321,0.774975295,35.2192069,182,2019,4,27
7/1/2019,6:03:10 PM,2,B2_R2,5,0.000782864,3.218533045,175.3805876,0.025111585,0.774975295,36.12191034,182,2019,4,27
7/1/2019,6:04:42 PM,3,B2_R2,5,0.001759451,7.582564279,170.7112637,0.059565459,0.774975295,35.81378966,182,2019,4,27
7/1/2019,6:07:11 PM,1,B2_R2,4,0.002538997,9.757580206,189.9019585,0.086533905,0.774975295,35.90994483,182,2019,4,27
7/1/2019,6:09:41 PM,2,B2_R2,4,3.38E-05,1.702819795,-1940.891813,0.001147125,0.774975295,35.67847241,182,2019,4,27
7/1/2019,6:11:26 PM,3,B2_R2,4,0.001657809,5.222379596,233.4434165,0.058136892,0.774975295,35.65158966,182,2019,4,27
7/1/2019,6:13:42 PM,1,B2_R2,1,0.002365307,7.415379993,235.6609547,0.085830505,0.774975295,35.37157586,182,2019,4,27
7/1/2019,6:15:44 PM,2,B2_R2,1,0.001446298,5.474272458,207.7411152,0.051515229,0.774975295,35.36106897,182,2019,4,27
7/1/2019,6:17:07 PM,3,B2_R2,1,0.000375239,2.404330273,80.49379645,0.012629927,0.774975295,35.61174828,182,2019,4,27
7/1/2019,7:32:33 PM,1,B2_R2,4,0.000644443,3.449734146,190.3544989,0.028548974,0.774975295,31.30564194,182,2019,5,27
7/1/2019,7:34:53 PM,2,B2_R2,4,0.00063083,2.711275259,234.8506246,0.02899061,0.774975295,31.02519355,182,2019,5,27
7/5/2019,3:09:56 PM,1,B2_R2,1,0.000633323,1.735665079,194.9370925,0.015087996,0.816962262,41.18886774,186,2019,,27
7/5/2019,3:12:44 PM,1,B2_R2,2,0.001346012,4.021905514,183.7561935,0.032951617,0.816962262,41.26336129,186,2019,,27
7/5/2019,3:14:45 PM,1,B2_R2,3,0.003042466,8.706931386,188.5648562,0.074506998,0.816962262,41.45729032,186,2019,,27
7/5/2019,3:17:11 PM,1,B2_R2,4,0.003711959,10.28831892,192.8351607,0.090169935,0.816962262,41.88883548,186,2019,,27
7/5/2019,3:19:42 PM,1,B2_R2,5,0.001012123,2.909125175,179.2165055,0.023370577,0.816962262,42.34254516,186,2019,,27
7/5/2019,3:21:38 PM,1,B2_R2,6,0.000705068,2.601460517,111.2374618,0.015565847,0.816962262,42.7566129,186,2019,,27
7/12/2019,6:44:37 AM,1,B2_R2,3,0.000126526,-0.130100566,411.2957857,0.011133675,0.765708207,19.57885806,193,2019,1,27
7/12/2019,6:47:01 AM,1,B2_R2,4,0.012337044,-0.278701309,397.7935474,18.83417341,0.73248053,16.51324516,193,2019,1,27
7/12/2019,6:50:42 AM,1,B2_R2,5,0.011391722,-1.072669795,397.3875277,4.777641143,0.760068969,16.67747742,193,2019,1,27
7/12/2019,9:45:11 AM,1,B2_R2,5,0.001042752,6.696579495,151.6540207,0.045481818,0.822410922,31.10134839,193,2019,2,27
7/12/2019,9:46:20 AM,2,B2_R2,5,0.000705298,7.416047177,9.078182162,0.031071599,0.822410922,31.09524516,193,2019,2,27
7/12/2019,9:47:17 AM,3,B2_R2,5,0.002020155,11.87946658,204.1309044,0.105169895,0.822410922,30.25180968,193,2019,2,27
7/12/2019,9:50:03 AM,1,B2_R2,4,0.002526317,9.925384179,246.4082419,0.115881022,0.822410922,31.44090323,193,2019,2,27
7/12/2019,9:51:11 AM,2,B2_R2,4,0.003402023,13.03681411,262.8059788,0.173475405,0.822410922,30.74919032,193,2019,2,27
7/12/2019,9:52:13 AM,3,B2_R2,4,0.001320532,8.315700474,187.2563893,0.066401053,0.822410922,30.4963129,193,2019,2,27
7/12/2019,9:53:53 AM,1,B2_R2,2,0.002957502,12.08390396,241.0978442,0.136619476,0.822410922,31.71496774,193,2019,2,27
7/12/2019,9:55:02 AM,2,B2_R2,2,0.002632089,11.19592963,245.7171119,0.128563838,0.822410922,31.19672903,193,2019,2,27
7/12/2019,9:56:11 AM,3,B2_R2,2,0.002453683,11.79782341,203.499159,0.10453121,0.822410922,32.33277742,193,2019,2,27
7/12/2019,12:25:03 PM,1,B2_R2,2,0.004871916,15.92523349,197.4326417,0.142018008,0.822410922,39.00489677,193,2019,3,27
7/12/2019,12:26:39 PM,2,B2_R2,2,0.003934241,10.78717694,215.7678242,0.10630243,0.822410922,39.50862258,193,2019,3,27
7/12/2019,12:28:41 PM,3,B2_R2,2,0.002858107,10.32965645,159.0113456,0.075547973,0.822410922,39.7972129,193,2019,3,27
7/12/2019,12:31:08 PM,1,B2_R2,4,0.005003134,12.4065334,233.3972269,0.140078313,0.822410922,39.04401613,193,2019,3,27
7/12/2019,12:32:28 PM,2,B2_R2,4,0.004461043,12.58647135,208.5406168,0.119476528,0.822410922,39.82011935,193,2019,3,27
7/12/2019,12:33:55 PM,3,B2_R2,4,0.003659473,10.66999426,194.7977718,0.095704433,0.822410922,40.03266452,193,2019,3,27
7/12/2019,12:36:45 PM,1,B2_R2,6,0.003242422,10.57245543,183.8773714,0.086888471,0.822410922,39.92495806,193,2019,3,27
7/12/2019,12:39:09 PM,2,B2_R2,6,0.003087046,8.647522312,197.4023732,0.076825651,0.822410922,40.88582258,193,2019,3,27
7/12/2019,12:40:02 PM,3,B2_R2,6,0.004724157,11.92851473,207.6513966,0.114122644,0.822410922,40.90586452,193,2019,3,27
7/12/2019,2:49:40 PM,1,B2_R2,2,0.00397717,23.10635166,7.74723815,0.100163064,0.822410922,41.18093871,193,2019,4,27
7/12/2019,2:51:37 PM,2,B2_R2,2,0.002753061,8.033488477,178.0762648,0.063233865,0.822410922,42.21637419,193,2019,4,27
7/12/2019,2:52:40 PM,3,B2_R2,2,0.003406756,9.092657256,197.7672258,0.081494533,0.822410922,41.99555806,193,2019,4,27
7/12/2019,2:54:03 PM,1,B2_R2,4,0.002743876,6.744088686,234.7232521,0.075877594,0.822410922,40.87954839,193,2019,4,27
7/12/2019,2:55:32 PM,2,B2_R2,4,0.003041375,8.74028931,219.6012146,0.088279168,0.822410922,40.82942581,193,2019,4,27
7/12/2019,2:56:37 PM,3,B2_R2,4,0.001837559,5.413046115,158.7162529,0.039587423,0.822410922,43.14388065,193,2019,4,27
7/12/2019,3:00:08 PM,1,B2_R2,6,0.000250105,2.039398633,-178.9814308,0.005734211,0.822410922,42.75929032,193,2019,4,27
7/12/2019,3:03:38 PM,2,B2_R2,6,0.002936375,5.630090264,228.9892678,0.062289182,0.822410922,43.8142,193,2019,4,27
7/12/2019,3:04:52 PM,3,B2_R2,6,0.003072666,6.562121963,214.9186985,0.065883044,0.822410922,43.60327097,193,2019,4,27
7/12/2019,5:40:34 PM,1,B2_R2,2,0.004495119,10.62279508,232.9851712,0.118159871,0.760068969,40.94537419,193,2019,5,27
7/12/2019,5:42:42 PM,2,B2_R2,2,0.006429689,13.59271319,254.6208105,0.18000072,0.760068969,40.59436129,193,2019,5,27
7/12/2019,5:44:41 PM,3,B2_R2,2,0.003893997,9.02623675,229.0779292,0.098656354,0.760068969,41.3243129,193,2019,5,27
7/12/2019,5:46:22 PM,1,B2_R2,4,0.003660811,18.53078802,65.99099306,0.098186631,0.760068969,41.04832258,193,2019,5,27
7/12/2019,5:47:47 PM,2,B2_R2,4,0.000210065,1.675832236,-190.6459887,0.004599954,0.760068969,42.22209355,193,2019,5,27
7/12/2019,5:49:30 PM,3,B2_R2,4,0.005200586,10.24921647,255.8321292,0.137831747,0.760068969,41.27089677,193,2019,5,27
7/12/2019,5:51:09 PM,1,B2_R2,5,0.001891398,5.487565422,185.0671343,0.045550466,0.760068969,41.7567129,193,2019,5,27
7/12/2019,5:53:44 PM,2,B2_R2,5,0.001736359,4.559224804,191.0932463,0.039548045,0.760068969,42.31786452,193,2019,5,27
7/12/2019,5:55:17 PM,3,B2_R2,5,0.003137554,8.005364754,205.4298115,0.075481226,0.760068969,41.80631613,193,2019,5,27
7/12/2019,7:55:19 PM,1,B2_R2,2,0.001164819,-0.555716456,361.5274789,0.045791296,0.822410922,33.45411935,193,2019,6,27
7/12/2019,7:56:38 PM,2,B2_R2,2,0.000159374,-2.626192193,994.45086,0.006121691,0.822410922,33.71876774,193,2019,6,27
7/12/2019,7:57:53 PM,3,B2_R2,2,0.000216692,-1.993905008,675.0386886,0.008488393,0.822410922,33.52411613,193,2019,6,27
7/12/2019,7:59:37 PM,1,B2_R2,4,0.000637242,0.385803498,257.8811732,0.025937752,0.822410922,33.1507129,193,2019,6,27
7/12/2019,8:00:49 PM,2,B2_R2,4,0.000649407,0.4635023,239.4976335,0.025573915,0.822410922,33.43026774,193,2019,6,27
7/12/2019,8:01:57 PM,3,B2_R2,4,0.000166845,-0.806006625,447.7568699,0.006677488,0.822410922,33.18208387,193,2019,6,27
7/12/2019,8:03:15 PM,1,B2_R2,5,0.000578855,-0.411868223,271.0152913,0.025991507,0.822410922,32.33416452,193,2019,6,27
7/12/2019,8:04:26 PM,2,B2_R2,5,0.0000785,-0.62865193,557.7465097,0.003047878,0.822410922,33.34003871,193,2019,6,27
7/12/2019,8:07:05 PM,3,B2_R2,5,0.000320322,7.384400933,-517.2261832,0.013195055,0.822410922,32.79175484,193,2019,6,27
7/1/2019,7:22:30 AM,1,B2_R3,1,0.001259472,-0.463552193,399.4013028,0.116144071,0.789688383,20.1835,182,2019,1,75
7/1/2019,7:25:43 AM,1,B2_R3,2,0.000909254,-0.582494842,404.5820369,0.08125856,0.802667543,20.52970645,182,2019,1,75
7/1/2019,7:29:14 AM,1,B2_R3,3,0.000147302,-0.531255116,465.5946116,0.011529403,0.671280547,21.66527419,182,2019,1,75
7/1/2019,7:33:26 AM,1,B2_R3,4,0.000534624,-0.09338596,395.9329255,0.048775011,0.779514005,20.9617,182,2019,1,75
7/1/2019,7:39:14 AM,1,B2_R3,6,0.001037249,-0.400273123,399.7123611,0.082505477,0.7601517,22.25240323,182,2019,1,75
7/1/2019,7:41:37 AM,1,B2_R3,5,0.000447044,-0.577986406,417.4847252,0.037486487,0.777900175,22.00336129,182,2019,1,75
7/1/2019,11:21:29 AM,1,B2_R3,1,0.001936571,9.539611056,172.0845732,0.072627816,0.776632986,34.0980129,182,2019,2,75
7/1/2019,11:24:23 AM,2,B2_R3,1,0.002131976,9.830801864,193.0389281,0.083137483,0.776632986,34.04624839,182,2019,2,75
7/1/2019,11:26:07 AM,3,B2_R3,1,0.002313139,10.03091303,206.4321401,0.090980522,0.776632986,34.04584516,182,2019,2,75
7/1/2019,11:28:35 AM,1,B2_R3,3,0.000857937,4.935248923,127.5874805,0.030527665,0.776632986,34.74722258,182,2019,2,75
7/1/2019,11:30:23 AM,2,B2_R3,3,0.000322459,1.405016033,183.5357608,0.011183533,0.776632986,35.1116871,182,2019,2,75
7/1/2019,11:32:29 AM,3,B2_R3,3,0.000705804,3.226540203,170.7059827,0.024055047,0.776632986,35.37157742,182,2019,2,75
7/1/2019,11:35:47 AM,1,B2_R3,5,0.001799053,8.139868927,174.9582161,0.062938909,0.776632986,35.44422903,182,2019,2,75
7/1/2019,11:37:24 AM,2,B2_R3,5,0.002669666,12.00153618,189.5100408,0.100134875,0.776632986,34.88980645,182,2019,2,75
7/1/2019,11:39:20 AM,3,B2_R3,5,0.000857041,5.026085778,109.7903978,0.02916796,0.776632986,35.49200323,182,2019,2,75
7/1/2019,3:32:47 PM,3,B2_R3,1,0.001819023,6.733376488,169.645166,0.051110781,0.776632986,38.82333548,182,2019,3,75
7/1/2019,3:34:47 PM,2,B2_R3,1,0.002718484,8.184592318,186.7227403,0.068388146,0.776632986,39.09976452,182,2019,3,75
7/1/2019,3:37:48 PM,1,B2_R3,1,0.001668859,5.747383069,164.5663027,0.042612752,0.776632986,38.61599355,182,2019,3,75
7/1/2019,3:41:34 PM,1,B2_R3,3,0.001576028,7.489720486,115.269928,0.044946815,0.776632986,38.35941935,182,2019,3,75
7/1/2019,3:43:46 PM,2,B2_R3,3,0.000920857,4.463845221,110.6146305,0.026120982,0.776632986,38.28975161,182,2019,3,75
7/1/2019,3:46:22 PM,3,B2_R3,3,0.001404134,6.370224972,120.8179197,0.03899789,0.776632986,38.46984839,182,2019,3,75
7/1/2019,3:48:42 PM,1,B2_R3,5,0.001499206,6.832372061,124.5962869,0.042459514,0.776632986,38.33469355,182,2019,3,75
7/1/2019,3:50:37 PM,2,B2_R3,5,0.001187006,5.759631868,109.9503909,0.033757115,0.776632986,38.3326129,182,2019,3,75
7/1/2019,3:52:05 PM,3,B2_R3,5,0.001561506,6.236689592,148.4022766,0.042791361,0.776632986,38.75582581,182,2019,3,75
7/1/2019,5:46:58 PM,1,B2_R3,1,0.000872419,4.308286772,131.4519597,0.027229349,0.776632986,36.41580968,182,2019,4,75
7/1/2019,5:48:40 PM,2,B2_R3,1,0.000683846,5.032270817,11.77072051,0.021501749,0.776632986,36.39224516,182,2019,4,75
7/1/2019,5:50:29 PM,3,B2_R3,1,0.001955789,8.816622209,160.7091909,0.063572964,0.776632986,36.12866774,182,2019,4,75
7/1/2019,5:53:26 PM,1,B2_R3,3,0.001712603,8.115201465,152.3519592,0.056265949,0.776632986,36.05834516,182,2019,4,75
7/1/2019,5:56:28 PM,2,B2_R3,3,0.001246956,6.759845003,117.5890922,0.04053514,0.776632986,35.93160323,182,2019,4,75
7/1/2019,5:58:20 PM,3,B2_R3,3,0.00110906,6.103129323,105.2226316,0.034921523,0.776632986,36.26008387,182,2019,4,75
7/1/2019,6:01:10 PM,1,B2_R3,5,0.001113716,4.922866357,160.6340733,0.035262326,0.776632986,36.21389032,182,2019,4,75
7/1/2019,6:02:53 PM,2,B2_R3,5,0.001362862,6.840315849,141.4582655,0.045076874,0.776632986,35.93413871,182,2019,4,75
7/1/2019,6:04:53 PM,3,B2_R3,5,0.000676622,3.413105519,129.0871296,0.021345202,0.776632986,36.28584516,182,2019,4,75
7/1/2019,7:16:13 PM,1,B2_R3,3,0.000895907,5.385977039,162.8241993,0.038430794,0.776632986,31.38888065,182,2019,5,75
7/1/2019,7:17:55 PM,2,B2_R3,3,0.00039575,3.172214433,81.35551673,0.016448407,0.776632986,31.58214839,182,2019,5,75
7/1/2019,7:19:50 PM,3,B2_R3,3,-0.000084,-0.14863268,320.1278089,-0.003554617,0.776632986,31.3994129,182,2019,5,75
7/5/2019,1:46:45 PM,1,B2_R3,6,0.001229807,5.742087629,97.43784574,0.032167651,0.816962262,39.69787742,186,2019,,75
7/5/2019,1:49:11 PM,2,B2_R3,6,0.000110997,1.681634402,-518.1430591,0.002918912,0.816962262,39.88920645,186,2019,,75
7/5/2019,1:51:58 PM,1,B2_R3,5,0.000703628,3.43557139,80.45185621,0.018140004,0.816962262,40.22030323,186,2019,,75
7/5/2019,1:54:05 PM,1,B2_R3,3,0.000599472,2.816723878,69.99579069,0.014397191,0.816962262,40.99531935,186,2019,,75
7/5/2019,1:55:42 PM,1,B2_R3,3,-0.000844111,2.849951134,595.4380203,-0.019881498,0.816962262,41.11310968,186,2019,,75
7/5/2019,1:57:43 PM,1,B2_R3,1,0.001841483,5.153095519,185.4847118,0.043017114,0.816962262,40.83513226,186,2019,,75
7/5/2019,1:59:11 PM,1,B2_R3,2,0.000965034,3.081604102,171.8270073,0.023619135,0.816962262,40.37371935,186,2019,,75
7/12/2019,6:13:46 AM,1,B2_R3,5,0.008109649,-0.587724003,396.8082602,1.398157772,0.784358067,15.6826871,193,2019,1,75
7/12/2019,6:17:22 AM,1,B2_R3,3,0.011690081,-2.603939706,395.01105,8.464463542,0.758441217,16.11504516,193,2019,1,75
7/12/2019,6:19:53 AM,1,B2_R3,4,0.000892714,1.104853801,366.7033142,0.072931786,0.807621704,17.55034839,193,2019,1,75
7/12/2019,8:12:16 AM,1,B2_R3,1,0.000957429,8.589748764,187.0570493,0.067661459,0.822410922,23.82338387,193,2019,2,75
7/12/2019,8:15:25 AM,2,B2_R3,1,0.00075253,5.017142893,241.8582112,0.053833936,0.822410922,24.33866129,193,2019,2,75
7/12/2019,8:17:08 AM,3,B2_R3,1,0.001840505,11.23623607,227.7496357,0.113614202,0.822410922,25.74385161,193,2019,2,75
7/12/2019,8:19:55 AM,1,B2_R3,3,0.001024941,7.327245388,206.2490288,0.064462934,0.822410922,25.77224516,193,2019,2,75
7/12/2019,8:22:00 AM,2,B2_R3,3,0.00047091,3.739864236,197.7516164,0.031080627,0.822410922,25.52311613,193,2019,2,75
7/12/2019,8:23:57 AM,3,B2_R3,3,0.001557371,10.1223714,214.911546,0.094195103,0.822410922,26.57866774,193,2019,2,75
7/12/2019,8:26:04 AM,1,B2_R3,5,0.000834895,7.188418392,169.2860696,0.052402987,0.822410922,26.36355806,193,2019,2,75
7/12/2019,8:28:01 AM,2,B2_R3,5,0.001512853,11.46838588,171.3782287,0.085864741,0.822410922,27.23615161,193,2019,2,75
7/12/2019,8:29:44 AM,3,B2_R3,5,0.000136274,1.357333114,99.74757774,0.007455751,0.822410922,27.33054839,193,2019,2,75
7/12/2019,10:58:53 AM,1,B2_R3,1,0.002692453,12.72361115,175.1923351,0.098532895,0.822410922,33.80627097,193,2019,3,75
7/12/2019,11:02:18 AM,2,B2_R3,1,0.002120867,9.81061918,152.0272271,0.068028231,0.822410922,35.37519032,193,2019,3,75
7/12/2019,11:03:53 AM,3,B2_R3,1,0.002136565,9.102836764,174.080062,0.070145264,0.822410922,35.45262258,193,2019,3,75
7/12/2019,11:06:18 AM,1,B2_R3,3,0.001801851,9.153309637,134.4480115,0.059061073,0.822410922,35.8745871,193,2019,3,75
7/12/2019,11:09:16 AM,2,B2_R3,3,0.001485767,7.791974606,112.7968858,0.046145938,0.822410922,36.62914839,193,2019,3,75
7/12/2019,11:11:17 AM,3,B2_R3,3,0.000813771,4.520268096,84.72598925,0.024124449,0.822410922,37.13824839,193,2019,3,75
7/12/2019,11:13:01 AM,1,B2_R3,5,0.001406322,6.728294688,131.4708794,0.04272417,0.822410922,36.98471613,193,2019,3,75
7/12/2019,11:14:46 AM,2,B2_R3,5,0.001387763,6.381352741,147.252744,0.04334806,0.822410922,36.80908387,193,2019,3,75
7/12/2019,11:17:12 AM,3,B2_R3,5,0.001983314,7.897720134,185.5210317,0.064279203,0.822410922,36.73483226,193,2019,3,75
7/12/2019,1:12:59 PM,1,B2_R3,1,0.002024682,16.6092833,-39.76681111,0.062071446,0.822410922,37.63066129,193,2019,4,75
7/12/2019,1:14:42 PM,2,B2_R3,1,0.001096802,2.801185579,249.1037462,0.032914129,0.822410922,38.01166774,193,2019,4,75
7/12/2019,1:15:46 PM,3,B2_R3,1,0.00114041,5.799664591,68.2076118,0.02923416,0.822410922,39.65088387,193,2019,4,75
7/12/2019,1:18:09 PM,1,B2_R3,3,0.000265877,1.723455001,26.74353455,0.007646584,0.822410922,38.98999355,193,2019,4,75
7/12/2019,1:19:30 PM,2,B2_R3,3,0.002287106,7.365186242,165.9280921,0.056165526,0.822410922,40.88432258,193,2019,4,75
7/12/2019,1:21:23 PM,1,B2_R3,5,0.001153461,7.745736069,-84.37278406,0.026548906,0.822410922,41.55980968,193,2019,4,75
7/12/2019,1:23:44 PM,2,B2_R3,5,0.000664354,2.057645571,175.4367395,0.016104494,0.822410922,41.24661935,193,2019,4,75
7/12/2019,1:24:51 PM,3,B2_R3,5,0.001288209,4.03014194,164.1240094,0.029922659,0.822410922,41.8166129,193,2019,4,75
7/12/2019,4:19:37 PM,1,B2_R3,1,0.00534913,9.45586752,228.5999164,0.106291064,0.760068969,45.92441935,193,2019,5,75
7/12/2019,4:25:11 PM,2,B2_R3,1,0.001721585,4.134712204,162.7242436,0.031464992,0.760068969,46.68834839,193,2019,5,75
7/12/2019,4:26:29 PM,3,B2_R3,1,0.003267487,6.464387629,199.3522785,0.060163142,0.760068969,46.75633548,193,2019,5,75
7/12/2019,4:28:38 PM,1,B2_R3,3,0.002365182,4.45936155,189.8242383,0.040377904,0.760068969,46.75265806,193,2019,5,75
7/12/2019,4:30:53 PM,2,B2_R3,3,0.002020519,5.83737884,122.1438218,0.037238081,0.760068969,46.51259355,193,2019,5,75
7/12/2019,4:33:09 PM,3,B2_R3,3,0.00101267,3.686338814,60.05102347,0.018528134,0.760068969,46.54236774,193,2019,5,75
7/12/2019,4:35:17 PM,1,B2_R3,5,0.001129341,3.374774242,111.0508531,0.020388351,0.760068969,46.66584839,193,2019,5,75
7/12/2019,4:37:32 PM,2,B2_R3,5,0.001218459,1.535109124,255.7872605,0.02157117,0.760068969,46.77562903,193,2019,5,75
7/12/2019,4:39:17 PM,3,B2_R3,5,0.002150426,2.583335307,264.8916851,0.039485625,0.760068969,46.49091613,193,2019,5,75
7/12/2019,6:50:07 PM,1,B2_R3,1,0.000996937,4.591261352,162.7351868,0.033363987,0.822410922,38.42467097,193,2019,6,75
7/12/2019,6:51:30 PM,2,B2_R3,1,0.001226984,3.858797756,261.0191442,0.050607095,0.822410922,37.0674,193,2019,6,75
7/12/2019,6:52:43 PM,3,B2_R3,1,0.000418937,3.292393802,38.81710346,0.01506169,0.822410922,37.82916129,193,2019,6,75
7/12/2019,6:53:56 PM,1,B2_R3,3,0.001350936,4.689364164,252.4997317,0.056476308,0.822410922,37.08101935,193,2019,6,75
7/12/2019,6:55:10 PM,2,B2_R3,3,0.001069551,4.094351937,212.3446012,0.038097588,0.822410922,38.06715484,193,2019,6,75
7/12/2019,6:56:22 PM,3,B2_R3,3,0.000492375,4.156371485,3.308280705,0.017231849,0.822410922,38.03987419,193,2019,6,75
7/12/2019,6:57:41 PM,1,B2_R3,5,0.000697255,1.33464844,299.0299373,0.025223051,0.822410922,37.91482258,193,2019,6,75
7/12/2019,6:59:03 PM,2,B2_R3,5,0.00064051,2.313508275,233.443784,0.0244017,0.822410922,37.47594839,193,2019,6,75
7/12/2019,7:00:09 PM,3,B2_R3,5,0.00084075,4.03536314,173.3096836,0.030407841,0.822410922,37.84646774,193,2019,6,75
7/1/2019,6:24:48 AM,1,B3_R1,1,0.010713348,-0.643141367,393.8743435,8.049132114,0.726280626,15.00880968,182,2019,1,23
7/1/2019,6:28:23 AM,1,B3_R1,2,0.000688754,-0.558438192,407.388548,0.06243124,0.772980604,17.37830645,182,2019,1,23
7/1/2019,6:40:34 AM,1,B3_R1,3,0.000613634,-0.792551454,414.2384429,0.064866674,0.788038787,17.34656452,182,2019,1,23
7/1/2019,6:43:01 AM,1,B3_R1,4,0.00038377,-0.036656513,394.9907706,0.038755631,0.742841264,17.58708065,182,2019,1,23
7/1/2019,6:48:04 AM,1,B3_R1,5,0.000970031,-0.325003628,399.0073442,0.115306749,0.794698066,16.7888129,182,2019,1,23
7/1/2019,6:52:21 AM,1,B3_R1,6,0.000887114,-0.348416154,399.8538819,0.092953042,0.787152574,17.91504194,182,2019,1,23
7/1/2019,10:52:55 AM,1,B3_R1,2,0.004507353,17.36271059,230.5974263,0.187703873,0.776632986,33.77061613,182,2019,2,23
7/1/2019,10:54:49 AM,2,B3_R1,2,0.002824266,11.7290978,217.8838338,0.113248806,0.776632986,33.51747097,182,2019,2,23
7/1/2019,10:56:29 AM,3,B3_R1,2,0.003724841,12.38146963,247.9952507,0.148174115,0.776632986,32.67070645,182,2019,2,23
7/1/2019,10:59:41 AM,1,B3_R1,4,0.004019244,16.11635536,226.6541516,0.168585563,0.776632986,33.27857097,182,2019,2,23
7/1/2019,11:01:32 AM,2,B3_R1,4,0.005819756,21.01882151,254.0012038,0.271897817,0.776632986,32.82329677,182,2019,2,23
7/1/2019,11:03:14 AM,3,B3_R1,4,0.004607822,18.5439626,228.6713963,0.196375782,0.776632986,33.30872258,182,2019,2,23
7/1/2019,11:05:36 AM,1,B3_R1,6,0.002857181,16.01984652,158.9554518,0.116795946,0.776632986,33.58403871,182,2019,2,23
7/1/2019,11:08:08 AM,2,B3_R1,6,0.00329423,17.6406501,149.0078352,0.132392556,0.776632986,33.76073226,182,2019,2,23
7/1/2019,11:09:41 AM,3,B3_R1,6,0.003213016,15.68968011,172.9780519,0.12547321,0.776632986,33.86976774,182,2019,2,23
7/1/2019,2:21:30 PM,1,B3_R1,2,0.004539192,16.19705376,227.6826865,0.169616775,0.776632986,35.43870645,182,2019,3,23
7/1/2019,2:23:02 PM,2,B3_R1,2,0.003768968,13.81394283,198.9930196,0.122010558,0.776632986,36.61781935,182,2019,3,23
7/1/2019,2:25:30 PM,3,B3_R1,2,0.004489386,14.71397494,222.6154823,0.150084379,0.776632986,36.43987742,182,2019,3,23
7/1/2019,2:27:58 PM,1,B3_R1,4,0.00542294,17.91081292,218.5986236,0.179482712,0.776632986,36.55679032,182,2019,3,23
7/1/2019,2:29:37 PM,2,B3_R1,4,0.00369347,13.43243286,196.8329456,0.117014384,0.776632986,36.86296774,182,2019,3,23
7/1/2019,2:31:37 PM,3,B3_R1,4,0.004484215,14.45484804,222.0993098,0.146928939,0.776632986,36.67391935,182,2019,3,23
7/1/2019,2:35:30 PM,1,B3_R1,6,0.00267961,10.84731678,173.0972189,0.083269215,0.776632986,36.92019677,182,2019,3,23
7/1/2019,2:37:17 PM,2,B3_R1,6,0.004137835,13.12834597,211.6438564,0.125368339,0.776632986,36.21372258,182,2019,3,23
7/1/2019,2:43:46 PM,3,B3_R1,6,0.003650556,13.22801853,189.9495035,0.111680838,0.776632986,37.4278,182,2019,3,23
7/1/2019,4:57:34 PM,1,B3_R1,4,0.001944756,8.898537757,154.3898874,0.062527799,0.776632986,36.39059355,182,2019,4,23
7/1/2019,5:22:05 PM,2,B3_R1,4,0.003565097,12.67166698,209.0408775,0.117361964,0.776632986,36.18320323,182,2019,4,23
7/1/2019,5:23:30 PM,3,B3_R1,4,0.003606312,11.31795722,239.5431865,0.127666812,0.776632986,35.70008387,182,2019,4,23
7/1/2019,5:26:29 PM,1,B3_R1,6,0.001481198,7.284739345,145.701685,0.048824469,0.776632986,36.12433548,182,2019,4,23
7/1/2019,5:30:59 PM,2,B3_R1,6,0.002530221,8.000271506,190.0716152,0.067597382,0.776632986,37.35751613,182,2019,4,23
7/1/2019,5:32:17 PM,3,B3_R1,6,0.003120491,9.93875023,181.6692605,0.080998529,0.776632986,37.64630968,182,2019,4,23
7/1/2019,5:34:25 PM,1,B3_R1,2,0.002252242,7.582976691,169.1157707,0.058193788,0.776632986,37.36979677,182,2019,4,23
7/1/2019,5:35:50 PM,2,B3_R1,2,0.001596421,6.521187471,145.2751854,0.044016375,0.776632986,37.15815806,182,2019,4,23
7/1/2019,5:37:21 PM,3,B3_R1,2,0.002481587,10.57094925,159.8187204,0.076702598,0.776632986,37.13735806,182,2019,4,23
7/1/2019,7:03:45 PM,1,B3_R1,4,0.000527802,3.139943496,159.6641642,0.022069017,0.776632986,31.86111935,182,2019,5,23
7/1/2019,7:05:28 PM,2,B3_R1,4,0.000626846,4.082276369,138.8501148,0.026213075,0.776632986,31.85647097,182,2019,5,23
7/1/2019,7:07:25 PM,3,B3_R1,4,0.000648519,4.207690292,154.7337198,0.028813785,0.776632986,31.3314871,182,2019,5,23
7/5/2019,2:53:41 PM,1,B3_R1,1,0.004299566,11.35831551,214.3880724,0.112483191,0.816962262,40.42150323,186,2019,,23
7/5/2019,2:56:25 PM,1,B3_R1,2,0.003467571,12.21479163,180.044167,0.104678076,0.816962262,39.18845484,186,2019,,23
7/5/2019,2:58:19 PM,1,B3_R1,3,0.005175066,14.604777,204.4143431,0.139332667,0.816962262,40.27065806,186,2019,,23
7/5/2019,3:00:20 PM,1,B3_R1,4,0.003659229,8.627964835,245.965355,0.105620373,0.816962262,39.98556129,186,2019,,23
7/5/2019,3:02:27 PM,1,B3_R1,5,0.002920513,7.996379919,219.5274841,0.080647628,0.816962262,40.09236129,186,2019,,23
7/5/2019,3:03:52 PM,1,B3_R1,6,0.003196318,9.277973886,199.9297342,0.083546104,0.816962262,40.61388065,186,2019,,23
7/12/2019,6:34:27 AM,1,B3_R1,3,0.005930093,3.608094815,374.0035727,0.697185826,0.804472523,18.08977097,193,2019,1,23
7/12/2019,6:37:02 AM,1,B3_R1,4,0.012227876,0.305974576,392.0243085,6.6215255,0.786233719,17.39317742,193,2019,1,23
7/12/2019,6:40:27 AM,1,B3_R1,2,0.010629375,-0.554428776,395.1716121,2.687315234,0.801241597,17.18078387,193,2019,1,23
7/12/2019,8:31:53 AM,1,B3_R1,2,0.003932018,15.40580085,275.8242049,0.230806361,0.760068969,27.99614194,193,2019,2,23
7/12/2019,8:34:28 AM,2,B3_R1,2,0.001261591,9.175695151,159.4137699,0.065879365,0.760068969,28.74678065,193,2019,2,23
7/12/2019,8:43:47 AM,3,B3_R1,2,0.002551766,11.90454895,242.0809576,0.132700268,0.760068969,29.0934,193,2019,2,23
7/12/2019,8:46:46 AM,1,B3_R1,4,0.001000259,5.161415303,209.1001788,0.046463654,0.760068969,30.24862581,193,2019,2,23
7/12/2019,8:48:51 AM,2,B3_R1,4,0.001546047,8.290328646,205.7676577,0.074978679,0.760068969,30.15726129,193,2019,2,23
7/12/2019,8:51:01 AM,3,B3_R1,4,0.001413929,7.949691524,185.6259429,0.067168725,0.760068969,30.45232903,193,2019,2,23
7/12/2019,8:54:42 AM,1,B3_R1,5,0.002125288,13.46323042,150.2572301,0.097420757,0.760068969,31.01197742,193,2019,2,23
7/12/2019,8:56:52 AM,2,B3_R1,5,0.003905359,13.29510685,277.6315196,0.205174574,0.760068969,30.46281935,193,2019,2,23
7/12/2019,8:58:22 AM,3,B3_R1,5,0.004638765,13.59595397,290.1648465,0.241507066,0.760068969,30.36367742,193,2019,2,23
7/12/2019,11:15:37 AM,1,B3_R1,2,0.003718055,13.79704468,182.2464686,0.112152844,0.760068969,37.31860968,193,2019,3,23
7/12/2019,11:18:07 AM,2,B3_R1,2,0.003699971,12.95527481,207.521686,0.120880918,0.760068969,36.91755484,193,2019,3,23
7/12/2019,11:20:13 AM,3,B3_R1,2,0.003718138,13.6217693,181.2042056,0.110698786,0.760068969,38.03991935,193,2019,3,23
7/12/2019,11:23:01 AM,1,B3_R1,4,0.003477683,12.8110831,173.3084907,0.100093434,0.760068969,38.45733226,193,2019,3,23
7/12/2019,11:24:29 AM,2,B3_R1,4,0.00459079,14.70226109,205.9594222,0.137595385,0.760068969,38.16149677,193,2019,3,23
7/12/2019,11:26:29 AM,3,B3_R1,4,0.002376686,10.18318059,133.462419,0.066219734,0.760068969,38.80532258,193,2019,3,23
7/12/2019,11:28:21 AM,1,B3_R1,5,0.005037717,14.50517541,231.2683735,0.159921995,0.760068969,37.85497419,193,2019,3,23
7/12/2019,11:30:05 AM,2,B3_R1,5,0.007265426,19.1617698,251.7121578,0.244916207,0.760068969,37.4463871,193,2019,3,23
7/12/2019,11:31:49 AM,3,B3_R1,5,0.005496534,15.72326622,230.9513356,0.172539243,0.760068969,37.74133871,193,2019,3,23
7/12/2019,11:21:36 AM,1,B3_R1,2,0.002271405,9.164179551,164.8127737,0.067887265,0.822410922,37.43715806,193,2019,3,23
7/12/2019,11:23:22 AM,2,B3_R1,2,0.001550685,6.810498725,125.8768235,0.042657433,0.822410922,38.41455484,193,2019,3,23
7/12/2019,11:24:42 AM,3,B3_R1,2,0.002696147,9.783434097,182.8649803,0.079320038,0.822410922,37.97082258,193,2019,3,23
7/12/2019,1:43:44 PM,1,B3_R1,2,0.002016883,6.116105017,163.3674548,0.045687992,0.760068969,42.18329677,193,2019,4,23
7/12/2019,1:46:29 PM,2,B3_R1,2,0.003282684,9.938726345,181.6488371,0.08128438,0.760068969,41.47623226,193,2019,4,23
7/12/2019,1:48:20 PM,3,B3_R1,2,0.002661558,7.958331406,174.0167424,0.062711357,0.760068969,41.92781935,193,2019,4,23
7/12/2019,1:50:59 PM,1,B3_R1,4,0.002538857,8.008984686,154.5330669,0.057526729,0.760068969,42.34848387,193,2019,4,23
7/12/2019,1:53:18 PM,2,B3_R1,4,0.002058182,6.534987416,157.9678024,0.047490011,0.760068969,42.13812903,193,2019,4,23
7/12/2019,1:55:11 PM,3,B3_R1,4,0.000894435,3.515789608,87.57599995,0.019199778,0.760068969,42.87075806,193,2019,4,23
7/12/2019,1:57:06 PM,1,B3_R1,5,0.005478831,13.84795602,219.4486351,0.142499672,0.760068969,41.38526129,193,2019,4,23
7/12/2019,1:58:49 PM,2,B3_R1,5,0.008482751,16.31532956,252.4045352,0.216227174,0.760068969,41.27216774,193,2019,4,23
7/12/2019,2:00:29 PM,3,B3_R1,5,0.007513427,14.41498644,261.2848837,0.202148816,0.760068969,40.14085484,193,2019,4,23
7/12/2019,4:43:29 PM,1,B3_R1,5,0.005289836,10.78210621,257.5904266,0.145036011,0.822410922,41.06845484,193,2019,5,23
7/12/2019,4:45:11 PM,2,B3_R1,5,0.004545382,9.375481446,240.4935434,0.111365427,0.822410922,41.29751935,193,2019,5,23
7/12/2019,4:46:20 PM,3,B3_R1,5,0.005776899,13.17606527,226.3123629,0.14225875,0.822410922,41.96322581,193,2019,5,23
7/12/2019,4:49:05 PM,1,B3_R1,4,0.001325103,4.747723609,133.0714682,0.030830919,0.822410922,42.19035484,193,2019,5,23
7/12/2019,4:51:54 PM,2,B3_R1,4,0.002076058,4.602538643,235.7315332,0.053084601,0.822410922,41.53254194,193,2019,5,23
7/12/2019,4:53:09 PM,3,B3_R1,4,0.000930187,2.003394905,219.6481656,0.020504084,0.822410922,42.97583871,193,2019,5,23
7/12/2019,4:54:49 PM,1,B3_R1,2,0.002363768,5.848463297,201.4980099,0.053518587,0.822410922,42.8211,193,2019,5,23
7/12/2019,4:56:15 PM,2,B3_R1,2,0.003795451,6.229880716,268.9177586,0.09350958,0.822410922,42.01616129,193,2019,5,23
7/12/2019,4:57:51 PM,3,B3_R1,2,0.002866003,5.539194416,266.239855,0.079012785,0.822410922,41.11811613,193,2019,5,23
7/12/2019,7:11:11 PM,1,B3_R1,2,0.002412368,7.233287396,239.241698,0.081200817,0.760068969,36.52742903,193,2019,6,23
7/12/2019,7:12:46 PM,2,B3_R1,2,0.001544367,5.970714745,198.0021862,0.0515418,0.760068969,36.57057419,193,2019,6,23
7/12/2019,7:14:20 PM,3,B3_R1,2,0.002013591,7.200955741,210.0952261,0.066831752,0.760068969,36.58689677,193,2019,6,23
7/12/2019,7:16:43 PM,1,B3_R1,4,0.00098217,3.828707909,189.8685633,0.031737184,0.760068969,36.74278065,193,2019,6,23
7/12/2019,7:18:53 PM,2,B3_R1,4,0.002054749,5.681421344,255.7786369,0.071806905,0.760068969,36.10656774,193,2019,6,23
7/12/2019,7:20:33 PM,3,B3_R1,4,0.000342422,1.295227554,198.7127438,0.011118939,0.760068969,36.53709355,193,2019,6,23
7/12/2019,7:22:21 PM,1,B3_R1,5,0.001314737,4.271686085,232.4640028,0.045375838,0.760068969,36.10159032,193,2019,6,23
7/12/2019,7:24:08 PM,2,B3_R1,5,0.004159511,10.31029355,282.3222616,0.165723201,0.760068969,34.99571613,193,2019,6,23
7/12/2019,7:26:02 PM,3,B3_R1,5,0.000916065,1.315073423,310.3012991,0.02941488,0.760068969,35.78402258,193,2019,6,23
7/1/2019,8:14:35 AM,1,B3_R2,5,0.001489946,-0.729313279,401.7598529,0.114517036,0.779913178,24.27243548,182,2019,1,78
7/1/2019,8:17:27 AM,1,B3_R2,6,0.002578023,-0.761509104,397.6034458,0.210425896,0.792530252,24.41279677,182,2019,1,78
7/1/2019,8:24:02 AM,1,B3_R2,3,0.004441172,-0.928658339,394.914729,0.349765496,0.793051612,25.06167097,182,2019,1,78
7/1/2019,8:25:32 AM,1,B3_R2,4,0.003643256,-1.043575684,396.6243002,0.251356251,0.746921716,25.64961935,182,2019,1,78
7/1/2019,8:28:43 AM,1,B3_R2,1,0.004008846,-1.147463052,396.9112879,0.309140274,0.712273728,25.23516129,182,2019,1,78
7/1/2019,8:30:49 AM,1,B3_R2,2,0.00121682,-0.840925993,408.0116144,0.074721552,0.774975295,26.22520323,182,2019,1,78
7/1/2019,11:54:35 AM,1,B3_R2,5,0.00543622,19.08210172,241.4629411,0.223040698,0.776632986,34.06578387,182,2019,2,78
7/1/2019,11:56:53 AM,2,B3_R2,5,0.004459891,15.91236386,225.8020181,0.172635525,0.776632986,34.6008871,182,2019,2,78
7/1/2019,11:58:31 AM,3,B3_R2,5,0.005704068,20.36188273,232.5670139,0.224631697,0.776632986,34.46572258,182,2019,2,78
7/1/2019,12:02:11 PM,1,B3_R2,3,0.003306827,12.09347289,208.4951245,0.114594084,0.776632986,35.71550323,182,2019,2,78
7/1/2019,12:03:59 PM,2,B3_R2,3,0.004446557,13.22658256,251.5713053,0.16448002,0.776632986,35.26295806,182,2019,2,78
7/1/2019,12:05:41 PM,3,B3_R2,3,0.005580317,17.99207567,233.8180744,0.211231165,0.776632986,35.23713226,182,2019,2,78
7/1/2019,12:08:01 PM,1,B3_R2,1,0.006726048,21.27495404,244.9439033,0.265286712,0.776632986,35.31689677,182,2019,2,78
7/1/2019,12:09:40 PM,2,B3_R2,1,0.007489319,19.18680404,282.9571663,0.317477382,0.776632986,34.7862871,182,2019,2,78
7/1/2019,12:12:22 PM,3,B3_R2,1,0.00496089,15.78428027,236.188621,0.180320348,0.776632986,36.00682581,182,2019,2,78
7/1/2019,3:10:32 PM,1,B3_R2,5,0.003876737,13.52600566,193.7659404,0.11397644,0.776632986,37.87835161,182,2019,3,78
7/1/2019,3:12:14 PM,2,B3_R2,5,0.004069782,14.02364342,195.8224655,0.122909008,0.776632986,37.83892258,182,2019,3,78
7/1/2019,3:14:53 PM,3,B3_R2,5,0.002744167,9.089013907,178.6120072,0.072509996,0.776632986,38.29880968,182,2019,3,78
7/1/2019,3:17:14 PM,1,B3_R2,3,0.001986555,7.637565139,163.3663255,0.056154789,0.776632986,38.40981935,182,2019,3,78
7/1/2019,3:18:39 PM,2,B3_R2,3,0.004948619,15.87782891,213.6453731,0.15542834,0.776632986,37.7689871,182,2019,3,78
7/1/2019,3:21:17 PM,3,B3_R2,3,0.004362176,13.61591142,218.5480441,0.135771858,0.776632986,37.70596129,182,2019,3,78
7/1/2019,3:23:42 PM,1,B3_R2,1,0.003850755,12.54449283,203.3884191,0.114328523,0.776632986,38.25115806,182,2019,3,78
7/1/2019,3:25:14 PM,2,B3_R2,1,0.005407372,16.35867653,217.496804,0.164064446,0.776632986,38.18793226,182,2019,3,78
7/1/2019,3:26:35 PM,3,B3_R2,1,0.005574778,15.01618903,235.7882287,0.16911255,0.776632986,38.25566129,182,2019,3,78
7/1/2019,6:11:32 PM,1,B3_R2,1,0.001639065,7.657893605,163.024535,0.055901271,0.776632986,35.45020323,182,2019,4,78
7/1/2019,6:13:36 PM,2,B3_R2,1,0.000984645,4.512247293,164.7090346,0.032799639,0.776632986,35.49940323,182,2019,4,78
7/1/2019,6:15:23 PM,3,B3_R2,1,0.00135611,6.339558961,175.9694399,0.048568597,0.776632986,34.85359677,182,2019,4,78
7/1/2019,6:17:25 PM,1,B3_R2,3,0.001107409,5.553538989,151.9556869,0.038130076,0.776632986,35.06909677,182,2019,4,78
7/1/2019,6:19:06 PM,2,B3_R2,3,0.001318012,6.620681185,150.1426286,0.045180805,0.776632986,35.09813226,182,2019,4,78
7/1/2019,6:20:18 PM,3,B3_R2,3,0.001679509,7.363887703,193.5717658,0.061853023,0.776632986,34.62414839,182,2019,4,78
7/1/2019,6:22:37 PM,1,B3_R2,5,0.001104782,6.12717162,128.5267623,0.038139105,0.776632986,34.82642258,182,2019,4,78
7/1/2019,6:24:21 PM,2,B3_R2,5,0.001337501,6.221039834,176.9838811,0.047841479,0.776632986,34.5316,182,2019,4,78
7/1/2019,6:26:14 PM,3,B3_R2,5,0.001302784,6.595011747,175.0058391,0.050144568,0.776632986,33.79785484,182,2019,4,78
7/1/2019,7:26:48 PM,1,B3_R2,3,0.000730985,7.591495182,8.334058176,0.032782657,0.776632986,31.04414,182,2019,5,78
7/1/2019,7:27:59 PM,2,B3_R2,3,0.000654735,4.160346884,158.822304,0.029206251,0.776632986,31.21785,182,2019,5,78
7/1/2019,7:29:33 PM,3,B3_R2,3,0.000582968,2.832146546,215.9314316,0.026296558,0.776632986,31.02018,182,2019,5,78
7/5/2019,2:06:58 PM,1,B3_R2,1,0.003135064,8.224748493,216.8901144,0.081204922,0.816962262,40.11637742,186,2019,,78
7/5/2019,2:08:03 PM,1,B3_R2,2,0.004679971,13.46872308,221.0612188,0.136892604,0.816962262,39.45613548,186,2019,,78
7/5/2019,2:10:12 PM,1,B3_R2,3,0.005147153,15.49772875,215.3947557,0.154574302,0.816962262,39.76721935,186,2019,,78
7/5/2019,2:11:30 PM,1,B3_R2,4,0.005343412,9.157211046,291.3162983,0.166054429,0.816962262,39.03544516,186,2019,,78
7/5/2019,2:13:34 PM,1,B3_R2,5,0.004951318,14.03366447,220.406622,0.145021682,0.816962262,39.44146774,186,2019,,78
7/5/2019,2:14:55 PM,1,B3_R2,6,0.00526627,14.89262992,217.0460447,0.149531226,0.816962262,39.61774516,186,2019,,78
7/12/2019,6:32:26 AM,1,B3_R2,2,0.011901964,-0.335524751,397.6110281,12.39234709,0.796234184,16.23370323,193,2019,1,78
7/12/2019,6:35:34 AM,1,B3_R2,3,0.012308246,-0.553845909,398.2806266,17.59572387,0.789080419,16.32884839,193,2019,1,78
7/12/2019,6:38:24 AM,1,B3_R2,4,0.002434846,-0.56972398,397.6158152,0.215572496,0.797379443,18.59665484,193,2019,1,78
7/12/2019,9:05:30 AM,1,B3_R2,2,0.00218133,9.583485626,239.693929,0.106304013,0.760068969,30.38133548,193,2019,2,78
7/12/2019,9:07:24 AM,2,B3_R2,2,0.002004452,10.3074164,215.0598206,0.097081229,0.760068969,30.41954194,193,2019,2,78
7/12/2019,9:10:13 AM,3,B3_R2,2,0.002949917,12.44693672,246.3563727,0.14514024,0.760068969,30.53701935,193,2019,2,78
7/12/2019,9:12:24 AM,1,B3_R2,3,0.004116977,13.31829885,282.5637685,0.211054764,0.760068969,30.36829032,193,2019,2,78
7/12/2019,9:14:13 AM,2,B3_R2,3,0.003425597,12.87715484,257.7649692,0.166569935,0.760068969,30.79455161,193,2019,2,78
7/12/2019,9:15:56 AM,3,B3_R2,3,0.006193638,16.94007933,295.6269209,0.337310586,0.760068969,30.54601613,193,2019,2,78
7/12/2019,9:18:18 AM,1,B3_R2,6,0.00196152,7.879989565,249.3584205,0.093057543,0.760068969,31.15577742,193,2019,2,78
7/12/2019,9:20:28 AM,2,B3_R2,6,0.001977768,9.030560494,212.7328763,0.083914212,0.760068969,32.11573871,193,2019,2,78
7/12/2019,9:22:26 AM,3,B3_R2,6,0.004102694,14.66715563,261.4948285,0.195102981,0.760068969,31.53733871,193,2019,2,78
7/12/2019,11:42:58 AM,1,B3_R2,2,0.006037753,18.03457302,237.5415733,0.206070155,0.760068969,36.69209355,193,2019,3,78
7/12/2019,11:46:07 AM,2,B3_R2,2,0.006799779,17.31727407,249.9343615,0.219698754,0.760068969,37.3693871,193,2019,3,78
7/12/2019,11:48:00 AM,3,B3_R2,2,0.003018495,10.64266969,181.1951932,0.086240421,0.760068969,38.32132903,193,2019,3,78
7/12/2019,11:50:02 AM,1,B3_R2,3,0.005255834,15.57130046,222.7738889,0.161734219,0.760068969,38.04576129,193,2019,3,78
7/12/2019,11:52:20 AM,2,B3_R2,3,0.007094069,18.69628561,242.8582504,0.227789601,0.760068969,37.86088065,193,2019,3,78
7/12/2019,11:59:48 AM,3,B3_R2,3,0.007347879,18.54874328,245.2400272,0.227081975,0.760068969,38.4153871,193,2019,3,78
7/12/2019,12:02:06 PM,1,B3_R2,6,0.004436236,12.91700341,216.4435937,0.129788994,0.760068969,39.0434129,193,2019,3,78
7/12/2019,12:03:56 PM,2,B3_R2,6,0.003375505,9.543880161,209.3529457,0.090568432,0.760068969,39.51091935,193,2019,3,78
7/12/2019,12:06:31 PM,3,B3_R2,6,0.004183943,10.94472439,225.7134748,0.115300603,0.760068969,39.43291935,193,2019,3,78
7/12/2019,2:09:35 PM,1,B3_R2,2,0.004797001,13.26144986,201.4274137,0.122638729,0.760068969,41.3415871,193,2019,4,78
7/12/2019,2:11:55 PM,2,B3_R2,2,-0.000568076,0.673581858,456.2054868,-0.012148994,0.760068969,42.72842903,193,2019,4,78
7/12/2019,2:13:18 PM,3,B3_R2,2,0.00517356,13.71255441,199.7012388,0.127056817,0.760068969,42.18563871,193,2019,4,78
7/12/2019,2:15:11 PM,1,B3_R2,3,0.007922276,17.33259869,243.445217,0.218549473,0.760068969,41.16264839,193,2019,4,78
7/12/2019,2:16:38 PM,2,B3_R2,3,0.006851515,15.61238045,236.6405925,0.180232226,0.760068969,41.45435161,193,2019,4,78
7/12/2019,2:18:07 PM,3,B3_R2,3,0.006468672,14.52487258,233.8617896,0.164535572,0.760068969,41.77987097,193,2019,4,78
7/12/2019,2:20:59 PM,1,B3_R2,6,0.00197892,5.961360195,153.3638313,0.042781862,0.760068969,43.17954194,193,2019,4,78
7/12/2019,2:22:52 PM,2,B3_R2,6,0.005475652,11.34883068,248.9501451,0.144124288,0.760068969,41.75395484,193,2019,4,78
7/12/2019,2:24:14 PM,3,B3_R2,6,0.005464767,13.11909207,219.8217493,0.138541963,0.760068969,41.93917419,193,2019,4,78
7/12/2019,5:06:57 PM,1,B3_R2,6,0.003616567,6.911969816,253.7266246,0.090530692,0.822410922,42.10576452,193,2019,5,78
7/12/2019,5:08:28 PM,2,B3_R2,6,0.002925389,5.849340933,251.1688814,0.074257044,0.822410922,41.8350129,193,2019,5,78
7/12/2019,5:09:49 PM,3,B3_R2,6,0.001065135,2.221654837,249.6510243,0.027547176,0.822410922,41.61593871,193,2019,5,78
7/12/2019,5:11:42 PM,1,B3_R2,3,0.002230775,4.826376632,224.657039,0.050955221,0.822410922,42.72481613,193,2019,5,78
7/12/2019,5:14:11 PM,2,B3_R2,3,0.004343213,10.52973578,213.7841141,0.105268687,0.822410922,42.19879032,193,2019,5,78
7/12/2019,5:15:18 PM,3,B3_R2,3,0.006458053,14.17454882,244.8921075,0.174684584,0.822410922,41.31765161,193,2019,5,78
7/12/2019,5:16:48 PM,1,B3_R2,2,0.00330133,7.841227872,224.9302392,0.082179057,0.822410922,41.57868065,193,2019,5,78
7/12/2019,5:17:30 PM,1,B3_R2,2,0.000910178,7.698053717,-44.25804596,0.02834081,0.822410922,38.86427097,193,2019,5,78
7/12/2019,5:19:54 PM,2,B3_R2,2,0.001873795,4.692991675,209.9110039,0.04472601,0.822410922,41.9011129,193,2019,5,78
7/12/2019,5:21:08 PM,3,B3_R2,2,0.003978992,10.14213468,213.7900239,0.100208905,0.822410922,41.63935806,193,2019,5,78
7/12/2019,7:34:54 PM,1,B3_R2,2,0.000401724,2.117178926,139.653755,0.013810679,0.760068969,35.44124194,193,2019,6,78
7/12/2019,7:36:42 PM,2,B3_R2,2,0.000414528,1.758263268,194.1706517,0.014796059,0.760068969,35.13482581,193,2019,6,78
7/12/2019,7:38:15 PM,3,B3_R2,2,0.000854304,3.259045227,220.292628,0.031698517,0.760068969,34.80341935,193,2019,6,78
7/12/2019,7:39:59 PM,1,B3_R2,3,0.001232357,4.046721255,243.9226189,0.046182357,0.760068969,34.72900968,193,2019,6,78
7/12/2019,7:42:08 PM,2,B3_R2,3,0.000707493,3.010142021,195.17857,0.025397358,0.760068969,34.88796774,193,2019,6,78
7/12/2019,7:43:46 PM,3,B3_R2,3,0.000480214,2.402592965,159.8082226,0.017055157,0.760068969,34.99895484,193,2019,6,78
7/12/2019,7:45:39 PM,1,B3_R2,6,0.000409996,1.476137938,224.7271143,0.014776244,0.760068969,34.8396129,193,2019,6,78
7/12/2019,7:50:18 PM,2,B3_R2,6,0.000464338,1.872452422,204.4619851,0.016670047,0.760068969,34.74993871,193,2019,6,78
7/12/2019,7:52:06 PM,3,B3_R2,6,0.000347791,2.389373587,81.58240631,0.012591448,0.760068969,34.7062,193,2019,6,78
7/1/2019,8:33:39 AM,1,B3_R3,1,0.001521513,-0.713919001,400.6298222,0.101311457,0.775690455,25.20825806,182,2019,1,48
7/1/2019,8:36:43 AM,1,B3_R3,2,0.001146174,-0.752393438,406.434241,0.074766121,0.775310944,25.35561935,182,2019,1,48
7/1/2019,8:39:28 AM,1,B3_R3,3,0.00155864,-0.494368693,397.9816531,0.106235204,0.762383293,25.10245484,182,2019,1,48
7/1/2019,8:43:12 AM,1,B3_R3,4,0.002356369,-1.198345893,402.5631928,0.154920087,0.728486851,25.48263548,182,2019,1,48
7/1/2019,8:48:27 AM,1,B3_R3,5,0.000880715,-1.235561412,426.0320674,0.054317201,0.717415237,26.02927419,182,2019,1,48
7/1/2019,8:53:26 AM,1,B3_R3,6,0.001749991,-0.611357105,397.9586255,0.103239978,0.776632986,26.77288065,182,2019,1,48
7/1/2019,11:49:03 AM,1,B3_R3,2,0.00477407,14.83570211,247.6751873,0.204896591,0.774975295,34.32789355,182,2019,2,48
7/1/2019,11:51:22 AM,2,B3_R3,2,0.004156711,14.47917339,223.6038603,0.166040347,0.774975295,34.38522581,182,2019,2,48
7/1/2019,11:53:56 AM,3,B3_R3,2,0.004206077,12.09634315,247.097633,0.162911799,0.774975295,34.7222129,182,2019,2,48
7/1/2019,11:55:37 AM,1,B3_R3,3,0.001266313,7.141461255,112.9058811,0.0432754,0.774975295,35.64832258,182,2019,2,48
7/1/2019,11:57:44 AM,2,B3_R3,3,0.001595096,7.190807388,167.8382455,0.055451629,0.774975295,35.62428387,182,2019,2,48
7/1/2019,11:59:01 AM,3,B3_R3,3,0.002202296,7.624698813,208.9603046,0.073910778,0.774975295,36.4699871,182,2019,2,48
7/1/2019,12:01:12 PM,1,B3_R3,6,0.002962423,9.914040602,212.8159541,0.10122102,0.774975295,36.2850129,182,2019,2,48
7/1/2019,12:02:45 PM,2,B3_R3,6,0.000956613,3.598832543,157.6229657,0.026114416,0.774975295,37.3774129,182,2019,2,48
7/1/2019,12:03:55 PM,3,B3_R3,6,0.003367568,12.63363462,184.5831063,0.111709616,0.774975295,36.65766452,182,2019,2,48
7/1/2019,2:58:11 PM,1,B3_R3,2,0.001928846,7.714598146,162.9958888,0.058962536,0.774975295,37.30103548,182,2019,3,48
7/1/2019,3:00:06 PM,2,B3_R3,2,0.00280711,8.615302428,215.872079,0.089488261,0.774975295,37.11897097,182,2019,3,48
7/1/2019,3:02:09 PM,3,B3_R3,2,0.002065913,8.002760759,172.4339776,0.064179061,0.774975295,37.16034516,182,2019,3,48
7/1/2019,3:04:11 PM,1,B3_R3,3,0.001582783,5.753910962,170.8661899,0.045169079,0.774975295,38.16002581,182,2019,3,48
7/1/2019,3:06:54 PM,2,B3_R3,3,0.001870847,6.533153482,181.3351594,0.054487164,0.774975295,38.05819355,182,2019,3,48
7/1/2019,3:08:45 PM,3,B3_R3,3,0.001299027,4.586645419,178.2047881,0.037072611,0.774975295,38.27337419,182,2019,3,48
7/1/2019,3:11:00 PM,1,B3_R3,6,0.001923032,7.222412275,182.4382438,0.060637573,0.774975295,37.34309355,182,2019,3,48
7/1/2019,3:14:04 PM,2,B3_R3,6,0.001640482,6.156487274,179.6035703,0.050502242,0.774975295,37.23234194,182,2019,3,48
7/1/2019,3:16:01 PM,3,B3_R3,6,0.003554052,10.38326148,229.3910285,0.120351844,0.774975295,36.99299355,182,2019,3,48
7/1/2019,5:42:09 PM,1,B3_R3,2,0.002123923,8.131984307,183.3667905,0.068837409,0.774975295,36.46821379,182,2019,4,48
7/1/2019,5:43:52 PM,2,B3_R3,2,0.000972797,4.355488185,156.322071,0.03122954,0.774975295,36.35032759,182,2019,4,48
7/1/2019,5:45:18 PM,3,B3_R3,2,0.002574079,8.845654927,220.0977119,0.093245892,0.774975295,35.65191034,182,2019,4,48
7/1/2019,5:48:20 PM,1,B3_R3,3,0.000980866,4.22768442,170.523304,0.032378848,0.774975295,36.15945517,182,2019,4,48
7/1/2019,5:50:18 PM,2,B3_R3,3,0.001427488,5.964855334,178.8919526,0.04823785,0.774975295,36.20056897,182,2019,4,48
7/1/2019,5:51:43 PM,3,B3_R3,3,0.001622129,6.901591177,163.3129732,0.052127832,0.774975295,36.68168621,182,2019,4,48
7/1/2019,5:53:53 PM,1,B3_R3,6,0.001663704,6.407032653,192.045027,0.055907421,0.774975295,36.32465862,182,2019,4,48
7/1/2019,5:56:13 PM,2,B3_R3,6,0.002473667,8.213919656,208.1897668,0.080473232,0.774975295,36.70644483,182,2019,4,48
7/1/2019,5:57:29 PM,3,B3_R3,6,0.001226081,5.97627373,130.5446775,0.03873299,0.774975295,36.69252069,182,2019,4,48
7/1/2019,7:23:56 PM,1,B3_R3,3,0.000599997,3.089587982,186.8449963,0.025111352,0.774975295,32.11614194,182,2019,5,48
7/1/2019,7:25:26 PM,2,B3_R3,3,0.000702973,0.618294864,350.71059,0.029351993,0.774975295,32.14007419,182,2019,5,48
7/1/2019,7:28:12 PM,3,B3_R3,3,0.000633555,3.912345006,147.5643749,0.026570673,0.774975295,32.0208,182,2019,5,48
7/5/2019,3:24:50 PM,1,B3_R3,1,0.001164387,2.453654474,224.6705309,0.025955274,0.816962262,42.68750968,186,2019,,48
7/5/2019,3:26:32 PM,1,B3_R3,2,0.001683711,5.074535119,165.0855727,0.038318079,0.816962262,42.57067742,186,2019,,48
7/5/2019,3:28:33 PM,1,B3_R3,3,0.0000509,0.555890836,-425.0769889,0.001077872,0.816962262,43.16652258,186,2019,,48
7/5/2019,3:30:10 PM,1,B3_R3,4,0.001649341,3.495734694,237.2074206,0.039907856,0.816962262,42.4259,186,2019,,48
7/5/2019,3:32:35 PM,1,B3_R3,5,0.000566475,1.681050996,150.9927257,0.011824484,0.816962262,43.55021613,186,2019,,48
7/5/2019,3:34:35 PM,1,B3_R3,6,0.00077753,1.711525282,208.3452281,0.016316644,0.816962262,43.56057097,186,2019,,48
7/12/2019,5:55:49 AM,1,B3_R3,1,0.001047373,6.835434362,261.2748909,0.087294677,0.811536155,18.05877742,193,2019,1,48
7/12/2019,5:57:42 AM,1,B3_R3,3,0.001112681,8.195398236,260.0380405,0.103996707,0.799175516,18.48282258,193,2019,1,48
7/12/2019,6:02:06 AM,1,B3_R3,4,0.007623449,-0.576371156,396.0318034,1.178840283,0.817775129,15.82623871,193,2019,1,48
7/12/2019,9:27:07 AM,1,B3_R3,1,0.002796442,11.4315295,236.058432,0.124835129,0.760068969,31.97114516,193,2019,2,48
7/12/2019,9:29:41 AM,2,B3_R3,1,0.001810212,9.002973862,202.6140516,0.079350437,0.760068969,32.14452258,193,2019,2,48
7/12/2019,9:32:11 AM,3,B3_R3,1,0.001049734,6.385829948,145.7040934,0.042596436,0.760068969,32.75127742,193,2019,2,48
7/12/2019,9:34:48 AM,1,B3_R3,3,0.00167726,7.890089717,210.0442104,0.072262998,0.760068969,32.37507742,193,2019,2,48
7/12/2019,9:37:06 AM,2,B3_R3,3,0.000367056,1.995357481,168.5454697,0.01456268,0.760068969,32.94402258,193,2019,2,48
7/12/2019,9:39:06 AM,3,B3_R3,3,0.001694302,8.522915916,191.9235232,0.070583662,0.760068969,32.7006,193,2019,2,48
7/12/2019,9:41:41 AM,1,B3_R3,6,0.0022763,10.52051849,212.4450956,0.097976481,0.760068969,32.45892581,193,2019,2,48
7/12/2019,9:43:49 AM,2,B3_R3,6,0.002013651,10.12683681,197.1463972,0.088325622,0.760068969,32.55760645,193,2019,2,48
7/12/2019,9:45:46 AM,3,B3_R3,6,0.005267427,16.3459767,278.9369651,0.258334216,0.760068969,31.75584839,193,2019,2,48
7/12/2019,12:16:12 PM,1,B3_R3,1,0.00383603,12.04514497,201.0915131,0.108779875,0.760068969,39.03653871,193,2019,3,48
7/12/2019,12:17:55 PM,2,B3_R3,1,0.003136948,10.50804941,199.9726167,0.093420542,0.760068969,38.45328387,193,2019,3,48
7/12/2019,12:19:49 PM,3,B3_R3,1,0.003190904,9.964887901,199.1726903,0.088695456,0.760068969,39.20912581,193,2019,3,48
7/12/2019,12:21:53 PM,1,B3_R3,3,0.002230821,7.199524936,186.7931782,0.059943135,0.760068969,39.6368129,193,2019,3,48
7/12/2019,12:24:23 PM,2,B3_R3,3,0.00145048,5.478612907,126.5284647,0.034503188,0.760068969,40.8401,193,2019,3,48
7/12/2019,12:25:45 PM,3,B3_R3,3,0.001921728,6.678996903,153.0978015,0.047342166,0.760068969,40.7797,193,2019,3,48
7/12/2019,12:28:14 PM,1,B3_R3,6,0.003109484,9.838043721,178.1362117,0.078975754,0.760068969,40.5344,193,2019,3,48
7/12/2019,12:29:44 PM,2,B3_R3,6,0.002863421,9.71299896,172.2607713,0.075422083,0.760068969,40.08184839,193,2019,3,48
7/12/2019,12:31:24 PM,3,B3_R3,6,0.004086726,11.92367757,201.1021514,0.108888071,0.760068969,40.00321935,193,2019,3,48
7/12/2019,11:26:40 AM,3,B3_R3,3,0.002077371,7.802146651,187.2711005,0.064111434,0.822410922,37.47312581,193,2019,3,48
7/12/2019,11:30:01 AM,2,B3_R3,3,0.002018589,7.874712966,162.5943679,0.057891333,0.822410922,38.30172903,193,2019,3,48
7/12/2019,11:31:12 AM,3,B3_R3,3,0.002472796,10.46075897,155.1493468,0.074190225,0.822410922,38.02158065,193,2019,3,48
7/12/2019,11:32:49 AM,1,B3_R3,5,0.001841139,7.496986106,143.4272462,0.050349952,0.822410922,38.83145161,193,2019,3,48
7/12/2019,11:35:17 AM,2,B3_R3,5,0.002471948,9.188593133,170.1674347,0.069989481,0.822410922,38.60918387,193,2019,3,48
7/12/2019,11:36:38 AM,3,B3_R3,5,0.003197774,10.78042234,185.5675192,0.089324179,0.822410922,38.90838065,193,2019,3,48
7/12/2019,2:30:51 PM,1,B3_R3,1,0.001422562,4.75404715,121.0954751,0.029615875,0.760068969,43.77922258,193,2019,4,48
7/12/2019,2:33:19 PM,2,B3_R3,1,0.003374746,9.619749107,175.0394979,0.076746527,0.760068969,43.09381613,193,2019,4,48
7/12/2019,2:34:52 PM,3,B3_R3,1,0.002654204,7.697318805,166.0249758,0.058390663,0.760068969,43.32723226,193,2019,4,48
7/12/2019,2:37:01 PM,1,B3_R3,3,0.000245723,3.507397674,-715.0545339,0.004981977,0.760068969,44.07094839,193,2019,4,48
7/12/2019,2:38:28 PM,2,B3_R3,3,0.001796234,7.173958275,78.4178763,0.038182569,0.760068969,43.93186452,193,2019,4,48
7/12/2019,2:40:34 PM,3,B3_R3,3,-0.000395308,2.267368378,817.7063733,-0.00774976,0.760068969,44.47758065,193,2019,4,48
7/12/2019,2:42:42 PM,1,B3_R3,6,0.002107956,8.066707357,93.33330817,0.045358662,0.760068969,43.79496129,193,2019,4,48
7/12/2019,2:44:05 PM,2,B3_R3,6,0.001700989,6.049624175,114.713621,0.036629241,0.760068969,43.76820645,193,2019,4,48
7/12/2019,2:45:24 PM,3,B3_R3,6,0.004918661,12.97990334,188.2020863,0.112184104,0.760068969,43.64229032,193,2019,4,48
7/12/2019,5:29:16 PM,1,B3_R3,1,0.001244963,3.173583761,217.7526098,0.031421269,0.822410922,41.1594129,193,2019,5,48
7/12/2019,5:30:49 PM,2,B3_R3,1,0.002049792,4.926661856,217.5370179,0.04918147,0.822410922,41.72235806,193,2019,5,48
7/12/2019,5:32:07 PM,3,B3_R3,1,0.002270215,5.643940005,222.1379513,0.057881834,0.822410922,41.15076129,193,2019,5,48
7/12/2019,5:34:06 PM,1,B3_R3,3,0.001403472,4.726024297,149.8139175,0.03289607,0.822410922,41.71396129,193,2019,5,48
7/12/2019,5:35:21 PM,2,B3_R3,3,0.001751425,4.331689038,207.4881125,0.041158917,0.822410922,41.8537871,193,2019,5,48
7/12/2019,5:37:13 PM,3,B3_R3,3,0.001174452,2.24677684,247.9588086,0.027980556,0.822410922,41.72791935,193,2019,5,48
7/12/2019,5:39:23 PM,1,B3_R3,6,0.001499687,4.12646149,187.0089148,0.034555872,0.822410922,41.93074516,193,2019,5,48
7/12/2019,5:41:12 PM,2,B3_R3,6,0.001296628,2.67793832,242.498734,0.031592544,0.822410922,41.5386129,193,2019,5,48
7/12/2019,7:59:14 PM,1,B3_R3,1,0.000323039,1.370933945,203.0599885,0.011966629,0.760068969,34.31149355,193,2019,6,48
7/12/2019,8:00:39 PM,2,B3_R3,1,0.000349646,1.92662287,148.4552358,0.012913278,0.760068969,34.32085484,193,2019,6,48
7/12/2019,8:02:20 PM,3,B3_R3,1,0.000254398,1.748091886,87.82729159,0.009340453,0.760068969,34.32801613,193,2019,6,48
7/12/2019,8:04:07 PM,1,B3_R3,3,0.001241957,5.657133816,194.4776989,0.047576395,0.760068969,34.0597129,193,2019,6,48
7/12/2019,8:06:03 PM,2,B3_R3,3,0.000558031,2.937564173,165.8246283,0.021289057,0.760068969,33.93683226,193,2019,6,48
7/12/2019,8:07:52 PM,3,B3_R3,3,0.000347592,1.947352701,148.1206221,0.013030176,0.760068969,33.99740645,193,2019,6,48
7/12/2019,8:10:52 PM,1,B3_R3,6,0.000314028,1.66237851,169.1063027,0.012195179,0.760068969,33.57081935,193,2019,6,48
7/12/2019,8:12:58 PM,2,B3_R3,6,0.000193753,1.039340798,166.7224577,0.007542855,0.760068969,33.42364839,193,2019,6,48
7/12/2019,8:14:56 PM,3,B3_R3,6,0.0010886,4.990957845,199.3515761,0.042828593,0.760068969,33.36443548,193,2019,6,48
