SysConst,AvgTime,Oxygen,Chamber,,,,,,,,,,,,,,,,,,,,,,,,,,,,,,,,,,,,,,,,,,,,,,,,,,,,,,,,,,,,,,,,,,,,,,,,,,,,,,,,,,,,,,,,,,,,,,,,,,,,,,,,,,,,,,,,,,,,,,,,,,,,,,,,,,
,4,21,6800-01A 6 cm²,,,,,,,,,,,,,,,,,,,,,,,,,,,,,,,,,,,,,,,,,,,,,,,,,,,,,,,,,,,,,,,,,,,,,,,,,,,,,,,,,,,,,,,,,,,,,,,,,,,,,,,,,,,,,,,,,,,,,,,,,,,,,,,,,,
Const,CustomBLC,,,,,,,,,,,,,,,,,,,,,,,,,,,,,,,,,,,,,,,,,,,,,,,,,,,,,,,,,,,,,,,,,,,,,,,,,,,,,,,,,,,,,,,,,,,,,,,,,,,,,,,,,,,,,,,,,,,,,,,,,,,,,,,,,,,,
,2,,,,,,,,,,,,,,,,,,,,,,,,,,,,,,,,,,,,,,,,,,,,,,,,,,,,,,,,,,,,,,,,,,,,,,,,,,,,,,,,,,,,,,,,,,,,,,,,,,,,,,,,,,,,,,,,,,,,,,,,,,,,,,,,,,,,
LTConst,deltaTw,fT1,fT2,fTeb,,,,,,,,,,,,,,,,,,,,,,,,,,,,,,,,,,,,,,,,,,,,,,,,,,,,,,,,,,,,,,,,,,,,,,,,,,,,,,,,,,,,,,,,,,,,,,,,,,,,,,,,,,,,,,,,,,,,,,,,,,,,,,,,,
,0,1,0,0,,,,,,,,,,,,,,,,,,,,,,,,,,,,,,,,,,,,,,,,,,,,,,,,,,,,,,,,,,,,,,,,,,,,,,,,,,,,,,,,,,,,,,,,,,,,,,,,,,,,,,,,,,,,,,,,,,,,,,,,,,,,,,,,,
LQConst,Leaf,Ambient,abs_ambient,abs_redLED,abs_greenLED,abs_blueLED,abs_whiteLED,abs_redFlr,abs_blueFlr,k_ambient,k_redLED,k_greenLED,k_blueLED,k_whiteLED,k_redFlr,k_blueFlr,,,,,,,,,,,,,,,,,,,,,,,,,,,,,,,,,,,,,,,,,,,,,,,,,,,,,,,,,,,,,,,,,,,,,,,,,,,,,,,,,,,,,,,,,,,,,,,,,,,,,,,,,,,,,,,,,,,,,
,standard,Sun+Sky,0.49,0.84,0.7,0.87,0.75,0.84,0.87,0.39,0.18,0.23,0.26,0.21,0.19,0.25,,,,,,,,,,,,,,,,,,,,,,,,,,,,,,,,,,,,,,,,,,,,,,,,,,,,,,,,,,,,,,,,,,,,,,,,,,,,,,,,,,,,,,,,,,,,,,,,,,,,,,,,,,,,,,,,,,,,,
QConst,fQ_Amb_in,fQ_Amb_out,fQ_HeadLS,fQ_ConsoleLS,fQ_Flr,,,,,,,,,,,,,,,,,,,,,,,,,,,,,,,,,,,,,,,,,,,,,,,,,,,,,,,,,,,,,,,,,,,,,,,,,,,,,,,,,,,,,,,,,,,,,,,,,,,,,,,,,,,,,,,,,,,,,,,,,,,,,,,,
,0,0,0,0,1,,,,,,,,,,,,,,,,,,,,,,,,,,,,,,,,,,,,,,,,,,,,,,,,,,,,,,,,,,,,,,,,,,,,,,,,,,,,,,,,,,,,,,,,,,,,,,,,,,,,,,,,,,,,,,,,,,,,,,,,,,,,,,,,
LeakConst,fan_a,fan_b,fan_c,fan_d,Fs_meas,Fs_true,leak_wt,,,,,,,,,,,,,,,,,,,,,,,,,,,,,,,,,,,,,,,,,,,,,,,,,,,,,,,,,,,,,,,,,,,,,,,,,,,,,,,,,,,,,,,,,,,,,,,,,,,,,,,,,,,,,,,,,,,,,,,,,,,,,,
,-6276,6.6,0.00001709,3.11,-1.93241 76.2239 355.123 592.634 828.974 1021.16 1217 1363.85,-0.246766 104.47 401.049 601.778 800.981 1000.21 1201.42 1399.98,0,,,,,,,,,,,,,,,,,,,,,,,,,,,,,,,,,,,,,,,,,,,,,,,,,,,,,,,,,,,,,,,,,,,,,,,,,,,,,,,,,,,,,,,,,,,,,,,,,,,,,,,,,,,,,,,,,,,,,,,,,,,,,,
Sys,Sys,Sys,Sys,Sys,UserDefVar,UserDefVar,UserDefVar,UserDefVar,UserDefVar,UserDefVar,UserDefVar,UserDefVar,UserDefVar,UserDefVar,UserDefVar,GasEx,GasEx,GasEx,GasEx,GasEx,GasEx,GasEx,GasEx,GasEx,GasEx,GasEx,GasEx,GasEx,GasEx,GasEx,GasEx,GasEx,GasEx,GasEx,GasEx,GasEx,GasEx,GasEx,GasEx,GasEx,GasEx,Leak,Leak,Leak,Leak,Leak,FLR,FLR,FLR,FLR,FLR,FLR,FLR,FLR,FLR,FLR,FLR,FLR,FLR,FLR,FLR,FLR,FLR,FLR,FLR,FLR,FLR,FLR,FLR,FLR,LeafQ,LeafQ,LeafQ,LeafQ,Const,Const,Const,Meas,Meas,Meas,Meas,Meas,Meas,Meas,Meas,Meas,Meas,Meas,Meas,Meas,Meas,FlrLS,FlrLS,FlrLS,FlrLS,FlrLS,FlrLS,FlrLS,FlrLS,FlrLS,FlrLS,FlrLS,FlrLS,FlrLS,FlrLS,FlrLS,FlrLS,FlrLS,FlrStats,FlrStats,FlrStats,FlrStats,FlrStats,Status,Status,Status,Status,Status,Status,Status,Status,Status,Status,Status,Status,Status,Status,Status,Status,Status,Status,Status,Status
obs,time,elapsed,date,hhmmss,plantID VOak 959,RIP_760,RIP_720,BAR-A12,seirra_loma,A10,A11,BAR_A07,BH_Block,BH_Vine,BH_Leaf,TIME,E,A,Ca,Ci,Pci,Pca,gsw,gbw,gtw,gtc,Rabs,TleafEB,TleafCnd,SVPleaf,RHcham,VPcham,SVPcham,VPDleaf,LatHFlux,SenHFlux,NetTherm,EBSum,blfa_1,blfa_2,blfa_3,Leak,LeakPct,CorrFact,CorrFactPct,Fan,DarkAdaptedID,Fo,Fm,Fv,Fv/Fm,Adark,LightAdaptedID,Fs,Fm',PhiPS2,PS2/1,Qabs_fs,Afs,ETR,Fv'/Fm',PhiCO2,NPQ,DarkPulseID,Fo',Fv',qP,qN,qP_Fo,qN_Fo,Qin,Qabs,alpha,convert,S,K,Geometry,TIME,CO2_s,CO2_r,H2O_s,H2O_r,Flow,Pa,ΔPcham,Tair,Tleaf,Tleaf2,Fan_speed,Qamb_in,Qamb_out,Q,f_red,f_blue,f_farred,F,Q_modavg,F_dc,Pc,Tled,TDigital,TPreamp,TPwrSpy,TDrive,Q_red,Q_blue,Q_farred,TSPF,F_avg,dF/dt,dF_dc/dt,F_dc_avg,period,MatchValveR,MatchValveS,MatchCO2,MatchH2O,DIAG,Flow_s,Flow_r,Txchg,Tirga,Tchopper,Ts,Tr,CO2_%,Desiccant_%,Humidifier_%,Txchg_sp,CO2_r_sp,H2O_r_sp,SS_s,SS_r
,s,s,,,,VineID,vineID,,,,,,,,,s,mol m⁻² s⁻¹,µmol m⁻² s⁻¹,µmol mol⁻¹,µmol mol⁻¹,Pa,Pa,mol m⁻² s⁻¹,mol m⁻² s⁻¹,mol m⁻² s⁻¹,mol m⁻² s⁻¹,W m⁻²,°C,°C,kPa,%,kPa,kPa,kPa,W m⁻²,W m⁻²,W m⁻²,W m⁻²,,,,µmol s⁻¹,%,,%,µmol s⁻¹,,,,,,µmol m⁻² s⁻¹,,,,,,µmol m⁻² s⁻¹,µmol m⁻² s⁻¹,µmol m⁻² s⁻¹,,µmol µmol⁻¹,,,,,,,,,µmol m⁻² s⁻¹,µmol m⁻² s⁻¹,,J/µmol,cm²,,,s,µmol mol⁻¹,µmol mol⁻¹,mmol mol⁻¹,mmol mol⁻¹,µmol s⁻¹,kPa,kPa,°C,°C,°C,rpm,µmol m⁻² s⁻¹,µmol m⁻² s⁻¹,µmol m⁻² s⁻¹,,,,,µmol m⁻² s⁻¹,,,°C,°C,°C,°C,°C,µmol m⁻² s⁻¹,µmol m⁻² s⁻¹,µmol m⁻² s⁻¹,s,,min⁻¹,min⁻¹,,s,%,%,µmol/mol,mmol/mol,,µmol s⁻¹,µmol s⁻¹,°C,°C,°C,°C,°C,%,%,%,°C,µmol mol⁻¹,mmol mol⁻¹,%,%
1,1564670139,0,20190801 07:35:38,7:35:38,1,23293,1_1,23509,31,23522,23316,23388,B2_R2,5,1,1564670131,0.004255921,13.24289998,382.2366452,309.9874597,31.34317703,38.64837257,0.349576328,2.275573388,0.322249668,0.203682928,99.10597694,22.50792669,22.3144129,2.704817239,49.02196798,1.396535275,2.848794801,1.308281963,-187.6861319,104.9133794,9.532156464,25.86538086,-0.041875794,0.047009248,3.5010465,2,0,1,0,54087.25874,MPF-1822-20190801-07_22_55,3.338461538,1.77386,-1.564601538,-0.882032144,0.154453011,MPF-1823-20190801-07_35_40,1548.872308,2406.86,0.356475945,0.5,505.7714167,13.24289998,90.14767179,1,0.025878186,-0.999262998,-,0,2406.86,0.356475945,-1355.848906,0.356971085,1537.187636,599.9838387,505.7714167,0.842975067,0.195950134,6,0.5,0: Broadleaf,1564670131,382.2366452,400.0826774,13.8118871,8.774634516,499.9319355,100.9110645,0.200048355,23.1695871,22.3144129,999.9,10007.37774,0,134.9973548,599.9838387,0.899996323,0.100003765,0,1549.32,4.99935,9263.680645,5110.773871,35.254,37.9613871,36.899,38.23170968,37.274,535.4841935,59.49967742,0,764.8,1548.872308,-48.02871796,-2668.028718,9239.886154,15,100,100,4.369,0.151,2,470.15,556.77,21.9923,22.8207,30.0009,22.7287,22.6845,18.8172,47.3902,72.2753,-999.9,400.1,8.97368,102.07,114.694
2,1564670265,126.5,20190801 07:37:45,7:37:45,1,23293,1_1,23509,31,23522,23316,23388,B2_R2,5,2,1564670257,0.003714843,8.499121541,387.9213548,324.6463698,32.82838356,39.22677785,0.261931271,2.27422157,0.246251458,0.155237651,99.1104709,22.84828754,22.50053548,2.735598754,43.10696417,1.240127695,2.87686159,1.49547106,-163.8245637,101.9286379,9.282859057,46.49740413,-0.041839032,0.046967978,3.498618843,0,0,1,0,54012.3274,MPF-1822-20190801-07_22_55,3.338461538,1.77386,-1.564601538,-0.882032144,0.154453011,MPF-1824-20190801-07_37_46,2015.485769,2453.84,0.178640103,0.5,505.7958517,8.499121541,45.17771156,1,0.016498096,-0.999277109,-,0,2453.84,0.178640103,-1382.333521,0.178883475,1567.21445,600.0130323,505.7958517,0.842974776,0.195949553,6,0.5,0: Broadleaf,1564670257,387.9213548,399.8490645,12.26386774,7.860917097,500.0216452,100.9204194,0.200020032,23.33187419,22.50053548,999.9,9997.665484,0,115.812129,600.0130323,0.900006129,0.099993997,0,2018.536129,4.99935,11989.38387,5111.04,35.78,38.48780645,37.405,38.72154839,37.808,535.5164516,59.49677419,0,125.8,2015.485769,-400.9630769,-2313.2,11971.28846,15,100,100,4.369,0.151,2,472.65,569.063,22.33,23.1283,30.0007,22.9977,22.9522,18.8522,45.3748,66.9916,-999.9,400.1,8.9963,102.02,114.647
3,1564670598,459,20190801 07:43:17,7:43:17,1,23293,1_1,23509,31,23522,23316,23388,B2_R2,5,3,1564670590,0.004788106,12.34944945,383.0089032,316.0246473,31.95941121,38.7334948,0.360010092,2.276530457,0.331111199,0.209347295,99.10785178,23.44030657,23.1691871,2.84872592,46.54043643,1.417164724,3.045018123,1.431561196,-211.1554735,135.8603121,12.46189374,36.2745842,-0.041901834,0.04703848,3.502765607,1,0,1,0,53918.4628,MPF-1822-20190801-07_22_55,3.338461538,1.77386,-1.564601538,-0.882032144,0.154453011,MPF-1825-20190801-07_43_19,1128.931538,1946.52,0.420025718,0.5,505.7798919,12.34944945,106.2202812,1,0.024111272,-0.999088702,-,0,1946.52,0.420025718,-1096.335754,0.420747339,1242.96576,599.9937419,505.7798919,0.842975279,0.195950558,6,0.5,0: Broadleaf,1564670590,383.0089032,400.0296452,14.01336774,8.347911935,499.9783226,100.9295161,0.199973226,24.27615161,23.1691871,999.9,10011.77,0,425.5909677,599.9937419,0.899989677,0.100010274,0,1129.045484,4.99935,6666.564516,5110.849677,37.13493548,40.55203226,38.879,40.38893548,39.143,535.4883871,59.50483871,0,331.3999999,1128.931538,-29.82017096,-384.1548721,6665.225769,15,100,100,4.324,0.028,2,471.229,559.295,23.2256,24.0943,30.0012,23.9444,23.8963,18.879,40.5503,42.6918,-999.9,400.1,8.88002,101.829,114.476
4,1564670727,588,20190801 07:45:26,7:45:26,1,23293,1_1,23509,31,23522,23316,23388,B2_R2,3,1,1564670719,0.003855459,14.98698967,380.3160323,286.1079608,28.9320463,38.45863297,0.293199146,2.277299394,0.273726293,0.172720602,99.10491078,24.1560751,23.70144516,2.941681355,49.64038257,1.54898318,3.120409431,1.392698175,-170.0257308,120.7274035,11.12280547,60.92938893,-0.041922763,0.047061974,3.504147006,2,0,1,0,53870.08617,MPF-1822-20190801-07_22_55,3.338461538,1.77386,-1.564601538,-0.882032144,0.154453011,MPF-1826-20190801-07_45_28,1069.596154,2035.75,0.474593563,0.5,505.764029,14.98698967,120.0161763,1,0.02932699,-0.999128645,-,0,2035.75,0.474593563,-1146.638483,0.475373136,1299.996255,599.9748065,505.764029,0.842975444,0.195950888,6,0.5,0: Broadleaf,1564670719,380.3160323,400.0617419,15.31783871,10.76174839,499.9551613,100.9227742,0.200054484,24.68477742,23.70144516,999.9,10017.43968,0,1287.794839,599.9748065,0.899986032,0.100013948,0,1069.757742,4.99935,6329.08,5110.681613,37.71341935,41.18916129,39.433,41.01,39.70935484,535.4696774,59.50645161,0,128.3999999,1069.596154,-18.11760684,-66.33880341,6328.433462,15,100,100,4.324,0.028,2,469.772,558.398,23.6071,24.5308,30.0012,24.3718,24.3151,18.8874,30.3044,43.0807,-999.9,400.1,10.8366,101.75,114.412
5,1564670871,732,20190801 07:47:50,7:47:50,1,23293,1_1,23509,31,23522,23316,23388,B2_R2,3,2,1564670863,0.004264667,13.78903661,381.5270968,297.8643479,30.12078039,38.58096471,0.310235767,2.273426861,0.288489818,0.182132741,99.1096971,24.51127717,24.13927097,3.020122264,48.52410855,1.559102748,3.213047688,1.461019516,-188.0718157,126.9721887,11.77306487,49.78313504,-0.041817429,0.046943728,3.497191948,0,0,1,0,53651.87517,MPF-1822-20190801-07_22_55,3.338461538,1.77386,-1.564601538,-0.882032144,0.154453011,MPF-1827-20190801-07_47_52,1036.549615,1798.22,0.423569076,0.5,505.7911285,13.78903661,107.1187406,1,0.026956945,-0.999013547,-,0,1798.22,0.423569076,-1012.732764,0.424356911,1148.181243,600.0073226,505.7911285,0.842974926,0.195949853,6,0.5,0: Broadleaf,1564670863,381.5270968,400.0259677,15.41796452,10.37939677,500.012871,100.9224839,0.199992194,25.17522903,24.13927097,999.9,9992.299032,0,500.8630968,600.0073226,0.900008355,0.099992148,0,1036.706452,4.99935,6308.915806,5110.996129,38.296,41.82629032,40.05203226,41.67906452,40.3,535.5125806,59.49967742,0,143,1036.549615,-28.91863248,-194.1606837,6307.911538,15,100,100,4.324,0.028,2,478.672,559.378,24.0775,24.9162,30.0005,24.7594,24.7052,18.9555,31.2933,41.4628,-999.9,400.1,10.6752,101.688,114.361
6,1564670976,837.5999999,20190801 07:49:36,7:49:36,1,23293,1_1,23509,31,23522,23316,23388,B2_R2,3,3,1564670968,0.002705153,12.46508598,383.7484516,265.986037,26.89722813,38.8056823,0.188421231,2.274713069,0.180160009,0.113312058,99.11039879,25.32535932,24.28658065,3.04692229,47.78775487,1.563147305,3.271020597,1.483774985,-119.2972436,145.851779,13.54651287,139.211447,-0.041852396,0.046982981,3.49950143,1,0,1,0,53640.82187,MPF-1822-20190801-07_22_55,3.338461538,1.77386,-1.564601538,-0.882032144,0.154453011,MPF-1828-20190801-07_49_37,1258.996538,2146.31,0.413413468,0.5,505.7943517,12.46508598,104.5510986,1,0.024339206,-0.99917353,-,0,2146.31,0.413413468,-1208.965837,0.414057511,1370.659614,600.0110968,505.7943517,0.842974996,0.195949991,6,0.5,0: Broadleaf,1564670968,383.7484516,399.9515806,15.45792581,12.26205806,500.0213548,100.9227419,0.199965226,25.47590323,24.28658065,999.9,10000.62871,0,485.9922903,600.0110968,0.899998613,0.10000161,0,1259.166129,4.99935,7399.446452,5111.011935,38.47154839,41.65703226,40.125,41.47354839,40.389,535.5103226,59.50096774,0,104.6000001,1258.996538,-40.73811966,-311.8020527,7399.430385,15,100,100,4.324,0.028,2,470.952,551.655,24.4078,25.0695,30.0003,24.9378,24.8898,19.0172,19.5971,41.107,-999.9,400.1,12.6288,101.66,114.345
7,1564671220,1081.2,20190801 07:53:39,7:53:39,1,23293,1_1,23509,31,23522,23316,23388,B2_R2,2,1,1564671212,0.003319804,13.07613643,382.8287419,277.1681436,28.02831561,38.71312433,0.22464402,2.27471658,0.213006561,0.134124422,99.10773203,25.60328286,24.84340645,3.150113046,47.87335074,1.61115477,3.365452272,1.538958276,-146.4033638,136.4233875,12.7370565,101.8648122,-0.041852491,0.046983088,3.499507735,3,1,1,0,53554.8496,MPF-1822-20190801-07_22_55,3.338461538,1.77386,-1.564601538,-0.882032144,0.154453011,MPF-1829-20190801-07_53_41,1210.274231,2121.53,0.429527638,0.5,505.7797308,13.07613643,108.6231865,1,0.025548045,-0.999163877,-,0,2121.53,0.429527638,-1194.996302,0.430204612,1354.821715,599.9936129,505.7797308,0.842975192,0.195950383,6,0.5,0: Broadleaf,1564671212,382.8287419,400.0449355,15.9324871,12.01225484,500.0078387,100.9239032,0.199967806,25.95584516,24.84340645,999.9,10000.53645,0,1005.057903,599.9936129,0.899990161,0.100009742,0,1210.830968,4.99935,7232.48,5110.850645,37.937,41.054,39.524,40.687,39.937,535.4883871,59.50290323,0,243,1210.274231,-52.96923082,-263.66359,7229.72,15,100,100,4.324,0.028,2,468.456,548.174,24.9805,25.3962,30.0008,25.2746,25.2346,19.0213,25.8357,45.3918,-999.9,400.1,12.342,101.608,114.311
8,1564671370,1231.7,20190801 07:56:10,7:56:10,1,23293,1_1,23509,31,23522,23316,23388,B2_R2,2,2,1564671362,0.004079696,13.12336472,382.3868387,294.9844087,29.82809635,38.66601465,0.281066988,2.275070496,0.263103034,0.165957617,99.10583329,25.6033348,24.88816129,3.158538049,47.65643555,1.627709841,3.415508991,1.530828208,-179.9145755,161.5767315,15.10548537,95.87347473,-0.041862116,0.046993892,3.500143313,0,0,1,0,53521.8273,MPF-1822-20190801-07_22_55,3.338461538,1.77386,-1.564601538,-0.882032144,0.154453011,MPF-1830-20190801-07_56_11,1500.859615,2389.66,0.371935918,0.5,505.7733136,13.12336472,94.05763072,1,0.025641748,-0.999257694,-,0,2389.66,0.371935918,-1346.152537,0.372456255,1526.194422,599.9864516,505.7733136,0.842974558,0.195949115,6,0.5,0: Broadleaf,1564671362,382.3868387,400.0067742,16.09720645,11.2804129,500.0036452,100.9175484,0.199986871,26.20550323,24.88816129,999.9,10003.46613,0,963.9499677,599.9864516,0.900017452,0.099982916,0,1503.120968,4.99935,9108.796774,5110.83,37.812,40.9756129,39.437,40.625,39.83232258,535.4990323,59.49,0,150,1500.859615,-209.1511111,-1206.61641,9095.781154,15,100,100,4.247,0.097,2,480.438,540.529,25.3232,25.6923,30.0009,25.5633,25.5257,19.0198,28.9915,42.2198,-999.9,400.1,11.7893,101.553,114.245
9,1564671554,1415.2,20190801 07:59:13,7:59:13,1,23293,1_1,23509,31,23522,23316,23388,B2_R2,2,3,1564671546,0.001620714,2.251748481,396.4363871,350.2935109,35.42703544,40.09370857,0.101153872,2.274416191,0.098719426,0.061913487,99.10840644,26.71213299,25.29780323,3.23657187,46.48220322,1.616029038,3.476661874,1.620542833,-71.47349573,148.1719847,13.90578849,189.7126839,-0.041844323,0.046973919,3.498968315,16,3,1,0,53446.68035,MPF-1822-20190801-07_22_55,3.338461538,1.77386,-1.564601538,-0.882032144,0.154453011,MPF-1831-20190801-07_59_15,1261.040769,1563.98,0.193697637,0.5,505.7840113,2.251748481,48.98458399,1,0.004146623,-0.998865804,-,0,1563.98,0.193697637,-880.6817562,0.194111987,998.4690042,599.9988065,505.7840113,0.842975029,0.195950058,6,0.5,0: Broadleaf,1564671546,396.4363871,399.909129,15.97888387,14.06530645,500.0530323,100.9353226,0.199966387,26.50620323,25.29780323,999.9,9997.453548,0,1028.402968,599.9988065,0.900003129,0.099996794,0,1261.95871,4.99935,7506.767097,5110.914839,37.71748387,40.784,39.312,40.625,39.808,535.5006452,59.50064516,0,182.8,1261.040769,-87.43726502,-472.9483763,7501.830769,15,100,100,4.173,0.221,2,453.048,545.533,25.6736,26.1123,30.0011,25.9741,25.9273,19.1103,8.39303,41.6112,-999.9,400.1,14.8115,101.46,114.159
10,1564671864,1725.7,20190801 08:04:24,8:04:24,1,23293,1_1,23509,31,23522,23316,23388,B3_R2,5,1,1564671856,0.004216038,12.99321727,382.3993871,290.3071961,29.36693512,38.68280959,0.264146649,2.275696014,0.248218796,0.156487703,99.10723297,26.15760789,25.65768065,3.306510516,46.07590977,1.630248546,3.538179831,1.676261969,-185.9272578,140.6479561,13.23583048,67.06376174,-0.04187913,0.047012992,3.501266745,0,0,1,0,53436.66986,MPF-1822-20190801-07_22_55,3.338461538,1.77386,-1.564601538,-0.882032144,0.154453011,MPF-1832-20190801-08_04_25,1448.389615,2303.76,0.371293184,0.5,505.777541,12.99321727,93.8958767,1,0.025384212,-0.999230015,-,0,2303.76,0.371293184,-1297.72707,0.371832019,1471.292264,599.9910645,505.777541,0.842975122,0.195950245,6,0.5,0: Broadleaf,1564671856,382.3993871,399.9240323,16.11584194,11.13866129,500.0532903,100.9581613,0.19997571,26.80407419,25.65768065,999.9,10003.50613,0,131.8833548,599.9910645,0.899999935,0.100000152,0,1448.89871,4.99935,8508.497097,5110.843226,37.62093548,40.296,39.07825806,40.298,39.687,535.4935484,59.50193548,0,309.5999999,1448.389615,-136.0290596,-797.5090588,8505.313846,15,100,100,4.11,0.248,2,482.16,539.638,26.0181,26.4729,30.0002,26.3711,26.3323,19.0564,33.3946,47.0666,-999.9,400.1,12.0143,101.401,114.119
11,1564672467,2328.2,20190801 08:14:26,8:14:26,1,23293,1_1,23509,31,23522,23316,23388,B3_R2,5,2,1564672459,0.005672699,5.32508903,391.0019677,359.8225001,36.40292982,39.55732948,0.415557891,2.275654097,0.377543556,0.239089699,99.1119786,25.81506356,25.15935484,3.2100121,48.42296415,1.727007333,3.566504783,1.483004768,-250.166015,218.422551,20.51802984,87.88654443,-0.04187799,0.047011712,3.501191459,0,0,1,0,53411.34726,MPF-1822-20190801-07_22_55,3.338461538,1.77386,-1.564601538,-0.882032144,0.154453011,MPF-1833-20190801-08_14_28,962.5332692,1331.22,0.27695402,0.5,505.8003558,5.32508903,70.04172097,1,0.010222682,-0.998667493,-,0,1331.22,0.27695402,-749.4650874,0.277650318,849.7026926,600.0179355,505.8003558,0.842975394,0.195950789,6,0.5,0: Broadleaf,1564672459,391.0019677,400.0547742,17.07049677,10.37868065,499.9416774,100.9690645,0.200066968,26.93970645,25.15935484,999.9,10002.15355,0,725.3442903,600.0179355,0.899986613,0.100013323,0,962.6172258,4.99935,5722.506452,5111.054839,36.937,39.655,38.391,39.633,39.10467742,535.5090323,59.50967742,0,602,962.5332692,-6.56181197,235.7343598,5723.348846,15,100,100,4.08,0.078,2,486.244,529.523,26.5587,27.0832,30.0006,26.9128,26.8476,19.0994,30.0349,8.99561,-999.9,400.1,10.6405,101.275,113.972
12,1564672580,2441.2,20190801 08:16:19,8:16:19,1,23293,1_1,23509,31,23522,23316,23388,B3_R2,5,3,1564672572,0.003015179,8.433919211,388.4380323,304.905195,30.84822254,39.29950378,0.188708263,2.274990968,0.180423411,0.113478681,99.10736707,26.75756099,25.80548065,3.335614215,47.10166185,1.686806924,3.581204693,1.648807291,-132.969391,147.6998418,13.928418,127.7662358,-0.041859953,0.046991464,3.500000489,0,0,1,0,53376.91154,MPF-1822-20190801-07_22_55,3.338461538,1.77386,-1.564601538,-0.882032144,0.154453011,MPF-1834-20190801-08_16_21,1273.995769,1784.1,0.285916838,0.5,505.7813639,8.433919211,72.30570416,1,0.016369655,-0.99900574,-,0,1784.1,0.285916838,-1004.772722,0.286452857,1139.156582,599.9960323,505.7813639,0.842974514,0.195949029,6,0.5,0: Broadleaf,1564672572,388.4380323,399.9632581,16.67247419,13.11487097,500.0403226,100.9731935,0.199967968,27.00972581,25.80548065,999.9,9997.436774,0,187.6716129,599.9960323,0.900019,0.0999812,0,1274.852903,4.99935,7442.633226,5110.915806,36.937,39.58232258,38.375,39.60874194,39.10874194,535.5077419,59.49,0,112.1999998,1273.995769,-138.6642735,-757.6748718,7438.148077,15,100,100,4.08,0.078,2,481.438,540.128,26.6548,27.1647,30.0001,27.0092,26.954,19.1756,5.8718,11.4362,-999.9,400.1,13.8409,101.269,113.987
13,1564672653,2514.2,20190801 08:17:32,8:17:32,1,23293,1_1,23509,31,23522,23316,23388,B3_R2,3,1,1564672645,0.003394223,15.04291823,380.5597742,261.9509576,26.50064653,38.49987857,0.227969918,2.275053517,0.215996856,0.136021342,99.10709032,26.68542165,25.84202258,3.342844193,49.92587979,1.793448672,3.592222469,1.549395521,-149.6852149,149.6386498,14.11714802,113.1776732,-0.041861654,0.046993374,3.50011282,0,0,1,0,53369.53995,MPF-1822-20190801-07_22_55,3.338461538,1.77386,-1.564601538,-0.882032144,0.154453011,MPF-1835-20190801-08_17_34,1112.807692,2137.17,0.479307827,0.5,505.7805104,15.04291823,121.2122786,1,0.029436613,-0.999169996,-,0,2137.17,0.479307827,-1203.813232,0.480057722,1364.817871,599.9950968,505.7805104,0.842974406,0.195948812,6,0.5,0: Broadleaf,1564672645,380.5597742,400.159,17.72770323,13.72731613,500.0592258,100.9664516,0.199991032,27.06204194,25.84202258,999.9,9998.510645,0,1374.76,599.9950968,0.900016613,0.0999836,0,1112.850968,4.99935,6617.927419,5110.903226,36.95732258,39.659,38.415,39.562,39.125,535.506129,59.48741935,0,72.20000005,1112.807692,-2.745982897,-60.59111125,6617.709615,15,100,100,4.08,0.078,2,479.216,541.012,26.6862,27.2074,30.0005,27.086,27.0407,19.1722,10.5602,14.5584,-999.9,400.1,13.5755,101.271,113.965
14,1564672722,2583.7,20190801 08:18:42,8:18:42,1,23293,1_1,23509,31,23522,23316,23388,B3_R2,3,2,1564672714,0.002229884,12.84088963,383.6629677,224.923573,22.75514367,38.81454414,0.140257413,2.273690367,0.135621966,0.085167443,99.10648492,27.10694547,25.92209677,3.358735092,48.24973335,1.737228078,3.600492598,1.621507014,-98.33789284,144.5358968,13.6520693,158.9565582,-0.041824591,0.046951768,3.497665049,1,0,1,0,53317.29109,MPF-1822-20190801-07_22_55,3.338461538,1.77386,-1.564601538,-0.882032144,0.154453011,MPF-1836-20190801-08_18_43,1387.516923,2488.24,0.44237014,0.5,505.7740497,12.84088963,111.8696686,1,0.02508321,-0.999287103,-,0,2488.24,0.44237014,-1401.726258,0.442964464,1589.200879,599.9869677,505.7740497,0.842975059,0.195950118,6,0.5,0: Broadleaf,1564672714,383.6629677,400.0987097,17.17165806,14.54173871,499.9986129,100.9683226,0.20001371,27.10121935,25.92209677,999.9,9989.473226,0,539.9286129,599.9869677,0.900000645,0.099999268,0,1388.397742,4.99935,8107.950968,5110.809032,37,39.70732258,38.437,39.625,39.125,535.4887097,59.5,0,68.79999995,1387.516923,-144.0724786,-824.3907691,8102.809615,15,100,100,4.08,0.078,2,470.465,540.459,26.7076,27.3031,30.0004,27.1906,27.1515,19.1973,0,20.5977,-999.9,400.1,15.448,101.253,113.981
15,1564672800,2661.7,20190801 08:20:00,8:20:00,1,23293,1_1,23509,31,23522,23316,23388,B3_R2,3,3,1564672792,0.003992193,16.09932479,379.2709355,276.499421,27.97157724,38.36827661,0.287217411,2.275842589,0.268492673,0.169388433,99.10733495,26.43264299,25.57122581,3.289589493,50.92896699,1.823414858,3.580309922,1.466174634,-176.0557195,175.9750337,16.56883476,115.5954839,-0.041883118,0.047017469,3.501530014,0,0,1,0,53405.7833,MPF-1822-20190801-07_22_55,3.338461538,1.77386,-1.564601538,-0.882032144,0.154453011,MPF-1837-20190801-08_20_01,1056.080769,2105.76,0.498479993,0.5,505.7792031,16.09932479,126.0604069,1,0.031525361,-0.999157615,-,0,2105.76,0.498479993,-1186.106085,0.499271536,1344.742472,599.9931935,505.7792031,0.842974901,0.195949802,6,0.5,0: Broadleaf,1564672792,379.2709355,400.4060323,18.02448065,13.32042903,500.0246129,100.9632258,0.200014032,27.00547097,25.57122581,999.9,10003.95677,0,1539.293226,599.9931935,0.899998323,0.100001648,0,1056.084516,4.99935,6234.565161,5110.859032,37,39.887,38.46951613,39.70732258,39.133,535.4941935,59.49709677,0,77,1056.080769,-0.984615392,-38.29675217,6234.449231,15,100,100,4.08,0.078,2,482.571,539.107,26.7232,27.4058,30.0007,27.3098,27.2727,19.0948,19.7567,22.3622,-999.9,400.1,13.2092,101.236,113.949
16,1564672918,2779.3,20190801 08:21:57,8:21:57,1,23293,1_1,23509,31,23522,23316,23388,B3_R2,2,1,1564672910,0.000802878,6.231736436,392.192129,179.4877991,18.15642363,39.67292749,0.04910101,2.275521002,0.048519919,0.030376585,99.11084629,27.80885454,26.57610645,3.491014172,50.99595714,1.861415594,3.650123849,1.629598578,-35.40693822,93.06225885,8.822155432,165.5883224,-0.041874369,0.047007648,3.500952412,0,0,1,0,53336.41594,MPF-1822-20190801-07_22_55,3.338461538,1.77386,-1.564601538,-0.882032144,0.154453011,MPF-1838-20190801-08_21_59,1250.951923,1894.91,0.339835706,0.5,505.7966602,6.231736436,85.94388246,1,0.01201527,-0.999063882,-,0,1894.91,0.339835706,-1067.241011,0.340435486,1209.979725,600.0138387,505.7966602,0.842974991,0.195949982,6,0.5,0: Broadleaf,1564672910,392.192129,400.0482903,18.40127742,17.45552581,499.9860968,100.956871,0.199997194,27.33469677,26.57610645,999.9,10002.49677,0,324.7394839,600.0138387,0.899996677,0.100003097,0,1252.67,4.99935,8012.113548,5111.034516,37.125,40.022,38.631,39.933,39.25,535.5112903,59.50096774,0,117,1250.951923,-157.1080342,-1196.639658,7998.827308,15,100,100,4.052,0.304,2,476.936,541.65,26.8074,27.5987,30.001,27.5268,27.497,19.2422,0,47.9425,-999.9,400.1,18.1904,101.197,113.908
17,1564673069,2930.8,20190801 08:24:29,8:24:29,1,23293,1_1,23509,31,23522,23316,23388,B3_R2,2,2,1564673061,0.003248002,12.03230587,383.8687419,280.8914397,28.41649081,38.8342293,0.212760177,2.274087415,0.202287849,0.127327836,99.10638539,27.20458481,26.44084839,3.463290065,50.96033642,1.881856312,3.692786281,1.581433753,-143.2368794,133.921382,12.70757837,102.4984663,-0.041835385,0.046963884,3.498377955,6,1,1,0,53253.77381,MPF-1822-20190801-07_22_55,3.338461538,1.77386,-1.564601538,-0.882032144,0.154453011,MPF-1839-20190801-08_24_30,1577.923462,2485.38,0.365117824,0.5,505.7731928,12.03230587,92.33340391,1,0.023484544,-0.999286282,-,0,2485.38,0.365117824,-1400.113955,0.365608925,1587.372937,599.9859032,505.7731928,0.842975127,0.195950254,6,0.5,0: Broadleaf,1564673061,383.8687419,399.8033548,18.60178065,14.77675806,500.0100968,100.9653871,0.199998516,27.5331871,26.44084839,999.9,9992.341613,0,211.5892258,599.9859032,0.899992194,0.100007845,0,1579.280645,4.99935,9379.701935,5110.786452,37.266,40.125,38.75,40.07012903,39.437,535.483871,59.50096774,0,150.5999999,1577.923462,-339.9305978,-1964.801023,9372.045769,15,100,100,4.052,0.304,2,465.11,535.675,26.9971,27.8528,30.0006,27.7978,27.7666,19.0729,28.5567,52.1143,-999.9,400.1,14.6383,101.142,113.866
18,1564673157,3018.8,20190801 08:25:57,8:25:57,1,23293,1_1,23509,31,23522,23316,23388,B3_R2,2,3,1564673149,0.00386911,11.85677422,383.9800968,298.8360705,30.23336807,38.84742419,0.261087672,2.276050121,0.245517189,0.15476975,99.11094743,27.13232925,26.10930968,3.39614561,49.52894937,1.843081752,3.721221177,1.553063858,-170.62775,190.8163905,18.07258244,137.3721703,-0.041888764,0.047023807,3.50190278,0,0,1,0,53295.79004,MPF-1822-20190801-07_22_55,3.338461538,1.77386,-1.564601538,-0.882032144,0.154453011,MPF-1840-20190801-08_25_59,1466.215,2219.97,0.339533868,0.5,505.7991988,11.85677422,85.86797909,1,0.023136298,-0.999200953,-,0,2219.97,0.339533868,-1250.491099,0.340045238,1417.738693,600.017129,505.7991988,0.842974599,0.195949198,6,0.5,0: Broadleaf,1564673149,383.9800968,399.9910968,18.21759677,13.65922581,499.9975806,100.9704194,0.199991613,27.66437419,26.10930968,999.9,10004.59258,0,519.9197097,600.017129,0.900011935,0.099987803,0,1467.923548,4.99935,8747.417097,5111.085484,37.375,40.179,38.81606452,40.129,39.562,535.5229032,59.49354839,0,87,1466.215,-423.7740171,-2469.866324,8737.314231,15,100,100,4.052,0.304,2,474.772,536.951,27.0994,28.0019,30.0008,27.9633,27.9341,19.1762,33.0426,51.5927,-999.9,400.1,13.7499,101.109,113.828
19,1564673478,3339.8,20190801 08:31:18,8:31:18,1,23293,1_1,23509,31,23522,23316,23388,B2_R3,2,1,1564673470,0.00385731,14.95618625,380.1490968,269.3704999,27.25204069,38.45944027,0.246107074,2.275208615,0.232216302,0.146317845,99.10727235,27.62940883,27.01250645,3.581789553,50.84293235,1.947201096,3.829836333,1.634588457,-170.1073818,140.4536252,13.40067186,82.85418763,-0.041865872,0.046998109,3.500391364,0,0,1,0,53180.59976,MPF-1822-20190801-07_22_55,3.338461538,1.77386,-1.564601538,-0.882032144,0.154453011,MPF-1841-20190801-08_31_19,1248.999615,2371.45,0.473318174,0.5,505.7826291,14.95618625,119.6980553,1,0.029265009,-0.999251994,-,0,2371.45,0.473318174,-1335.886789,0.473985438,1514.555676,599.9977742,505.7826291,0.842974176,0.195948351,6,0.5,0: Broadleaf,1564673470,380.1490968,399.8567097,19.24694516,14.70713226,499.9856452,100.9693548,0.20000371,28.15756129,27.01250645,999.9,9999.230645,0,156.9202903,599.9977742,0.900026065,0.099974197,0,1249.700645,4.99935,7443.635484,5110.940645,37.812,40.75,39.312,40.562,40,535.5145161,59.48322581,0,320.4000001,1248.999615,-64.89743588,-348.585641,7439.954231,15,100,100,4.072,0.163,2,481.476,531.728,27.4165,28.1597,30.0004,28.1697,28.1504,19.1792,36.739,70.4896,-999.9,400.1,14.5145,101.088,113.811
20,1564673574,3435.8,20190801 08:32:54,8:32:54,1,23293,1_1,23509,31,23522,23316,23388,B2_R3,2,2,1564673566,0.002699631,12.90555035,383.5408065,246.1856237,24.90515522,38.80057322,0.165770959,2.275660073,0.159342653,0.100145946,99.10940506,28.07251296,27.11790968,3.604020874,50.39078992,1.937006953,3.84397021,1.66701392,-119.0537077,135.3132739,12.91853487,128.2875061,-0.041878152,0.047011895,3.501202193,0,0,1,0,53184.27261,MPF-1822-20190801-07_22_55,3.338461538,1.77386,-1.564601538,-0.882032144,0.154453011,MPF-1842-20190801-08_32_55,1092.935385,2064.98,0.470728344,0.5,505.7850779,12.90555035,119.043686,1,0.025210505,-0.99914098,-,0,2064.98,0.470728344,-1163.116672,0.471490605,1318.678328,599.9995161,505.7850779,0.84297581,0.195951619,6,0.5,0: Broadleaf,1564673566,383.5408065,400.2701935,19.14717097,15.9696,499.9932903,100.9640968,0.200036387,28.22083871,27.11790968,999.9,10002.68452,0,1213.677097,599.9995161,0.899972742,0.1000272,0,1092.833226,4.99935,6509.328387,5110.874194,37.899,40.75,39.375,40.61890323,40.09248387,535.483871,59.51612903,0,95.39999986,1092.935385,9.930256418,116.7630769,6510.930769,15,100,100,4.072,0.163,2,476.925,538.245,27.5216,28.2471,30.0004,28.2472,28.2278,19.1877,29.6395,71.843,-999.9,400.1,16.018,101.074,113.799
21,1564673688,3549.8,20190801 08:34:48,8:34:48,1,23293,1_1,23509,31,23522,23316,23388,B2_R3,2,3,1564673680,0.002707395,10.95678282,385.7980645,275.702953,27.89176583,39.02964824,0.178663666,2.274990958,0.171218613,0.107654689,99.11133965,27.97364714,26.60034516,3.496002848,50.73372955,1.939287992,3.822482616,1.556714855,-119.3961044,186.9436647,17.7984426,184.4573425,-0.041859953,0.046991464,3.500000472,0,0,1,0,53179.14367,MPF-1822-20190801-07_22_55,3.338461538,1.77386,-1.564601538,-0.882032144,0.154453011,MPF-1843-20190801-08_34_49,1534.083462,2314.14,0.337082691,0.5,505.7983109,10.95678282,85.24792787,1,0.021356991,-0.999233469,-,0,2314.14,0.337082691,-1303.578715,0.337569681,1477.926541,600.0156774,505.7983109,0.842975159,0.195950318,6,0.5,0: Broadleaf,1564673680,385.7980645,400.1997097,19.16936452,15.98274839,499.9966452,100.9660323,0.199970968,28.12455806,26.60034516,999.9,9998.145806,0,1099.154097,600.0156774,0.899995935,0.100004026,0,1536.829677,4.99935,9196.065161,5111.04871,37.933,40.75,39.437,40.5,40.062,535.5125806,59.50483871,0,113.1999998,1534.083462,-358.9815385,-2061.51453,9179.928462,15,100,100,4.072,0.163,2,480.794,525.418,27.5537,28.2923,30.0003,28.3068,28.286,19.1768,30.138,73.9607,-999.9,400.1,15.7992,101.058,113.782
22,1564673890,3751.8,20190801 08:38:10,8:38:10,1,23293,1_1,23509,31,23522,23316,23388,B2_R3,4,1,1564673882,0.00355432,12.64231809,383.1170968,274.9452889,27.81951621,38.76455687,0.213366459,2.277722633,0.202851866,0.127683919,99.10956715,28.17827906,27.74609032,3.739029613,51.29802236,2.016567523,3.931082389,1.722462091,-156.7455272,105.6454651,10.12801419,58.13751923,-0.041934285,0.047074908,3.504907439,0,0,1,0,53184.93801,MPF-1822-20190801-07_22_55,3.338461538,1.77386,-1.564601538,-0.882032144,0.154453011,MPF-1844-20190801-08_38_11,1443.155769,2376.96,0.392856519,0.5,505.7911569,12.64231809,99.35167656,1,0.024689766,-0.999253727,-,0,2376.96,0.392856519,-1338.99301,0.393409065,1518.077339,600.0074516,505.7911569,0.842974792,0.195949585,6,0.5,0: Broadleaf,1564673882,383.1170968,399.9214839,19.9301,15.75003548,500.0136774,100.9820323,0.199975,28.60641935,27.74609032,999.9,10014.3129,0,1061.870645,600.0074516,0.900009452,0.099990732,0,1445.790645,4.99935,8813.230645,5110.998387,38.187,40.97967742,39.687,40.76,40.31606452,535.5132258,59.49677419,0,201.4000001,1443.155769,-343.4649575,-2143.029403,8797.132692,15,100,100,4.083,0.237,2,476.008,532.129,27.7003,28.2981,30.0004,28.3066,28.2904,19.1643,35.0751,80.1828,-999.9,400.1,15.4308,101.071,113.785
23,1564673968,3829.3,20190801 08:39:27,8:39:27,1,23293,1_1,23509,31,23522,23316,23388,B2_R3,4,2,1564673960,0.003027986,11.82770069,384.5867742,262.3495249,26.54437565,38.91227098,0.173708799,2.274856102,0.166661809,0.104772953,99.10747693,28.58019166,27.92316452,3.77787484,50.00290483,1.992017047,3.983802649,1.785857793,-133.5341676,111.9725801,10.76990325,88.31579269,-0.041856285,0.046987347,3.49975829,0,0,1,0,53049.59755,MPF-1822-20190801-07_22_55,3.338461538,1.77386,-1.564601538,-0.882032144,0.154453011,MPF-1845-20190801-08_39_29,1352.481538,2111.59,0.359496143,0.5,505.7783284,11.82770069,90.91267926,1,0.02307977,-0.999159941,-,0,2111.59,0.359496143,-1189.392703,0.360065413,1348.46866,599.9919355,505.7783284,0.842975211,0.195950422,6,0.5,0: Broadleaf,1564673960,384.5867742,400.1767097,19.68796452,16.1260871,500.0235161,100.9794516,0.199979387,28.83616774,27.92316452,999.9,9995.94129,0,1367.45871,599.9919355,0.899995032,0.100005074,0,1354.933548,4.99935,8352.746774,5110.842903,38.415,41.36077419,39.933,41.06,40.57419355,535.4903226,59.50354839,0,77,1352.481538,-195.4529914,-1092.597948,8339.082692,15,100,100,4.083,0.237,2,482.68,533.161,27.9073,28.4161,30.0007,28.3939,28.374,19.2045,31.2095,80.5055,-999.9,400.1,16.2387,101.047,113.782
24,1564674040,3901.8,20190801 08:40:40,8:40:40,1,23293,1_1,23509,31,23522,23316,23388,B2_R3,4,3,1564674032,0.003257099,11.48683086,384.9700645,275.6419452,27.88926444,38.95100916,0.191178493,2.275286077,0.18268162,0.11490795,99.105777,28.59551979,27.93230323,3.779889142,50.63281724,2.027698187,4.004711367,1.752190955,-143.6380504,121.9597001,11.73409698,89.16152372,-0.041867979,0.047000475,3.500530484,0,0,1,0,53047.92605,MPF-1822-20190801-07_22_55,3.338461538,1.77386,-1.564601538,-0.882032144,0.154453011,MPF-1846-20190801-08_40_41,1761.571538,2591.37,0.320216126,0.5,505.768923,11.48683086,80.9776825,1,0.022406236,-0.999315474,-,0,2591.37,0.320216126,-1459.865006,0.320629192,1655.115425,599.9806774,505.768923,0.842975352,0.195950705,6,0.5,0: Broadleaf,1564674032,384.9700645,400.2587742,20.04063871,16.2104871,500.0049032,100.9793226,0.199996935,28.92655161,27.93230323,999.9,9998.746774,0,907.0732581,599.9806774,0.899988581,0.100011494,0,1771.143548,4.99935,10672.6,5110.736774,38.5863871,41.61687097,39.80629032,41.47958065,40.804,535.4764516,59.50516129,0,72,1761.571538,-832.2488888,-4924.803418,10615.94231,15,100,100,4.083,0.237,2,483.054,529.994,28.0958,28.5584,30.0008,28.492,28.4636,19.1926,31.8528,80.5616,-999.9,400.1,16.0553,101.025,113.755
25,1564674258,4119.8,20190801 08:44:18,8:44:18,1,23293,1_1,23509,31,23522,23316,23388,B2_R3,5,1,1564674250,0.00098213,4.95923437,393.7382581,223.6812956,22.63405585,39.84192642,0.050029165,2.277149604,0.049426468,0.030945088,99.10552249,29.74958185,29.00594839,4.023157299,50.55639097,2.073048064,4.100466873,1.950109235,-43.31194554,40.43268182,3.915696647,100.1419554,-0.041918685,0.047057396,3.503877893,0,0,1,0,53037.94201,MPF-1822-20190801-07_22_55,3.338461538,1.77386,-1.564601538,-0.882032144,0.154453011,MPF-1847-20190801-08_44_19,1500.509615,2085.99,0.280672671,0.5,505.7690314,4.95923437,70.97777243,1,0.009499952,-0.999149632,-,0,2085.99,0.280672671,-1174.960899,0.281122585,1332.106667,599.981,505.7690314,0.84297508,0.19595016,6,0.5,0: Broadleaf,1564674250,393.7382581,400.1535161,20.48691935,19.33248387,499.9895484,100.9889032,0.199959194,29.33529677,29.00594839,999.9,10009.90645,0,510.3689355,599.981,0.899997032,0.100002977,0,1502.36129,4.99935,8949.115161,5110.751613,38.97358065,41.99593548,40.30009677,41.88070968,41.19106452,535.4816129,59.49967742,0,217.1999998,1500.509615,-311.1832479,-1801.860171,8938.468846,15,100,100,3.964,0.344,2,479.571,531.218,28.488,28.8034,30.0009,28.7338,28.6978,19.2616,21.6504,91.992,-999.9,400.1,19.1228,100.98,113.704
26,1564674350,4211.4,20190801 08:45:49,8:45:49,1,23293,1_1,23509,31,23522,23316,23388,B2_R3,5,2,1564674342,0.004523793,15.13092541,379.9105161,278.0733533,28.14019188,38.44580825,0.276115946,2.27547512,0.25876121,0.163194028,99.10607131,28.61249268,28.22055806,3.843907424,51.8010612,2.126923171,4.105945171,1.716984253,-199.4992704,139.5887928,13.47732062,52.67291431,-0.041873121,0.047006247,3.500870005,0,0,1,0,52978.77386,MPF-1822-20190801-07_22_55,3.338461538,1.77386,-1.564601538,-0.882032144,0.154453011,MPF-1848-20190801-08_45_51,1038.513077,2198.65,0.527658756,0.5,505.7712232,15.13092541,133.4373071,1,0.02961116,-0.999193205,-,0,2198.65,0.527658756,-1238.472112,0.528461179,1404.11222,599.9835161,505.7712232,0.842975198,0.195950396,6,0.5,0: Broadleaf,1564674342,379.9105161,400.1293226,21.01764839,15.70336774,500.0165161,100.9970323,0.199977613,29.35842903,28.22055806,999.9,9998.22129,0,433.6455806,599.9835161,0.899996,0.100003826,0,1038.634194,4.99935,6221.834516,5110.772258,39.149,42.12093548,40.51590323,42.24164516,41.35874194,535.4841935,59.50258065,0,90.79999995,1038.513077,-15.56307692,-94.92136765,6221.601154,15,100,100,3.964,0.344,2,478.124,526.677,28.6432,28.9586,30.0006,28.872,28.83,19.1802,37.1663,92.1415,-999.9,400.1,15.4303,100.945,113.692
27,1564674477,4338.3,20190801 08:47:56,8:47:56,1,23293,1_1,23509,31,23522,23316,23388,B2_R3,5,3,1564674469,0.002389339,9.987349515,386.9211935,247.5944071,25.05653598,39.15639663,0.126655577,2.277383842,0.122868473,0.07712362,99.10647759,29.43794471,28.61526129,3.933100028,48.91429736,2.023046612,4.135900384,1.910053416,-105.3698684,106.7165374,10.32151569,110.7746623,-0.041925061,0.047064554,3.504298729,0,0,1,0,53019.76026,MPF-1822-20190801-07_22_55,3.338461538,1.77386,-1.564601538,-0.882032144,0.154453011,MPF-1849-20190801-08_47_58,1807.703077,2474.94,0.269597212,0.5,505.7757023,9.987349515,68.17785954,1,0.01944122,-0.999283272,-,0,2474.94,0.269597212,-1394.228485,0.269961364,1580.700312,599.9891613,505.7757023,0.842974732,0.195949464,6,0.5,0: Broadleaf,1564674469,386.9211935,400.0164194,19.99059355,17.18048387,499.9609355,100.9999032,0.200024,29.48444194,28.61526129,999.9,10010.33871,0,124.5951613,599.9891613,0.900007935,0.099992239,0,1810.998387,4.99935,10778.44516,5110.83871,39.34654839,42.31403226,40.875,42.09654839,41.5,535.496129,59.49354839,0,126.1999998,1807.703077,-546.8410257,-3215.911111,10759.00769,15,100,100,3.964,0.344,2,488.647,526.458,28.7844,29.0854,30.0005,29.0081,28.9667,19.2328,29.2196,90.6235,-999.9,400.1,17.3582,100.911,113.652
28,1564674977,4838,20190801 08:56:16,8:56:16,1,23293,1_1,23509,31,23522,23316,23388,B3_R1,6,1,1564674969,0.00480392,14.40704222,380.338871,287.7637445,29.11259809,38.47827567,0.293639881,2.2760776,0.274100796,0.172960044,99.10679703,28.22782823,28.10971935,3.819180299,51.96718544,2.097944158,4.037055576,1.721236142,-211.852865,117.2893524,11.29859496,15.84187937,-0.041889512,0.047024646,3.501952139,0,0,1,0,53049.4333,MPF-1822-20190801-07_22_55,3.338461538,1.77386,-1.564601538,-0.882032144,0.154453011,MPF-1850-20190801-08_56_18,1488.462308,2607.38,0.429134876,0.5,505.7724371,14.40704222,108.522296,1,0.028179846,-0.999319677,-,0,2607.38,0.429134876,-1468.890521,0.42968504,1665.348062,599.9846129,505.7724371,0.84297568,0.19595136,6,0.5,0: Broadleaf,1564674969,380.338871,399.8190645,20.73714839,15.09221935,500.0204839,100.9684516,0.199950065,29.06556129,28.10971935,999.9,10004.96613,0,1162.023226,599.9846129,0.899979,0.100021052,0,1489.957419,4.99935,9240.42871,5110.755806,38.937,41.69106452,40.49593548,41.274,41,535.4748387,59.51225806,0,498.8,1488.462308,-249.9104274,-1410.374702,9230.726154,15,100,100,4.045,0.28,2,488.998,523.28,28.1803,28.7806,30.0006,28.8126,28.7991,19.2476,39.867,97.7301,-999.9,400.1,14.7091,100.976,113.69
29,1564675076,4937,20190801 08:57:55,8:57:55,1,23293,1_1,23509,31,23522,23316,23388,B3_R1,6,2,1564675068,0.005170376,13.07304264,381.9847097,302.7595553,30.63357549,38.64967178,0.319697056,2.275930071,0.296680679,0.187355081,99.10788165,28.23481447,27.99209677,3.793091631,51.16915159,2.080950029,4.066805809,1.712141602,-228.0135729,147.2977181,14.19093204,32.5829589,-0.041885498,0.047020141,3.501687146,0,0,1,0,53022.53936,MPF-1822-20190801-07_22_55,3.338461538,1.77386,-1.564601538,-0.882032144,0.154453011,MPF-1851-20190801-08_57_57,913.1731538,1755.45,0.479806799,0.5,505.7867776,13.07304264,121.3399675,1,0.025541572,-0.998989513,-,0,1755.45,0.479806799,-988.6215034,0.48072102,1120.84521,600.0028387,505.7867776,0.842973974,0.195947949,6,0.5,0: Broadleaf,1564675068,381.9847097,400.0420645,20.56656774,14.48982258,500.0083548,100.9812258,0.199975419,29.19256774,27.99209677,999.9,10002.74194,0,1464.374194,600.0028387,0.900038,0.0999617,0,913.1305484,4.99935,5736.448065,5111.002258,39.125,42.08029032,40.679,41.629,41.24593548,535.5258065,59.48,0,98.4000001,913.1731538,2.692991449,-10.6950427,5736.845769,15,100,100,4.045,0.28,2,486.654,523.529,28.3645,28.9468,30.0007,28.9329,28.9103,19.2403,41.3655,95.4425,-999.9,400.1,14.2642,100.941,113.67
30,1564675161,5022.5,20190801 08:59:21,8:59:21,1,23293,1_1,23509,31,23522,23316,23388,B3_R1,6,3,1564675153,0.00381432,13.29493161,382.509,270.1299003,27.33326342,38.70441312,0.21634638,2.27342269,0.205524691,0.129380095,99.1081815,28.88288218,28.34300323,3.871386097,49.778986,2.048420771,4.115031132,1.822965326,-168.2115307,129.1504456,12.49072221,72.53781861,-0.041817316,0.0469436,3.497184459,0,0,1,0,52904.09238,MPF-1822-20190801-07_22_55,3.338461538,1.77386,-1.564601538,-0.882032144,0.154453011,MPF-1852-20190801-08_59_22,1536.623846,2544.73,0.396154466,0.5,505.7853778,13.29493161,100.1845681,1,0.025980345,-0.999302928,-,0,2544.73,0.396154466,-1433.572063,0.396674868,1625.305918,600.0007742,505.7853778,0.842974542,0.195949084,6,0.5,0: Broadleaf,1564675153,382.509,400.2138065,20.2441871,15.75964516,499.9979032,100.9856129,0.200014419,29.39673548,28.34300323,999.9,9986.025484,0,574.955129,600.0007742,0.900015935,0.099984455,0,1538.016129,4.99935,9378.7,5110.951613,39.35264516,42.411,40.891,41.99783871,41.45732258,535.5109677,59.49096774,0,84.5999999,1536.623846,-234.8690599,-1493.595555,9366.426538,15,100,100,4.049,0.227,2,481.878,524.245,28.566,29.1579,30.0012,29.1125,29.0831,19.2678,36.3518,93.1673,-999.9,400.1,15.6809,100.891,113.617
31,1564675383,5244,20190801 09:03:02,9:03:02,1,23293,1_1,23509,31,23522,23316,23388,B3_R1,3,1,1564675375,0.004277896,13.34660669,381.996129,283.7043501,28.70236913,38.64654841,0.253110493,2.274637386,0.238439732,0.150272032,99.10969283,29.17231423,28.72448387,3.958098092,52.07963435,2.198212298,4.22086738,1.759885794,-188.655207,136.5009189,13.24856374,60.20396843,-0.041850338,0.04698067,3.499365522,0,0,1,0,52866.76339,MPF-1822-20190801-07_22_55,3.338461538,1.77386,-1.564601538,-0.882032144,0.154453011,MPF-1853-20190801-09_03_04,1619.793077,2774.67,0.416221361,0.5,505.7872285,13.34660669,105.2597242,1,0.026082418,-0.999360695,-,0,2774.67,0.416221361,-1563.198978,0.416722758,1772.269854,600.0021613,505.7872285,0.842975678,0.195951355,6,0.5,0: Broadleaf,1564675375,381.996129,399.973129,21.72790645,16.70594194,499.9970968,100.9699677,0.200032355,29.83759355,28.72448387,999.9,9995.459677,0,220.9305161,600.0021613,0.899977968,0.100022081,0,1622.720323,4.99935,9840.963548,5110.904194,39.933,42.937,41.504,42.70325806,42.062,535.49,59.51387097,0,221,1619.793077,-267.6116236,-1646.597605,9823.079231,15,100,100,3.987,0.401,2,476.217,518.865,29.0566,29.5983,30.0006,29.5029,29.4531,19.2563,36.428,98.8608,-999.9,400.1,16.134,100.809,113.543
32,1564675464,5325,20190801 09:04:23,9:04:23,1,23293,1_1,23509,31,23522,23316,23388,B3_R1,3,2,1564675456,0.004498372,13.53031294,381.9518387,290.8380514,29.42396905,38.64191438,0.279537815,2.275841133,0.261767777,0.165107204,99.10987821,29.04922961,28.18970968,3.837011439,51.08503447,2.149894448,4.208462361,1.687116991,-198.3782223,195.9089247,18.94941749,115.5899981,-0.041883078,0.047017424,3.501527399,0,0,1,0,52915.36598,MPF-1822-20190801-07_22_55,3.338461538,1.77386,-1.564601538,-0.882032144,0.154453011,MPF-1854-20190801-09_04_25,1184.365,2298.74,0.484776443,0.5,505.7903965,13.53031294,122.5976346,1,0.02644546,-0.999228334,-,0,2298.74,0.484776443,-1294.897083,0.485481508,1468.08378,600.0062258,505.7903965,0.842975247,0.195950494,6,0.5,0: Broadleaf,1564675456,381.9518387,400.2487097,21.2504,15.96743871,500.0354839,100.9696452,0.199953903,29.78642258,28.18970968,999.9,10003.31129,0,194.2887742,600.0062258,0.899996258,0.100003568,0,1184.707097,4.99935,7168.984194,5110.967419,40,43.062,41.562,42.75,42.137,535.5035484,59.50580645,0,80.4000001,1184.365,-39.86358973,-211.7487181,7166.615769,15,100,100,3.987,0.401,2,482.515,514.322,29.1392,29.7055,30.0006,29.6119,29.5686,19.2339,37.3582,98.0759,-999.9,400.1,15.7129,100.791,113.533
33,1564675577,5438,20190801 09:06:16,9:06:16,1,23293,1_1,23509,31,23522,23316,23388,B3_R1,3,3,1564675569,0.005441031,15.30235107,378.8713226,288.6102322,29.19830569,38.32989777,0.323877763,2.276167167,0.300281552,0.189652538,99.10829435,28.9646867,28.78912581,3.972958041,51.50627312,2.195693421,4.262963107,1.77726462,-239.949451,149.8496537,14.55152874,23.56002571,-0.041891949,0.047027382,3.502113023,0,0,1,0,52886.99441,MPF-1822-20190801-07_22_55,3.338461538,1.77386,-1.564601538,-0.882032144,0.154453011,MPF-1855-20190801-09_06_18,1138.155385,2304.5,0.506116127,0.5,505.7801514,15.30235107,127.9917457,1,0.02994957,-0.999230263,-,0,2304.5,0.506116127,-1298.144239,0.506850387,1471.765228,599.9937742,505.7801514,0.842975666,0.195951332,6,0.5,0: Broadleaf,1564675569,378.8713226,399.7077419,21.7033,15.3158129,500.0034194,100.9686774,0.199966097,30.01026774,28.78912581,999.9,10005.52581,0,1733.506129,599.9937742,0.899980645,0.100019413,0,1138.280968,4.99935,7013.448065,5110.835484,40.125,43.23374194,41.683,42.86280645,42.25,535.4835484,59.51290323,0,112,1138.155385,-34.78564098,-151.9350425,7012.996923,15,100,100,3.987,0.401,2,483.07,515.5,29.2887,29.8531,30.0006,29.7657,29.7193,19.2325,40.5364,97.7192,-999.9,400.1,14.96,100.761,113.52
34,1564675787,5648,20190801 09:09:46,9:09:46,1,23293,1_1,23509,31,23522,23316,23388,B3_R1,1,1,1564675779,0.004994128,13.29979365,381.5188065,291.1244823,29.45419127,38.5997351,0.280621019,2.275887935,0.26271807,0.165712032,99.10720004,29.58715776,29.26658065,4.084230736,50.69528287,2.220898681,4.380878369,1.863332054,-220.2410645,149.6393082,14.60171805,43.10716181,-0.041884351,0.047018854,3.501611463,0,0,1,0,52794.99162,MPF-1822-20190801-07_22_55,3.338461538,1.77386,-1.564601538,-0.882032144,0.154453011,MPF-1856-20190801-09_09_48,1348.230769,2242.78,0.398857325,0.5,505.7748682,13.29979365,100.8660054,1,0.025990498,-0.99920908,-,0,2242.78,0.398857325,-1263.350061,0.399451924,1432.317485,599.9875484,505.7748682,0.842975608,0.195951215,6,0.5,0: Broadleaf,1564675779,381.5188065,399.7651613,21.95130645,16.08984839,499.995129,100.9739032,0.199969323,30.48615806,29.26658065,999.9,10003.19355,0,524.8335161,599.9875484,0.899978032,0.100022923,0,1350.694194,4.99935,8911.834516,5110.779032,40.5,43.36687097,42.1006129,43.2256129,42.62093548,535.4777419,59.51096774,0,209.5999999,1348.230769,-225.7736749,-1875.340853,8884.859231,15,100,100,3.987,0.401,2,480.982,511.609,29.6476,30.0426,30.0002,29.951,29.9013,19.2544,39.8401,97.3681,-999.9,400.1,15.8913,100.725,113.489
35,1564675883,5744,20190801 09:11:22,9:11:22,1,23293,1_1,23509,31,23522,23316,23388,B3_R1,1,2,1564675875,0.004177546,12.50332264,383.254,278.2559359,28.15255421,38.77573709,0.221340014,2.275792544,0.21003816,0.132241169,99.10806688,30.15741702,29.74978387,4.199599829,50.51021871,2.251436644,4.457388428,1.948163186,-184.2297766,127.5048452,12.49085757,54.87399302,-0.041881756,0.04701594,3.501440125,0,0,1,0,52739.25078,MPF-1822-20190801-07_22_55,3.338461538,1.77386,-1.564601538,-0.882032144,0.154453011,MPF-1857-20190801-09_11_24,1424.137692,10259,0.861181627,0.5,505.7839527,12.50332264,217.7859236,1,0.024415305,-0.999827092,-,0,10259,0.861181627,-5782.43274,0.861461962,6555.80727,599.9989677,505.7839527,0.842974705,0.19594941,6,0.5,0: Broadleaf,1564675875,383.254,400.1795161,22.2528871,17.3513129,499.9924516,100.9750645,0.199971065,30.78900645,29.74978387,999.9,10002.45871,0,1766.11,599.9989677,0.900008355,0.099992148,0,1427.189677,4.99935,8739.152581,5110.924516,40.75,43.80612903,42.302,43.4613871,42.875,535.5045161,59.49387097,0,95.39999986,1424.137692,-326.8335045,-1975.931967,8720.661923,15,100,100,3.868,0.262,2,488.109,516.48,29.9057,30.1792,30.0007,30.0639,30.0194,19.2257,35.9586,98.466,-999.9,400.1,17.2274,100.71,113.483
36,1564676008,5869,20190801 09:13:27,9:13:27,1,23293,1_1,23509,31,23522,23316,23388,B3_R1,1,3,1564676000,0.002683458,10.23529876,386.8986452,252.3726471,25.53229784,39.14216361,0.1356714,2.274559047,0.131330681,0.082460103,99.10627983,30.92017838,29.95659677,4.249839808,49.67465459,2.249065053,4.527590723,2.000774755,-118.340505,135.6651297,13.32912577,129.7600304,-0.041848208,0.046978279,3.499224844,0,0,1,0,52651.12694,MPF-1822-20190801-07_22_55,3.338461538,1.77386,-1.564601538,-0.882032144,0.154453011,MPF-1858-20190801-09_13_29,1527.933462,2470.37,0.381496107,0.5,505.7734778,10.23529876,96.47530647,1,0.019931543,-0.999281946,-,0,2470.37,0.381496107,-1391.652182,0.382012359,1577.779441,599.9863548,505.7734778,0.842974967,0.195949934,6,0.5,0: Broadleaf,1564676000,386.8986452,400.4269355,22.23076452,19.0821871,499.9977742,100.9690645,0.199973161,31.06292903,29.95659677,999.9,9995.040323,0,1280.666129,599.9863548,0.900001226,0.099998748,0,1530.503548,4.99935,9298.766452,5110.803548,41.006,44.258,42.562,43.919,43.187,535.4896774,59.49806452,0,124.1999998,1527.933462,-426.931624,-2403.927864,9284.035769,15,100,100,3.868,0.262,2,480.794,504.241,30.2485,30.3916,30.0007,30.2561,30.2036,19.2239,28.0583,99.6254,-999.9,400.1,19.2251,100.662,113.431
37,1564676441,6302.6,20190801 09:20:41,9:20:41,1,23293,1_1,23509,31,23522,23316,23388,B1_R3,5,1,1564676433,0.003808084,12.15764596,383.6732581,276.86568,28.01274081,38.81932761,0.209744215,2.276087306,0.199567529,0.125602883,99.10435444,29.79898822,29.34546129,4.1028733,51.4811753,2.232671791,4.336870278,1.870201509,-167.9364914,118.3407908,11.54102817,61.04968198,-0.041889776,0.047024943,3.501969573,0,0,1,0,52832.32813,MPF-1822-20190801-07_22_55,3.338461538,1.77386,-1.564601538,-0.882032144,0.154453011,MPF-1859-20190801-09_20_42,1499.817692,2427.08,0.382048514,0.5,505.762564,12.15764596,96.61291804,1,0.023732862,-0.999269138,-,0,2427.08,0.382048514,-1367.247776,0.382574748,1550.111054,599.9732581,505.762564,0.842975178,0.195950356,6,0.5,0: Broadleaf,1564676433,383.6732581,400.0154194,22.06675161,17.59796774,500.0087419,100.9780968,0.199993677,30.30986774,29.34546129,999.9,10004.07355,0,1538.716129,599.9732581,0.899994839,0.100005297,0,1502.989677,4.99935,9225.667097,5110.681613,40.5,43.12293548,41.95732258,42.812,42.562,535.4735484,59.50096774,0,432.8,1499.817692,-418.266667,-2567.015045,9206.567308,15,100,100,3.951,0.42,2,488.727,512.482,29.5124,30.1615,30.0004,30.1547,30.1229,19.2862,35.4436,98.4887,-999.9,400.1,17.206,100.698,113.454
38,1564676549,6410.1,20190801 09:22:28,9:22:28,1,23293,1_1,23509,31,23522,23316,23388,B1_R3,5,2,1564676541,0.003901255,10.72809558,385.3552903,291.3594338,29.48042457,38.99114375,0.214234537,2.275959448,0.203628722,0.128177075,99.10651504,29.91852933,29.29800323,4.091648245,50.60321987,2.213529141,4.374285168,1.878119104,-172.0453446,142.5597782,13.91081128,83.53175988,-0.041886297,0.047021038,3.501739913,0,0,1,0,52802.10261,MPF-1822-20190801-07_22_55,3.338461538,1.77386,-1.564601538,-0.882032144,0.154453011,MPF-1860-20190801-09_22_30,1210.23,1844.88,0.344006114,0.5,505.7755273,10.72809558,86.99493691,1,0.020905801,-0.999038496,-,0,1844.88,0.344006114,-1039.036981,0.34462975,1178.003533,599.9889032,505.7755273,0.842974803,0.195949605,6,0.5,0: Broadleaf,1564676541,385.3552903,400.0329032,21.87663871,17.29759355,500.0049355,100.9823548,0.199968935,30.45984516,29.29800323,999.9,10002.82097,0,147.6144194,599.9889032,0.900004839,0.09999521,0,1210.843226,4.99935,7377.736129,5110.832581,40.57419355,43.411,42.06606452,43.187,42.69106452,535.4935484,59.49483871,0,106.5999999,1210.23,-147.919316,-866.3873493,7374.527308,15,100,100,3.951,0.42,2,489.016,513.909,29.7277,30.2773,30.0006,30.2374,30.2002,19.3037,35.3583,98.1168,-999.9,400.1,17.2005,100.679,113.435
39,1564676633,6494.1,20190801 09:23:52,9:23:52,1,23293,1_1,23509,31,23522,23316,23388,B1_R3,5,3,1564676625,0.003732586,13.45213921,382.324,264.6275526,26.77598625,38.68494443,0.207916061,2.276262095,0.197912187,0.124553805,99.10850319,29.7743111,29.07101935,4.03833017,50.6115366,2.18874634,4.32459966,1.849583831,-164.6070385,145.9625807,14.21091002,94.67495537,-0.041894532,0.047030282,3.50228354,0,0,1,0,52846.81364,MPF-1822-20190801-07_22_55,3.338461538,1.77386,-1.564601538,-0.882032144,0.154453011,MPF-1861-20190801-09_23_54,1453.582308,2432.25,0.40237134,0.5,505.7843551,13.45213921,101.7565644,1,0.026291217,-0.999270692,-,0,2432.25,0.40237134,-1370.162324,0.402924387,1553.41541,599.9991935,505.7843551,0.842975058,0.195950116,6,0.5,0: Broadleaf,1564676625,382.324,400.1786774,21.63141935,17.24929355,500.0100323,100.9837097,0.199957645,30.26043548,29.07101935,999.9,10004.65323,0,82.9506129,599.9991935,0.90000329,0.099996768,0,1455.950968,4.99935,8865.151613,5110.917419,40.562,43.512,42.062,43.24593548,42.687,535.5006452,59.50129032,0,83.5999999,1453.582308,-188.3651279,-1129.100512,8850.422692,15,100,100,3.951,0.42,2,486.585,503.512,29.7769,30.3452,30.0001,30.2952,30.2525,19.3168,35.0402,96.2269,-999.9,400.1,17.0477,100.66,113.419
40,1564676804,6665.1,20190801 09:26:43,9:26:43,1,23293,1_1,23509,31,23522,23316,23388,B1_R3,4,1,1564676796,0.002618578,11.0577836,385.3664194,245.922231,24.88074503,38.98876318,0.140354212,2.275404681,0.135715852,0.085226376,99.11111779,30.21513821,29.20986452,4.07087219,50.16824926,2.179074127,4.343532331,1.891798063,-115.4792865,138.2251911,13.47701814,135.3340405,-0.041871205,0.047004096,3.500743494,0,0,1,0,52805.09721,MPF-1822-20190801-07_22_55,3.338461538,1.77386,-1.564601538,-0.882032144,0.154453011,MPF-1862-20190801-09_26_45,1319.27,2165.02,0.390643043,0.5,505.7970968,11.0577836,98.7930584,1,0.021556728,-0.999180673,-,0,2165.02,0.390643043,-1219.513457,0.391246345,1382.61793,600.0142258,505.7970968,0.842975175,0.195950349,6,0.5,0: Broadleaf,1564676796,385.3664194,399.8455161,21.53805161,18.4636871,500.0406774,100.9732258,0.199998484,30.33665484,29.20986452,999.9,10000.12097,0,793.2929677,600.0142258,0.89999071,0.100009374,0,1320.486452,4.99935,8065.306129,5111.027097,40.5863871,43.60264516,42.08435484,43.37093548,42.687,535.5064516,59.50451613,0,170.4000001,1319.27,-128.9907692,-704.3172651,8058.299231,15,100,100,3.89,0.26,2,490.578,507.578,29.8067,30.4067,30.0004,30.3604,30.3207,19.3399,29.4177,98.874,-999.9,400.1,18.4027,100.65,113.406
41,1564676893,6754.1,20190801 09:28:12,9:28:12,1,23293,1_1,23509,31,23522,23316,23388,B1_R3,4,2,1564676885,0.002203222,10.49773695,386.4997419,228.1901396,23.08537084,39.10111931,0.115669837,2.273916367,0.112497675,0.070588807,99.11033547,30.50317375,29.40258387,4.11641986,50.1406772,2.196922078,4.381516567,1.919497782,-97.16206961,133.1488697,13.01276942,148.109905,-0.041830735,0.046958664,3.498070829,0,0,1,0,52729.57947,MPF-1822-20190801-07_22_55,3.338461538,1.77386,-1.564601538,-0.882032144,0.154453011,MPF-1863-20190801-09_28_14,1115.526154,1987.71,0.438788277,0.5,505.7932461,10.49773695,110.9680735,1,0.020449628,-0.999107586,-,0,1987.71,0.438788277,-1119.556301,0.439526484,1269.291951,600.0096774,505.7932461,0.842975147,0.195950294,6,0.5,0: Broadleaf,1564676885,386.4997419,400.1190968,21.71574194,19.12924839,499.9920323,100.9672258,0.20003271,30.48870323,29.40258387,999.9,9991.049032,0,1736.408065,600.0096774,0.899995032,0.100005074,0,1115.538387,4.99935,7024.058065,5110.995484,40.675,43.73374194,42.125,43.534,42.812,535.506129,59.50387097,0,88,1115.526154,-4.13811964,131.8864954,7024.361538,15,100,100,3.89,0.26,2,485.801,514.587,29.9125,30.4806,30.0002,30.4264,30.3884,19.364,27.1234,98.1216,-999.9,400.1,18.8812,100.644,113.392
42,1564676995,6856.1,20190801 09:29:54,9:29:54,1,23293,1_1,23509,31,23522,23316,23388,B1_R3,4,3,1564676987,0.003107254,11.99574111,384.0787419,252.7025457,25.56578852,38.85705173,0.163537842,2.273937968,0.1572735,0.098838771,99.10796869,30.35975702,29.55990645,4.153930521,50.18316195,2.21806967,4.419948015,1.935860851,-137.0299063,132.5802769,12.97697497,107.6353143,-0.041831322,0.046959323,3.498109614,0,0,1,0,52703.82344,MPF-1822-20190801-07_22_55,3.338461538,1.77386,-1.564601538,-0.882032144,0.154453011,MPF-1864-20190801-09_29_56,1430.921923,2470.98,0.420909144,0.5,505.7838762,11.99574111,106.4445292,1,0.023411755,-0.999282123,-,0,2470.98,0.420909144,-1391.996065,0.42147859,1578.169316,599.9989355,505.7838762,0.842974623,0.195949245,6,0.5,0: Broadleaf,1564676987,384.0787419,399.9052258,21.92429355,18.27745806,500.0164839,100.9694516,0.200041742,30.64137742,29.55990645,999.9,9990.969032,0,1040.735161,599.9989355,0.900011484,0.0999887,0,1431.655484,4.99935,8825.305806,5110.928065,40.78,43.905,42.3506129,43.659,42.893,535.5064516,59.49225806,0,101.5999999,1430.921923,-62.15692299,-282.1367519,8821.919231,15,100,100,3.89,0.26,2,487.765,509.963,30.0337,30.6069,30.0009,30.5519,30.5139,19.3332,32.4959,98.498,-999.9,400.1,18.1707,100.614,113.383
43,1564677122,6983.1,20190801 09:32:01,9:32:01,1,23293,1_1,23509,31,23522,23316,23388,B1_R3,1,1,1564677114,0.003855246,12.67775355,382.9838387,273.0796125,27.62765783,38.74674625,0.211933674,2.276404386,0.201550438,0.126859513,99.1098812,30.29232127,29.58322581,4.159515869,51.19932458,2.285972389,4.464848723,1.87354348,-170.0163537,151.5743225,14.83474504,95.50259511,-0.041898403,0.047034628,3.502539139,0,0,1,0,52754.17661,MPF-1822-20190801-07_22_55,3.338461538,1.77386,-1.564601538,-0.882032144,0.154453011,MPF-1865-20190801-09_32_03,1106.160385,2086.1,0.469747191,0.5,505.7911776,12.67775355,118.7969925,1,0.024759824,-0.999149676,-,0,2086.1,0.469747191,-1175.02291,0.47050015,1332.176972,600.0072581,505.7911776,0.842975099,0.195950198,6,0.5,0: Broadleaf,1564677114,382.9838387,399.9686774,22.5952,18.07350645,500.0077097,100.9707742,0.199934161,30.81829355,29.58322581,999.9,10006.85968,0,61.26291613,600.0072581,0.900000581,0.099999535,0,1106.606774,4.99935,7282.156129,5110.983226,41.004,44.129,42.562,43.84248387,43.129,535.5070968,59.50290323,0,126.5999999,1106.160385,-31.78905985,-126.1203418,7280.534615,15,100,100,3.89,0.26,2,485.364,512.023,30.1938,30.774,30.0005,30.7025,30.6587,19.2942,34.3821,98.4827,-999.9,400.1,17.8207,100.58,113.343
44,1564677221,7082.1,20190801 09:33:40,9:33:40,1,23293,1_1,23509,31,23522,23316,23388,B1_R3,1,2,1564677213,0.00446804,14.6884561,380.1042903,270.2707259,27.34526205,38.45792545,0.247250934,2.274477741,0.233230456,0.146962425,99.11029256,29.99740066,29.43214839,4.123446354,50.57857203,2.246185648,4.440982728,1.877260706,-197.0405804,158.4643461,15.50342245,76.03748071,-0.041845997,0.046975797,3.499078842,0,0,1,0,52707.30497,MPF-1822-20190801-07_22_55,3.338461538,1.77386,-1.564601538,-0.882032144,0.154453011,MPF-1866-20190801-09_33_42,1291.870385,9256.12,0.860430679,0.5,505.7947337,14.6884561,217.6006531,1,0.028734983,-0.999808358,-,0,9256.12,0.860430679,-5217.066815,0.860741128,5914.826179,600.0116774,505.7947337,0.842974817,0.195949633,6,0.5,0: Broadleaf,1564677213,380.1042903,399.7694839,22.20049032,16.95759032,499.9730323,100.9772258,0.200073226,30.72445161,29.43214839,999.9,9993.704516,0,1830.410323,600.0116774,0.900003452,0.099996606,0,1292.530645,4.99935,7942.646452,5111.025484,41.11687097,44.308,42.625,43.875,43.23780645,535.5141935,59.49741935,0,98.4000001,1291.870385,-60.59589736,-581.5531607,7938.452692,15,100,100,3.89,0.26,2,482.01,508.24,30.2494,30.9194,30.001,30.8571,30.8165,19.3193,36.8434,97.6834,-999.9,400.1,16.8146,100.549,113.305
45,1564677319,7180.6,20190801 09:35:19,9:35:19,1,23293,1_1,23509,31,23522,23316,23388,B1_R3,1,3,1564677311,0.004319894,12.65290325,382.8574516,286.8588226,29.0237871,38.73673142,0.247089289,2.274601421,0.233087295,0.14687142,99.10794422,29.88701244,29.1637,4.060027041,50.97357756,2.243268837,4.400846369,1.816758203,-190.5073383,171.9173772,16.7831643,97.30114747,-0.04184936,0.046979573,3.499300936,0,0,1,0,52738.95976,MPF-1822-20190801-07_22_55,3.338461538,1.77386,-1.564601538,-0.882032144,0.154453011,MPF-1867-20190801-09_35_20,1341.573846,5678.89,0.763761255,0.5,505.7869814,12.65290325,193.1502499,1,0.024710897,-0.99968764,-,0,5678.89,0.763761255,-3200.430778,0.764210513,3628.474088,600.0030645,505.7869814,0.842973997,0.195947994,6,0.5,0: Broadleaf,1564677311,382.8574516,400.0251935,22.17151935,17.10270645,500.0124194,100.9779355,0.200012742,30.56563871,29.1637,999.9,9994.437419,0,684.8164194,600.0030645,0.90003,0.0999703,0,1342.976129,4.99935,8212.692903,5110.990323,41.183,44.437,42.687,44,43.25,535.5212903,59.48,0,97.79999995,1341.573846,-153.6273506,-898.1172652,8204.312692,15,100,100,3.94,0.246,2,485.241,503.538,30.2685,31.1091,30.0007,31.0387,30.9911,19.2988,36.4027,98.0699,-999.9,400.1,17.0081,100.5,113.273
