SysConst,AvgTime,Oxygen,Chamber,,,,,,,,,,,,,,,,,,,,,,,,,,,,,,,,,,,,,,,,,,,,,,,,,,,,,,,,,,,,,,,,,,,,,,,,,,,,,,,,,,,,,,,,,,,,,,,,,,,,,,,,,,,,,,,,,,,,,,,,,,,,,,,,,,,,,,,,,,,,,,,,,,,,,,,,,,,,,,,,,,,,,,,
,4,21,6800-01A 6 cm²,,,,,,,,,,,,,,,,,,,,,,,,,,,,,,,,,,,,,,,,,,,,,,,,,,,,,,,,,,,,,,,,,,,,,,,,,,,,,,,,,,,,,,,,,,,,,,,,,,,,,,,,,,,,,,,,,,,,,,,,,,,,,,,,,,,,,,,,,,,,,,,,,,,,,,,,,,,,,,,,,,,,,,,
Const,CustomBLC,,,,,,,,,,,,,,,,,,,,,,,,,,,,,,,,,,,,,,,,,,,,,,,,,,,,,,,,,,,,,,,,,,,,,,,,,,,,,,,,,,,,,,,,,,,,,,,,,,,,,,,,,,,,,,,,,,,,,,,,,,,,,,,,,,,,,,,,,,,,,,,,,,,,,,,,,,,,,,,,,,,,,,,,,
,2,,,,,,,,,,,,,,,,,,,,,,,,,,,,,,,,,,,,,,,,,,,,,,,,,,,,,,,,,,,,,,,,,,,,,,,,,,,,,,,,,,,,,,,,,,,,,,,,,,,,,,,,,,,,,,,,,,,,,,,,,,,,,,,,,,,,,,,,,,,,,,,,,,,,,,,,,,,,,,,,,,,,,,,,,
UserDefVar,BAR_A10,,,,,,,,,,,,,,,,,,,,,,,,,,,,,,,,,,,,,,,,,,,,,,,,,,,,,,,,,,,,,,,,,,,,,,,,,,,,,,,,,,,,,,,,,,,,,,,,,,,,,,,,,,,,,,,,,,,,,,,,,,,,,,,,,,,,,,,,,,,,,,,,,,,,,,,,,,,,,,,,,,,,,,,,,
,null,,,,,,,,,,,,,,,,,,,,,,,,,,,,,,,,,,,,,,,,,,,,,,,,,,,,,,,,,,,,,,,,,,,,,,,,,,,,,,,,,,,,,,,,,,,,,,,,,,,,,,,,,,,,,,,,,,,,,,,,,,,,,,,,,,,,,,,,,,,,,,,,,,,,,,,,,,,,,,,,,,,,,,,,,
LTConst,deltaTw,fT1,fT2,fTeb,,,,,,,,,,,,,,,,,,,,,,,,,,,,,,,,,,,,,,,,,,,,,,,,,,,,,,,,,,,,,,,,,,,,,,,,,,,,,,,,,,,,,,,,,,,,,,,,,,,,,,,,,,,,,,,,,,,,,,,,,,,,,,,,,,,,,,,,,,,,,,,,,,,,,,,,,,,,,,,,,,,,,,
,0,1,0,0,,,,,,,,,,,,,,,,,,,,,,,,,,,,,,,,,,,,,,,,,,,,,,,,,,,,,,,,,,,,,,,,,,,,,,,,,,,,,,,,,,,,,,,,,,,,,,,,,,,,,,,,,,,,,,,,,,,,,,,,,,,,,,,,,,,,,,,,,,,,,,,,,,,,,,,,,,,,,,,,,,,,,,
LQConst,Leaf,Ambient,abs_ambient,abs_redLED,abs_greenLED,abs_blueLED,abs_whiteLED,abs_redFlr,abs_blueFlr,k_ambient,k_redLED,k_greenLED,k_blueLED,k_whiteLED,k_redFlr,k_blueFlr,,,,,,,,,,,,,,,,,,,,,,,,,,,,,,,,,,,,,,,,,,,,,,,,,,,,,,,,,,,,,,,,,,,,,,,,,,,,,,,,,,,,,,,,,,,,,,,,,,,,,,,,,,,,,,,,,,,,,,,,,,,,,,,,,,,,,,,,,,,,,,,,,,,,,,,,,,
,standard,Sun+Sky,0.49,0.84,0.7,0.87,0.75,0.84,0.87,0.39,0.18,0.23,0.26,0.21,0.19,0.25,,,,,,,,,,,,,,,,,,,,,,,,,,,,,,,,,,,,,,,,,,,,,,,,,,,,,,,,,,,,,,,,,,,,,,,,,,,,,,,,,,,,,,,,,,,,,,,,,,,,,,,,,,,,,,,,,,,,,,,,,,,,,,,,,,,,,,,,,,,,,,,,,,,,,,,,,,
QConst,fQ_Amb_in,fQ_Amb_out,fQ_HeadLS,fQ_ConsoleLS,fQ_Flr,,,,,,,,,,,,,,,,,,,,,,,,,,,,,,,,,,,,,,,,,,,,,,,,,,,,,,,,,,,,,,,,,,,,,,,,,,,,,,,,,,,,,,,,,,,,,,,,,,,,,,,,,,,,,,,,,,,,,,,,,,,,,,,,,,,,,,,,,,,,,,,,,,,,,,,,,,,,,,,,,,,,,
,0,0,0,0,1,,,,,,,,,,,,,,,,,,,,,,,,,,,,,,,,,,,,,,,,,,,,,,,,,,,,,,,,,,,,,,,,,,,,,,,,,,,,,,,,,,,,,,,,,,,,,,,,,,,,,,,,,,,,,,,,,,,,,,,,,,,,,,,,,,,,,,,,,,,,,,,,,,,,,,,,,,,,,,,,,,,,,
LeakConst,fan_a,fan_b,fan_c,fan_d,Fs_meas,Fs_true,leak_wt,,,,,,,,,,,,,,,,,,,,,,,,,,,,,,,,,,,,,,,,,,,,,,,,,,,,,,,,,,,,,,,,,,,,,,,,,,,,,,,,,,,,,,,,,,,,,,,,,,,,,,,,,,,,,,,,,,,,,,,,,,,,,,,,,,,,,,,,,,,,,,,,,,,,,,,,,,,,,,,,,,,
,-6276,6.6,0.00001709,3.11,2.54982 73.7533 374.591 620.16 866.598 1036.72 1201.12 1333.72,0.10749 101.394 402.685 601.623 801.766 1000.41 1200.5 1400.58,0,,,,,,,,,,,,,,,,,,,,,,,,,,,,,,,,,,,,,,,,,,,,,,,,,,,,,,,,,,,,,,,,,,,,,,,,,,,,,,,,,,,,,,,,,,,,,,,,,,,,,,,,,,,,,,,,,,,,,,,,,,,,,,,,,,,,,,,,,,,,,,,,,,,,,,,,,,,,,,,,,,,
Sys,Sys,Sys,Sys,Sys,UserDefVar,UserDefVar,UserDefVar,UserDefVar,UserDefVar,UserDefVar,UserDefVar,GasEx,GasEx,GasEx,GasEx,GasEx,GasEx,GasEx,GasEx,GasEx,GasEx,GasEx,GasEx,GasEx,GasEx,GasEx,GasEx,GasEx,GasEx,GasEx,GasEx,GasEx,GasEx,GasEx,GasEx,GasEx,GasEx,Leak,Leak,Leak,Leak,Leak,FLR,FLR,FLR,FLR,FLR,FLR,FLR,FLR,FLR,FLR,FLR,FLR,FLR,FLR,FLR,FLR,FLR,FLR,FLR,FLR,FLR,FLR,FLR,FLR,MPF,MPF,MPF,MPF,MPF,MPF,MPF,MPF,LeafQ,LeafQ,LeafQ,LeafQ,Const,Const,Const,Meas,Meas,Meas,Meas,Meas,Meas,Meas,Meas,Meas,Meas,Meas,Meas,Meas,Meas,Meas,Meas,FlrLS,FlrLS,FlrLS,FlrLS,FlrLS,FlrLS,FlrLS,FlrLS,FlrLS,FlrLS,FlrLS,FlrLS,FlrLS,FlrLS,FlrLS,FlrLS,FlrLS,FlrStats,FlrStats,FlrStats,FlrStats,FlrStats,Match,Match,Match,Match,Match,Match,Match,Match,Match,Stability,Stability,Stability,Auxiliary,Auxiliary,Auxiliary,Auxiliary,Auxiliary,Auxiliary,Auxiliary,Auxiliary,Auxiliary,Auxiliary,Auxiliary,Auxiliary,Auxiliary,Auxiliary,Auxiliary,Auxiliary,Auxiliary,Auxiliary,Auxiliary,Status,Status,Status,Status,Status,Status,Status,Status,Status,Status,Status,Status,Status,Status,Status,Status,Status,Status,Status,Status
obs,time,elapsed,date,hhmmss,BH445_LEAF,BH445_BLOCK,BH445_VINE,BAR,RIP720,Sierra Loma,reps,TIME,E,A,Ca,Ci,Pci,Pca,gsw,gbw,gtw,gtc,Rabs,TleafEB,TleafCnd,SVPleaf,RHcham,VPcham,SVPcham,VPDleaf,LatHFlux,SenHFlux,NetTherm,EBSum,blfa_1,blfa_2,blfa_3,Leak,LeakPct,CorrFact,CorrFactPct,Fan,DarkAdaptedID,Fo,Fm,Fv,Fv/Fm,Adark,LightAdaptedID,Fs,Fm',PhiPS2,PS2/1,Qabs_fs,Afs,ETR,Fv'/Fm',PhiCO2,NPQ,DarkPulseID,Fo',Fv',qP,qN,qP_Fo,qN_Fo,ID,P1_dur,P2_dur,P3_dur,P1_Qmax,P1_Fmax,P2_dQdt,P3_ΔF,Qin,Qabs,alpha,convert,S,K,Geometry,TIME,CO2_s,CO2_r,H2O_s,H2O_r,Flow,Pa,ΔPcham,Tair,Tleaf,Tleaf2,Offset,Offset2,Fan_speed,Qamb_in,Qamb_out,Q,f_red,f_blue,f_farred,F,Q_modavg,F_dc,Pc,Tled,TDigital,TPreamp,TPwrSpy,TDrive,Q_red,Q_blue,Q_farred,TSPF,F_avg,dF/dt,dF_dc/dt,F_dc_avg,period,time,hhmmss,count,co2_adj,h2o_adj,co2_at,h2o_at,co2_cv,h2o_cv,Stable,Total,State,ADC_CH1,ADC_CH2,ADC_CH3,ADC_CH4,ADC_CH5,ADC_CH6,ADC_CH7,ADC_CH8,DAC_1,DAC_2,DAC_3,DAC_4,GPIO,GPIO_dir,excit_5v,power_12v,power_5v,ch1_pullup,AuxPower,MatchValveR,MatchValveS,MatchCO2,MatchH2O,DIAG,Flow_s,Flow_r,Txchg,Tirga,Tchopper,Ts,Tr,CO2_%,Desiccant_%,Humidifier_%,Txchg_sp,CO2_r_sp,H2O_r_sp,SS_s,SS_r
,s,s,,,,,,,,,,s,mol m⁻² s⁻¹,µmol m⁻² s⁻¹,µmol mol⁻¹,µmol mol⁻¹,Pa,Pa,mol m⁻² s⁻¹,mol m⁻² s⁻¹,mol m⁻² s⁻¹,mol m⁻² s⁻¹,W m⁻²,°C,°C,kPa,%,kPa,kPa,kPa,W m⁻²,W m⁻²,W m⁻²,W m⁻²,,,,µmol s⁻¹,%,,%,µmol s⁻¹,,,,,,µmol m⁻² s⁻¹,,,,,,µmol m⁻² s⁻¹,µmol m⁻² s⁻¹,µmol m⁻² s⁻¹,,µmol µmol⁻¹,,,,,,,,,,ms,ms,ms,µmol m⁻² s⁻¹,,mol m⁻² s⁻²,,µmol m⁻² s⁻¹,µmol m⁻² s⁻¹,,J/µmol,cm²,,,s,µmol mol⁻¹,µmol mol⁻¹,mmol mol⁻¹,mmol mol⁻¹,µmol s⁻¹,kPa,kPa,°C,°C,°C,°C,°C,rpm,µmol m⁻² s⁻¹,µmol m⁻² s⁻¹,µmol m⁻² s⁻¹,,,,,µmol m⁻² s⁻¹,,,°C,°C,°C,°C,°C,µmol m⁻² s⁻¹,µmol m⁻² s⁻¹,µmol m⁻² s⁻¹,s,,min⁻¹,min⁻¹,,s,secs,,,µmol/mol,mmol/mol,µmol/mol,mmol/mol,%,%,,,,V,V,V,V,V,V,V,V,V,V,V,V,,,,,,,V,%,%,µmol/mol,mmol/mol,,µmol s⁻¹,µmol s⁻¹,°C,°C,°C,°C,°C,%,%,%,°C,µmol mol⁻¹,mmol mol⁻¹,%,%
1,1563995792,0,20190724 12:16:32,12:16:32,1,B3_R1,6,null,null,null,null,1563995784,0.007658666,14.85155919,398.9120968,262.9732616,26.53489343,40.25158266,0.213763229,2.271655144,0.203183846,0.127896774,330.4176919,41.47673919,40.73697742,7.710570163,51.36096825,4.130352002,8.041811015,3.580218161,-337.747157,97.20441507,10.6022884,100.4772384,-0.041769294,0.046889692,3.494011579,12,2,1,0,50801.33731,MPF-315-20190724-06_03_38,673.1303846,3072.88,2399.749615,0.780944786,-0.356377786,MPF-371-20190724-12_17_30,1339.186538,1584.45,0.154794068,0.5,1685.933114,14.85155919,130.4862228,1,0.009020487,0.939398529,-,0,1584.45,0.154794068,0.48437622,0.269130015,0.620243875,371,300,300,300,10389.8,1549.1,-0.00695988,23.4669,1999.938387,1685.933114,0.842992527,0.195985054,6,0.5,0: Broadleaf,1563995784,398.9120968,420.4006129,40.93372903,32.11932903,499.9887419,100.7033548,0.200034613,41.53068065,40.73697742,999.9,0,0,10002.51516,0,1232.338387,1999.938387,0.899999226,0.100000745,0,1344.553226,4.99938,28012.51935,15965.68387,52.036,52.88490323,52.10874194,52.72764516,53.899,1795.444839,199.4958065,0,3758,1339.186538,-710.2020503,-14958.2769,27899.1,15,1563995302,12:08:21,19,12.649,0.56,399,36,0.49,0.22,0,0,0/0,1.87411,1.87103,1.87056,1.87269,1.86974,1.87916,1.87622,1.87161,5,0,0,0,11111111,oooooooo,off,off,off,off,0,100,100,12.649,0.56,2,480.364,475.501,40.2194,42.412,30.0003,42.2262,42.2445,20.8929,29.5815,98.0679,-999.9,420.971,31.6571,99.3243,99.7016
2,1563995946,154.0999999,20190724 12:19:06,12:19:06,2,B3_R1,6,null,null,null,null,1563995938,0.00781807,14.9181911,397.3896129,256.4270434,25.87473577,40.09854459,0.206905765,2.271085714,0.196974965,0.123961867,330.4247526,42.01009652,41.23322903,7.916258073,50.0465453,4.150749547,8.293778366,3.765508526,-344.7768777,108.0470826,11.84884614,105.5438036,-0.041753831,0.046872333,3.492989625,12,2,1,0,50689.05145,MPF-315-20190724-06_03_38,673.1303846,3072.88,2399.749615,0.780944786,-0.356377786,MPF-372-20190724-12_20_04,1050.923846,1288.91,0.184641405,0.5,1685.969754,14.9181911,155.6499124,1,0.009059812,1.384091985,-,0,1288.91,0.184641405,0.580553097,0.386479429,0.74339839,372,300,300,300,10336.3,1262.96,-0.0069249,21.4639,1999.981935,1685.969754,0.842992491,0.195984982,6,0.5,0: Broadleaf,1563995938,397.3896129,419.018871,41.13527742,32.13982581,500.0174516,100.7048387,0.200024645,42.1156871,41.23322903,999.9,0,0,9998.664839,0,1182.451935,1999.981935,0.900000226,0.099999681,0,1052.356129,4.99938,21760.71935,15966.05161,52.786,53.79,52.84451613,53.59451613,54.677,1795.486129,199.4977419,0,153,1050.923846,-358.1709401,-7268.91624,21734.15385,15,1563995977,12:19:36,20,13.138,0.433,420,32,0.14,0.01,0,0,0/0,1.87413,1.87103,1.87057,1.87269,1.86977,1.87923,1.87622,1.87162,5,0,0,0,11111111,oooooooo,off,off,off,off,0,100,100,13.138,0.433,2,480.373,463.506,40.6795,42.5444,30.0005,42.3416,42.361,20.8938,27.6673,98.0818,-999.9,420.03,31.9792,99.315,99.7024
3,1563996076,284.0999999,20190724 12:21:16,12:21:16,3,B3_R1,6,null,null,null,null,1563996068,0.006735593,12.6575985,397.7256129,259.0072889,26.13441317,40.13140148,0.177875244,2.271622822,0.17048384,0.107190894,330.4235522,42.70018557,41.65022258,8.092752781,51.54717438,4.352077575,8.442902307,3.740675206,-297.0396378,98.52331318,10.84085022,142.7480777,-0.041768416,0.046888706,3.493953569,70,14,1,0,50651.48654,MPF-315-20190724-06_03_38,673.1303846,3072.88,2399.749615,0.780944786,-0.356377786,MPF-373-20190724-12_22_14,894.1393846,1217.71,0.265720586,0.5,1685.963513,12.6575985,223.9976068,1,0.007719014,1.523490815,-,0,1217.71,0.265720586,0.603723543,0.59416586,0.773068152,373,300,300,300,10400.1,1120.19,-0.00696897,-8.35242,1999.974516,1685.963513,0.842992498,0.195984996,6,0.5,0: Broadleaf,1563996068,397.7256129,416.1290323,43.13162903,35.39770645,500.010871,100.7022258,0.20000471,42.45470645,41.65022258,999.9,0,0,10002.4171,0,904.3759677,1999.974516,0.90000029,0.099999574,0,894.9549677,4.99938,18532.63226,15965.99355,53.21545161,54.20732258,53.262,54.024,55.125,1795.47871,199.4974194,0,129.2,894.1393846,-206.6423932,-3877.822222,18517.03462,15,1563995977,12:19:36,20,13.138,0.433,420,32,0.14,0.01,0,0,0/0,1.87414,1.87104,1.87057,1.87271,1.86977,1.8792,1.87622,1.87164,5,0,0,0,11111111,oooooooo,off,off,off,off,0,100,100,13.138,0.433,2,408.675,475.797,41.0057,42.6951,30.0006,42.477,42.4834,20.8485,20.641,100,-999.9,417.592,34.7331,99.29,99.6884
4,1563996203,410.5999999,20190724 12:23:22,12:23:22,1,B3_R1,3,null,null,null,null,1563996195,0.007281745,14.91488907,396.4992903,232.6712483,23.47595022,40.00579217,0.174141957,2.273210981,0.167055649,0.105022429,330.4219783,42.50373401,41.63013871,8.084174733,46.81356886,3.948422038,8.434353831,4.135752695,-321.1249749,98.68905044,10.84946596,118.8355198,-0.041811562,0.046937141,3.496804373,36,7,1,0,50704.66424,MPF-315-20190724-06_03_38,673.1303846,3072.88,2399.749615,0.780944786,-0.356377786,MPF-374-20190724-12_24_20,1095.908462,1372.96,0.201791413,0.5,1685.956099,14.91488907,170.1057318,1,0.009057927,1.238142408,-,0,1372.96,0.201791413,0.553200906,0.395884273,0.708373902,374,300,300,300,10333.9,1319.79,-0.00691242,17.125,1999.965806,1685.956099,0.842992462,0.195984924,6,0.5,0: Broadleaf,1563996195,396.4992903,417.8625484,39.13299677,30.73655806,499.9826129,100.6975806,0.199932032,42.4354129,41.63013871,999.9,0,0,10013.21129,0,347.2590323,1999.965806,0.900001548,0.099998587,0,1097.545484,4.99938,22882.00968,15965.91613,53.55,54.375,53.562,54.258,55.429,1795.473548,199.4941935,0,125.6000001,1095.908462,-480.225641,-9601.96923,22849.56154,15,1563995977,12:19:36,20,13.138,0.433,420,32,0.14,0.01,0,0,0/0,1.87413,1.87103,1.87057,1.87269,1.86979,1.87923,1.87622,1.87164,5,0,0,0,11111111,oooooooo,off,off,off,off,0,100,100,13.138,0.433,2,450.318,462.754,41.1817,42.823,30.0003,42.5872,42.5993,20.845,30.0395,97.3429,-999.9,418.811,30.5052,99.2735,99.6822
5,1563996332,540.0999999,20190724 12:25:32,12:25:32,2,B3_R1,3,null,null,null,null,1563996324,0.006133775,16.0007587,382.5440645,197.6432522,19.9418383,38.59798801,0.158966694,2.270860414,0.153033122,0.096160357,330.4244948,43.32560793,41.86837419,8.186436799,50.88786397,4.394431078,8.635518835,3.792005722,-270.499495,124.4636477,13.74210328,198.1307507,-0.041747714,0.046865466,3.492585309,42,8,1,0,50558.35764,MPF-315-20190724-06_03_38,673.1303846,3072.88,2399.749615,0.780944786,-0.356377786,MPF-375-20190724-12_26_30,950.1443077,1128.54,0.158076535,0.5,1685.96913,16.0007587,133.2560787,1,0.009701919,1.72288089,-,0,1128.54,0.158076535,0.632741923,0.391725792,0.810226195,375,300,300,300,10338.6,1079.69,-0.00690977,384.292,1999.98129,1685.96913,0.842992451,0.195984902,6,0.5,0: Broadleaf,1563996324,382.5440645,404.5605161,43.55313871,36.51324194,500.0042258,100.6981613,0.199987677,42.8850129,41.86837419,999.9,0,0,9997.862903,0,1047.312226,1999.98129,0.900001226,0.099998745,0,951.9167097,4.99938,20210.23226,15966.04194,53.889,54.687,53.86280645,54.671,55.756,1795.486774,199.4948387,0,128.6000001,950.1443077,-436.343111,-9285.705985,20176.17308,15,1563995977,12:19:36,20,13.138,0.433,420,32,0.14,0.01,0,0,0/0,1.87415,1.87103,1.87057,1.87271,1.86975,1.87926,1.87622,1.87164,5,0,0,0,11111111,oooooooo,off,off,off,off,0,100,100,13.138,0.433,2,442.247,478.085,41.4406,42.9682,30.0007,42.726,42.7374,20.6193,13.6646,100,-999.9,410.355,36.1635,99.2496,99.6672
6,1563996517,724.5999999,20190724 12:28:36,12:28:36,3,B3_R1,3,null,null,null,null,1563996509,0.007605854,16.23895753,399.376,241.7454862,24.39223237,40.29722478,0.19739693,2.269568121,0.188330706,0.11848655,330.4261416,43.0170383,42.37475161,8.407525159,52.74463806,4.595156976,8.712083625,3.812368184,-335.4181723,83.08076819,9.207708415,87.29644593,-0.041712637,0.046826089,3.490266521,50,10,1,0,50490.68265,MPF-315-20190724-06_03_38,673.1303846,3072.88,2399.749615,0.780944786,-0.356377786,MPF-376-20190724-12_29_34,858.7324231,3085.06,0.721648064,0.5,1685.977557,16.23895753,608.3412202,1,0.009843153,-0.003948059,-,0,3085.06,0.721648064,-0.003963708,0.923048319,-0.00507553,376,300,300,300,10354,1145.3,-0.00723558,232.57,1999.99129,1685.977557,0.84299245,0.195984899,6,0.5,0: Broadleaf,1563996509,399.376,422.5087742,45.54148387,36.82977419,499.9803226,100.7004516,0.200015065,43.05375484,42.37475161,999.9,0,0,9989.235484,0,1931.667097,1999.99129,0.900001839,0.099998168,0,859.3884194,4.99938,18084.20968,15966.12903,54.5,55.778,54.57419355,55.33232258,56.383,1795.496452,199.4958065,0,183.6000001,858.7324231,-162.6761367,-3316.735043,18071.19615,15,1563995977,12:19:36,20,13.138,0.433,420,32,0.14,0.01,0,0,0/0,1.87423,1.87107,1.87059,1.87271,1.8698,1.87927,1.87622,1.87164,5,0,0,0,11111111,oooooooo,off,off,off,off,0,100,100,13.138,0.433,2,432.772,468.699,41.8834,43.328,30.0008,43.043,43.0462,21.0676,16.5154,100,-999.9,421.674,34.8951,99.1847,99.6154
7,1563996613,821.0999999,20190724 12:30:13,12:30:13,1,B3_R1,1,null,null,null,null,1563996605,0.005426028,11.94889387,398.4078065,222.2359203,22.42427471,40.20054942,0.127101884,2.271244806,0.123278502,0.077382999,330.4182697,44.22040869,43.04725484,8.709123481,51.00001436,4.559954108,8.941083969,4.149169372,-239.2878288,61.67041031,6.867808171,159.6686594,-0.041758151,0.046877182,3.493275136,32,6,1,0,50464.20234,MPF-315-20190724-06_03_38,673.1303846,3072.88,2399.749615,0.780944786,-0.356377786,MPF-377-20190724-12_31_11,1333.803846,1569.27,0.15004821,0.5,1685.937319,11.94889387,126.4859381,1,0.007298772,0.958158889,-,0,1569.27,0.15004821,0.489316212,0.262756104,0.626569535,377,300,300,300,10373,1531.07,-0.00694998,17.0157,1999.943548,1685.937319,0.842992454,0.195984908,6,0.5,0: Broadleaf,1563996605,398.4078065,415.340129,45.19145484,38.97464839,500.0140645,100.7030645,0.199951871,43.55090323,43.04725484,999.9,0,0,9999.875484,0,1121.220645,1999.943548,0.900001806,0.099998484,0,1342.633226,4.99938,28175.03871,15965.75484,54.83435484,56.034,54.97154839,55.70935484,56.68909677,1795.452903,199.4912903,0,96.10000014,1333.803846,-709.3791452,-14570.24957,27990.73846,15,1563996642,12:30:41,21,13.268,0.618,416,39,0.11,0.02,0,0,0/0,1.87422,1.87109,1.87057,1.87271,1.86979,1.87925,1.87622,1.87164,5,0,0,0,11111111,oooooooo,off,off,off,off,0,100,100,13.268,0.618,2,455.095,480.958,42.0928,43.4918,30.001,43.211,43.2145,21.0016,0,100,-999.9,415.764,41.8182,99.1569,99.5951
8,1563996776,984.0999999,20190724 12:32:56,12:32:56,2,B3_R1,1,null,null,null,null,1563996768,0.007025202,15.60189548,394.9250645,223.0457057,22.50546534,39.84821104,0.171367682,2.269748922,0.164490551,0.103401481,330.4184404,44.1429128,43.15986774,8.760531429,51.80667101,4.739463865,9.148365978,4.021067564,-309.8114064,101.7633088,11.36993563,133.7402784,-0.041717543,0.046831597,3.490590903,3,1,1,0,50347.00473,MPF-315-20190724-06_03_38,673.1303846,3072.88,2399.749615,0.780944786,-0.356377786,MPF-378-20190724-12_33_54,971.1833077,1240.63,0.217185375,0.5,1685.937166,15.60189548,183.0804482,1,0.009465521,1.476870622,-,0,1240.63,0.217185375,0.596264742,0.474796255,0.763517155,378,300,300,300,10319.7,1181.96,-0.00691185,14.7062,1999.943226,1685.937166,0.842992513,0.195985027,6,0.5,0: Broadleaf,1563996768,394.9250645,416.9741935,46.97157097,38.93820645,500.0557742,100.7007097,0.199979129,43.99149355,43.15986774,999.9,0,0,9990.384839,0,1861.75871,1999.943226,0.899998806,0.100001087,0,978.3635806,4.99938,20715.04839,15965.72581,55.25,56.56009677,55.389,56.125,57.187,1795.448065,199.4951613,0,162.6000001,971.1833077,-599.2032136,-11622.94701,20576.23846,15,1563996642,12:30:41,21,13.268,0.618,416,39,0.11,0.02,0,0,0/0,1.87424,1.8711,1.87058,1.87271,1.86981,1.87927,1.87623,1.87164,5,0,0,0,11111111,oooooooo,off,off,off,off,0,100,100,13.268,0.618,2,491.421,463.554,42.5526,43.8514,30.001,43.5259,43.5301,21.1558,0,100,-999.9,419.635,40.7302,99.0965,99.5588
9,1563996890,1097.6,20190724 12:34:49,12:34:49,3,B3_R1,1,null,null,null,null,1563996882,0.007300085,13.94582608,399.3499677,241.6862994,24.38753141,40.29669826,0.171184736,2.268873964,0.164319432,0.103293523,330.4247466,44.36701355,43.5426,8.937216934,51.17753203,4.758586747,9.298195044,4.178630187,-321.9337635,93.20985172,10.45266574,112.1535006,-0.041693803,0.046804947,3.489021204,36,7,1,0,50269.95961,MPF-315-20190724-06_03_38,673.1303846,3072.88,2399.749615,0.780944786,-0.356377786,MPF-379-20190724-12_35_47,813.7282308,1016.01,0.19909427,0.5,1685.969507,13.94582608,167.8334341,1,0.008483074,2.024458421,-,0,1016.01,0.19909427,0.669362292,0.589949825,0.857118587,379,300,300,300,10311.8,996.63,-0.00690792,25.2219,1999.981613,1685.969507,0.842992504,0.195985008,6,0.5,0: Broadleaf,1563996882,399.3499677,419.5817419,47.15873871,38.81239677,500.0386452,100.7056774,0.200048161,44.30461935,43.5426,999.9,0,0,9984.207097,0,844.0852581,1999.981613,0.899999903,0.100000113,0,815.4691935,4.99938,18187.71613,15966.03548,55.57419355,56.875,55.673,56.544,57.44106452,1795.483548,199.4983871,0,112.8,813.7282308,-225.1779829,-2320.502565,18173.18846,15,1563996642,12:30:41,21,13.268,0.618,416,39,0.11,0.02,0,0,0/0,1.87424,1.87117,1.87063,1.87274,1.86981,1.87927,1.87625,1.87164,5,0,0,0,11111111,oooooooo,off,off,off,off,0,100,100,13.268,0.618,2,450.48,478.192,42.8047,44.0825,30.0008,43.7534,43.7532,21.1594,0,100,-999.9,419.362,41.9078,99.0566,99.5307
10,1563997219,1427.1,20190724 12:40:19,12:40:19,1,B2_R3,5,null,null,null,null,1563997211,0.005595771,10.02002363,398.8960323,231.2738434,23.341984,40.25974,0.115179365,2.27319578,0.112032685,0.070295985,330.4220899,45.23928019,44.19992581,9.247865346,48.14177981,4.551372105,9.454100207,4.696493241,-246.7735029,52.1974949,5.869456414,141.7155383,-0.041811149,0.046936678,3.496777082,0,0,1,0,50355.13827,MPF-315-20190724-06_03_38,673.1303846,3072.88,2399.749615,0.780944786,-0.356377786,MPF-380-20190724-12_41_17,1013.409423,1178.26,0.139910187,0.5,1685.956402,10.02002363,117.9412377,1,0.006154608,1.607981261,-,0,1178.26,0.139910187,0.616561662,0.326353023,0.789507367,380,300,300,300,10291.5,1146.12,-0.00689371,13.9036,1999.966129,1685.956402,0.842992478,0.195984955,6,0.5,0: Broadleaf,1563997211,398.8960323,413.5986452,45.09528065,38.68315484,499.9990645,100.7279032,0.199999645,44.62584516,44.19992581,999.9,0,0,10010.09806,0,177.583129,1999.966129,0.90000129,0.09999871,0,1018.501387,4.99938,21917.0129,15965.91935,55.776,56.62296774,55.87296774,56.32825806,57.625,1795.471935,199.4951613,0,329,1013.409423,-404.0815384,-8405.579486,21810.62308,15,1563996642,12:30:41,21,13.268,0.618,416,39,0.11,0.02,0,0,0/0,1.87423,1.87109,1.87059,1.87272,1.86981,1.87926,1.87623,1.87164,5,0,0,0,11111111,oooooooo,off,off,off,off,0,100,100,13.268,0.618,2,502.027,470.66,43.1577,44.4045,30.0001,44.1047,44.1111,20.9583,0,100,-999.9,413.814,41.1709,99.0051,99.4847
11,1563997345,1552.6,20190724 12:42:24,12:42:24,2,B2_R3,5,null,null,null,null,1563997337,0.006280176,13.00460379,392.8164839,201.2325029,20.30808526,39.642456,0.127490751,2.273863606,0.123648605,0.077615935,330.4282657,45.3456485,44.48545484,9.385686727,48.00080483,4.615548951,9.615565756,4.770137776,-276.9557443,57.40583812,6.471949153,117.3503086,-0.0418293,0.046957054,3.497976095,36,7,1,0,50323.95609,MPF-315-20190724-06_03_38,673.1303846,3072.88,2399.749615,0.780944786,-0.356377786,MPF-381-20190724-12_43_22,862.6796154,1111.55,0.223894908,0.5,1685.987212,13.00460379,188.7419756,1,0.007924723,1.764500022,-,0,1111.55,0.223894908,0.638270938,0.567653398,0.8173061,381,300,300,300,10295.5,1071.18,-0.00689728,17.3785,2000.002581,1685.987212,0.842992518,0.195985037,6,0.5,0: Broadleaf,1563997337,392.8164839,411.3813226,45.73540323,38.54426452,500.0278387,100.7185806,0.199933806,44.95373548,44.48545484,999.9,0,0,10015.37065,0,779.1016452,2000.002581,0.899999806,0.100000223,0,864.3851935,4.99938,18481.95484,15966.21935,56.1006129,56.96341935,56.125,56.804,57.97967742,1795.502903,199.5016129,0,124.8,862.6796154,-248.8080684,-4813.593163,18447.76923,15,1563997370,12:42:50,22,13.356,0.575,415,38,0.13,0.02,0,0,0/0,1.87423,1.87109,1.8706,1.87272,1.86981,1.87927,1.87622,1.87164,5,0,0,0,11111111,oooooooo,off,off,off,off,0,100,100,13.356,0.575,2,450.721,466.199,43.3912,44.5163,30.0005,44.2304,44.2349,21.0281,0,100,-999.9,415.242,41.1709,98.9864,99.4869
12,1563997443,1650.6,20190724 12:44:02,12:44:02,3,B2_R3,5,null,null,null,null,1563997435,0.005733326,11.08963475,392.2261613,211.4007303,21.3339862,39.58239642,0.116190442,2.271573552,0.112986883,0.070897272,330.4236875,45.63457937,44.35295161,9.321509779,47.07453563,4.552645012,9.671141628,4.768864767,-252.8396959,87.26150039,9.84684478,174.6923368,-0.041767078,0.046887204,3.49386514,3,1,1,0,50234.48688,MPF-315-20190724-06_03_38,673.1303846,3072.88,2399.749615,0.780944786,-0.356377786,MPF-382-20190724-12_45_00,969.8985769,1119.06,0.133291712,0.5,1685.964803,11.08963475,112.3625674,1,0.006788999,1.745947492,-,0,1119.06,0.133291712,0.635826977,0.33449544,0.814176607,382,300,300,300,10330,1107.6,-0.00692011,21.6569,1999.976129,1685.964803,0.842992463,0.195984926,6,0.5,0: Broadleaf,1563997435,392.2261613,408.2319032,45.11264194,38.54316129,500.0103871,100.7173226,0.199955065,45.06549355,44.35295161,999.9,0,0,10000.59742,0,1169.777097,1999.976129,0.900001161,0.099998942,0,976.6219355,4.99938,20677.50645,15966.0129,56.254,57.183,56.33029032,57,58.187,1795.481613,199.4951613,0,97.5999999,969.8985769,-616.4003082,-12248.3795,20543.34231,15,1563997370,12:42:50,22,13.356,0.575,415,38,0.13,0.02,0,0,0/0,1.87424,1.87108,1.8706,1.87271,1.86981,1.87927,1.87623,1.87164,5,0,0,0,11111111,oooooooo,off,off,off,off,0,100,100,13.356,0.575,2,490.894,473.566,43.5297,44.6259,30.0003,44.3308,44.3387,20.9245,0,100,-999.9,412.718,41.1709,98.9643,99.4656
13,1563997564,1772.1,20190724 12:46:04,12:46:04,1,B2_R3,4,null,null,null,null,1563997556,0.008805006,17.2339862,391.9315484,223.6293328,22.56773031,39.55208101,0.197417886,2.270757792,0.1883543,0.118501084,330.4209951,44.54962708,44.21747097,9.256283424,50.58203347,4.868924711,9.625798681,4.387358713,-388.30078,92.6585516,10.44843471,45.22720145,-0.041744928,0.046862338,3.492401154,0,0,1,0,50223.29317,MPF-315-20190724-06_03_38,673.1303846,3072.88,2399.749615,0.780944786,-0.356377786,MPF-383-20190724-12_47_02,1036.072654,1309.13,0.208579244,0.5,1685.950217,17.2339862,175.8271112,1,0.010433501,1.347268797,-,0,1309.13,0.208579244,0.57397295,0.42933571,0.734972511,383,300,300,300,10273.5,1253.67,-0.0068819,20.6486,1999.95871,1685.950217,0.842992512,0.195985025,6,0.5,0: Broadleaf,1563997556,391.9315484,416.7523226,48.24740323,38.19164839,500.0233871,100.7158065,0.199981452,44.97435484,44.21747097,999.9,0,0,9995.444194,0,1488.824839,1999.95871,0.900000097,0.100000042,0,1039.274097,4.99938,22108.95161,15965.86774,56.32825806,57.298,56.409,57.032,58.25,1795.463226,199.4967742,0,120.5999999,1036.072654,-540.9157258,-10762.61879,22044.86923,15,1563997370,12:42:50,22,13.356,0.575,415,38,0.13,0.02,0,0,0/0,1.87424,1.87115,1.87064,1.87271,1.86981,1.87927,1.87624,1.87164,5,0,0,0,11111111,oooooooo,off,off,off,off,0,100,100,13.356,0.575,2,499.768,474.739,43.6365,44.7049,30.0001,44.4162,44.4246,21.2494,0,100,-999.9,421.462,45.9038,98.9599,99.4622
14,1563997715,1922.5,20190724 12:48:34,12:48:34,2,B2_R3,4,null,null,null,null,1563997707,0.005758231,10.73357397,396.0814516,220.1418851,22.21625068,39.9716974,0.116517388,2.270429461,0.113294469,0.071091184,330.4197392,45.75462769,44.22114839,9.258048671,45.99774115,4.477930439,9.735109436,4.780118231,-253.9379904,119.0120294,13.43620538,208.9299837,-0.041736014,0.046852332,3.491811982,93,19,1,0,50178.47498,MPF-315-20190724-06_03_38,673.1303846,3072.88,2399.749615,0.780944786,-0.356377786,MPF-384-20190724-12_49_32,1152.305385,1303.11,0.115726696,0.5,1685.944434,10.73357397,97.55438986,1,0.006577887,1.358112515,-,0,1303.11,0.115726696,0.575932025,0.239380151,0.737481106,384,300,300,300,10328.9,1303.11,-0.00691936,35.4889,1999.951935,1685.944434,0.842992476,0.195984952,6,0.5,0: Broadleaf,1563997707,396.0814516,411.6980323,44.37202581,37.769,500.0186452,100.717871,0.200001452,45.19344194,44.22114839,999.9,0,0,9993.105161,0,656.0824516,1999.951935,0.900001,0.099998948,0,1155.398065,4.99938,24437.74516,15965.8129,56.5,57.5,56.625,57.25,58.437,1795.458387,199.4935484,0,149.6000001,1152.305385,-762.8642734,-15144.99145,24376.82308,15,1563997370,12:42:50,22,13.356,0.575,415,38,0.13,0.02,0,0,0/0,1.87424,1.87116,1.87065,1.87273,1.86981,1.87927,1.87625,1.87164,5,0,0,0,11111111,oooooooo,off,off,off,off,0,100,100,13.356,0.575,2,380.409,468.03,43.8107,44.7963,30.0003,44.5302,44.5305,20.9882,0,100,-999.9,414.099,45.3177,98.948,99.4519
15,1563997801,2009,20190724 12:50:01,12:50:01,3,B2_R3,4,null,null,null,null,1563997793,0.005879993,10.51139576,399.1146774,227.5176364,22.96144712,40.27929749,0.118028027,2.272712308,0.114725494,0.071992456,330.4238162,45.68183544,44.28976452,9.291039438,46.00675929,4.471209383,9.718592338,4.819830055,-259.3076734,106.6849796,12.0344291,189.8355516,-0.041798012,0.04692193,3.495909147,67,13,1,0,50255.24711,MPF-315-20190724-06_03_38,673.1303846,3072.88,2399.749615,0.780944786,-0.356377786,MPF-385-20190724-12_50_59,848.8478462,6944.33,0.877763896,0.5,1685.963653,10.51139576,739.9390122,1,0.006446031,-0.557497988,-,0,6944.33,0.877763896,-1.259876728,0.971980247,-1.613272474,385,300,300,300,10314.7,1338.94,-0.00711288,-1839.45,1999.974516,1685.963653,0.842992568,0.195985136,6,0.5,0: Broadleaf,1563997793,399.1146774,414.5442581,44.30378387,37.56050645,500.0079032,100.7216129,0.20000129,45.16047419,44.28976452,999.9,0,0,10007.57774,0,1881.756129,1999.974516,0.899996935,0.100002735,0,849.327,4.99938,18300.55806,15965.98065,56.562,57.72154839,56.687,57.31606452,58.5,1795.472581,199.5019355,0,85.79999995,848.8478462,-60.40841027,-1247.323077,18289.80769,15,1563997370,12:42:50,22,13.356,0.575,415,38,0.13,0.02,0,0,0/0,1.87424,1.87113,1.87061,1.87272,1.86981,1.87927,1.87629,1.87164,5,0,0,0,11111111,oooooooo,off,off,off,off,0,100,100,13.356,0.575,2,412.32,465.043,43.8544,44.8542,30.0002,44.5881,44.5927,21.0383,0,100,-999.9,415.185,45.3177,98.9392,99.441
16,1563997957,2164.5,20190724 12:52:36,12:52:36,1,B2_R3,2,null,null,null,null,1563997949,0.008261223,15.41659686,391.8943548,219.5790676,22.15978879,39.54974501,0.172603093,2.272340754,0.165636228,0.104125156,330.4266416,45.09475362,44.49312258,9.389412205,47.9848556,4.707533432,9.810456599,4.681878773,-364.3199527,104.1427202,11.77100391,82.02041293,-0.041787917,0.046910598,3.495242182,11,2,1,0,50214.71955,MPF-315-20190724-06_03_38,673.1303846,3072.88,2399.749615,0.780944786,-0.356377786,MPF-386-20190724-12_53_34,805.3972692,1067.69,0.245663751,0.5,1685.97831,15.41659686,207.0918782,1,0.009355384,1.878063857,-,0,1067.69,0.245663751,0.652544193,0.664773384,0.835583007,386,300,300,300,10308.4,986.088,-0.00690569,-2.55139,1999.991935,1685.97831,0.842992554,0.195985108,6,0.5,0: Broadleaf,1563997949,391.8943548,414.2789032,46.64646452,37.19559355,500.0089355,100.7193871,0.200017645,45.34322258,44.49312258,999.9,0,0,10005.38194,0,1341.407419,1999.991935,0.899998323,0.100001677,0,806.8124194,4.99938,17347.35161,15966.12581,56.75,57.875,56.875,57.504,58.635,1795.490645,199.5029032,0,154.8,805.3972692,-236.7151108,-4956.417087,17317.58462,15,1563997370,12:42:50,22,13.356,0.575,415,38,0.13,0.02,0,0,0/0,1.87424,1.87118,1.87061,1.87275,1.86981,1.87927,1.87624,1.87164,5,0,0,0,11111111,oooooooo,off,off,off,off,0,100,100,13.356,0.575,2,480.881,471.798,44.002,44.957,30.0004,44.6885,44.6982,21.1088,0,100,-999.9,417.031,45.3177,98.9165,99.4271
17,1563998072,2280,20190724 12:54:32,12:54:32,2,B2_R3,2,null,null,null,null,1563998064,0.006234916,10.07993231,399.7865806,236.2943622,23.84730223,40.34726572,0.121038488,2.271612332,0.117566373,0.073782643,330.4245697,45.62081377,44.54930323,9.416747371,45.4751022,4.431749205,9.745440891,4.984998165,-274.9597956,81.40826953,9.201157186,146.0742008,-0.041768131,0.046888387,3.49393474,0,0,1,0,50212.34664,MPF-315-20190724-06_03_38,673.1303846,3072.88,2399.749615,0.780944786,-0.356377786,MPF-387-20190724-12_55_30,939.0810385,1068.41,0.121048064,0.5,1685.967464,10.07993231,102.0415484,1,0.006190102,1.876124334,-,0,1068.41,0.121048064,0.652309885,0.327183484,0.835282976,387,300,300,300,10307,1054.18,-0.00690416,17.2578,1999.979032,1685.967464,0.84299257,0.19598514,6,0.5,0: Broadleaf,1563998064,399.7865806,414.872,43.9126129,36.76005161,500.0550968,100.722,0.200011065,45.21403871,44.54930323,999.9,0,0,10000.38516,0,1445.818387,1999.979032,0.899997581,0.100002419,0,942.4990323,4.99938,20293.1,15966.01935,56.812,57.937,56.937,57.59045161,58.70122581,1795.477097,199.5025806,0,114.8,939.0810385,-468.1119659,-9631.668377,20222.21154,15,1563998109,12:55:09,23,13.441,0.518,415,37,0.21,0.03,0,0,0/0,1.87424,1.87119,1.87065,1.87277,1.86981,1.87927,1.87628,1.87164,5,0,0,0,11111111,oooooooo,off,off,off,off,0,100,100,13.441,0.518,2,497.433,465.148,44.0099,45.0286,30.0004,44.7502,44.7607,21.0285,0,100,-999.9,414.68,45.3177,98.9034,99.4259
18,1563998204,2411.5,20190724 12:56:43,12:56:43,3,B2_R3,2,null,null,null,null,1563998196,0.006091754,9.497383545,400.3085806,248.1482493,25.04251167,40.39815848,0.123756248,2.271392548,0.120128635,0.075397466,330.4281909,45.72829409,43.97829677,9.142097518,44.67058038,4.367069304,9.776164237,4.775028214,-268.6463668,158.809928,17.9081049,238.4998569,-0.041762163,0.046881686,3.493540286,51,10,1,0,50195.73031,MPF-315-20190724-06_03_38,673.1303846,3072.88,2399.749615,0.780944786,-0.356377786,MPF-388-20190724-12_57_41,726.5475385,914.996,0.205955503,0.5,1685.986198,9.497383545,173.6190678,1,0.005844509,2.358353479,-,0,914.996,0.205955503,0.702235037,0.779145317,0.899212145,388,300,300,300,10301.2,873.602,-0.00690108,8.05896,2000.00129,1685.986198,0.842992555,0.19598511,6,0.5,0: Broadleaf,1563998196,400.3085806,414.6315484,43.27363871,36.27996129,500.0066452,100.7175806,0.199962548,45.27517742,43.97829677,999.9,0,0,9999.394839,0,1167.75129,2000.00129,0.899998484,0.100001526,0,727.3993548,4.99938,15757.38065,15966.19355,56.875,58.026,56.9756129,57.687,58.75,1795.49871,199.503871,0,130.8999999,726.5475385,-79.21292314,-1493.141881,15741.10769,15,1563998109,12:55:09,23,13.441,0.518,415,37,0.21,0.03,0,0,0/0,1.87424,1.87117,1.87067,1.87272,1.86981,1.87926,1.87626,1.87164,5,0,0,0,11111111,oooooooo,off,off,off,off,0,100,100,13.441,0.518,2,431.449,463.331,44.0064,45.0822,30.0003,44.8234,44.8331,21.0139,0,100,-999.9,414.314,45.3177,98.8966,99.423
19,1563998465,2673,20190724 13:01:05,13:01:05,1,B1_R4,5,null,null,null,null,1563998457,0.004303153,7.593185213,398.011129,203.5616713,20.53634954,40.15341206,0.07426588,2.271002797,0.072942582,0.045706043,330.423793,46.43085974,44.95684839,9.617110017,41.35909722,4.06922494,9.838766351,5.547885077,-189.769059,54.16414566,6.140677278,200.959557,-0.041751579,0.046869806,3.492840824,0,0,1,0,50163.31503,MPF-315-20190724-06_03_38,673.1303846,3072.88,2399.749615,0.780944786,-0.356377786,MPF-389-20190724-13_02_03,789.3611154,893.066,0.116122307,0.5,1685.963885,7.593185213,97.88900828,1,0.004715144,2.440820723,-,0,893.066,0.116122307,0.709371664,0.471523834,0.908350599,389,300,300,300,10301.1,893.066,-0.00689961,17.2706,1999.974839,1685.963885,0.842992548,0.195985096,6,0.5,0: Broadleaf,1563998457,398.011129,409.1780968,40.33522258,35.37976452,500.0043871,100.685129,0.200019968,45.39924194,44.95684839,999.9,0,0,10000.0829,0,1229.035484,1999.974839,0.899998,0.100002,0,790.9376774,4.99938,16968.7,15965.99355,56.8363871,57.74390323,56.899,57.437,58.687,1795.474516,199.5006452,0,261,789.3611154,-166.593265,-3592.037609,16934.71154,15,1563998109,12:55:09,23,13.441,0.518,415,37,0.21,0.03,0,0,0/0,1.87424,1.87117,1.87066,1.87275,1.86981,1.87927,1.87623,1.87164,5,0,0,0,11111111,oooooooo,off,off,off,off,0,100,100,13.441,0.518,2,498.899,467.884,43.9826,45.1456,30.0003,44.8814,44.8998,20.8186,0,100,-999.9,409.543,45.3177,98.8805,99.4124
20,1563998578,2785.5,20190724 13:02:57,13:02:57,2,B1_R4,5,null,null,null,null,1563998570,0.004340151,7.355698266,398.5198065,212.9554691,21.48417743,40.20497931,0.076055291,2.272242759,0.07466884,0.046790487,330.418649,46.52334623,44.74305484,9.51154736,40.85510142,4.04141383,9.89206657,5.47013353,-191.4006497,93.25775575,10.56160975,242.8373647,-0.041785255,0.046907609,3.495066281,38,8,1,0,50185.5653,MPF-315-20190724-06_03_38,673.1303846,3072.88,2399.749615,0.780944786,-0.356377786,MPF-390-20190724-13_03_55,955.5781538,1058.29,0.097054537,0.5,1685.937764,7.355698266,81.81395472,1,0.004574354,1.90362755,-,0,1058.29,0.097054537,0.655603213,0.266673457,0.839500082,390,300,300,300,10305.4,1057.08,-0.00690334,23.1108,1999.943871,1685.937764,0.84299254,0.195985081,6,0.5,0: Broadleaf,1563998570,398.5198065,409.4224194,40.05930323,35.05966129,499.9902903,100.6857742,0.200000258,45.50433548,44.74305484,999.9,0,0,10008.08452,0,1362.722258,1999.943871,0.899999,0.100001006,0,963.0070323,4.99938,20754.52581,15965.75161,56.889,57.84045161,57,57.52,58.806,1795.447419,199.4970968,0,112,955.5781538,-583.9441366,-12335.36068,20598.05,15,1563998109,12:55:09,23,13.441,0.518,415,37,0.21,0.03,0,0,0/0,1.87424,1.87117,1.87066,1.87273,1.86981,1.87927,1.87624,1.87164,5,0,0,0,11111111,oooooooo,off,off,off,off,0,100,100,13.441,0.518,2,448.204,459.211,44.0695,45.1897,30.0001,44.9357,44.9489,20.8495,0,100,-999.9,409.962,45.3177,98.8733,99.4025
21,1563998664,2871.5,20190724 13:04:23,13:04:23,3,B1_R4,5,null,null,null,null,1563998656,0.002555542,4.049209258,400.0380968,201.7908496,20.35826038,40.35901407,0.039205559,2.271265494,0.03883344,0.024304039,330.4264925,47.3663068,45.70253226,9.993265176,37.9754704,3.80817718,10.02799212,6.185087996,-112.6993985,8.279096235,0.943454542,226.9496447,-0.041758712,0.046877813,3.493312264,59,12,1,0,50113.21496,MPF-315-20190724-06_03_38,673.1303846,3072.88,2399.749615,0.780944786,-0.356377786,MPF-391-20190724-13_05_21,703.8093077,808.193,0.129156887,0.5,1685.98018,4.049209258,108.8779761,1,0.002613072,2.802161117,-,0,808.193,0.129156887,0.736991682,0.772854072,0.943718039,391,300,300,300,10283.3,808.193,-0.00688761,18.1528,1999.994516,1685.98018,0.842992401,0.195984802,6,0.5,0: Broadleaf,1563998656,400.0380968,406.1237097,37.74660968,34.79581935,500.0176774,100.6879355,0.199990935,45.77014516,45.70253226,999.9,0,0,10001.51258,0,1245.699355,1999.994516,0.900002194,0.099998052,0,703.9078387,4.99938,15395.93871,15966.15484,57.062,58.056,57.125,57.75,58.933,1795.502581,199.4929032,0,85.20000005,703.8093077,-17.3162393,-63.1247862,15395.48462,15,1563998109,12:55:09,23,13.441,0.518,415,37,0.21,0.03,0,0,0/0,1.87424,1.87113,1.87068,1.87276,1.86981,1.87927,1.87625,1.87164,5,0,0,0,11111111,oooooooo,off,off,off,off,0,100,100,13.441,0.518,2,421.418,467.974,44.1866,45.2669,30.0005,45.0001,45.0097,20.6905,0,100,-999.9,406.085,45.3177,98.8668,99.394
22,1563998840,3047.5,20190724 13:07:19,13:07:19,1,B1_R4,3,null,null,null,null,1563998832,0.004412334,7.026845984,398.5438065,209.7425948,21.16023077,40.20775525,0.071989867,2.271261308,0.070745842,0.044326131,330.4209824,46.84606504,45.40156452,9.839941605,39.51302101,3.978686259,10.06930414,5.861255346,-194.5839237,54.94884503,6.25527316,197.0411769,-0.041758599,0.046877685,3.493304752,32,6,1,0,50100.45821,MPF-315-20190724-06_03_38,673.1303846,3072.88,2399.749615,0.780944786,-0.356377786,MPF-392-20190724-13_08_17,927.1763462,1022.58,0.093297007,0.5,1685.950211,7.026845984,78.64705465,1,0.004379266,2.005026502,-,0,1022.58,0.093297007,0.667224233,0.273011186,0.854380802,392,300,300,300,10311.4,1022.58,-0.00690673,25.6725,1999.95871,1685.950211,0.842992509,0.195985018,6,0.5,0: Broadleaf,1563998832,398.5438065,409.0859677,39.4371871,34.35132581,500.0125161,100.6866774,0.199986968,45.85031613,45.40156452,999.9,0,0,10001.61032,0,308.0158065,1999.95871,0.899999774,0.0999999,0,930.6406452,4.99938,19950.95806,15965.86774,57.25,58.312,57.375,58.032,59.157,1795.462581,199.4964516,0,175.4000001,927.1763462,-405.4727182,-7462.492312,19886.23462,15,1563998865,13:07:45,24,13.405,0.446,409,34,0.2,0.03,0,0,0/0,1.87424,1.87117,1.87069,1.87276,1.86981,1.87927,1.87624,1.87164,5,0,0,0,11111111,oooooooo,off,off,off,off,0,100,100,13.405,0.446,2,455.457,466.878,44.3653,45.4431,30.0004,45.1454,45.1525,20.8169,0,100,-999.9,409.365,45.3177,98.8297,99.3704
23,1563998948,3155.5,20190724 13:09:07,13:09:07,2,B1_R4,3,null,null,null,null,1563998940,0.004330627,7.220996472,398.8375806,199.6976942,20.1459644,40.23565588,0.06942448,2.270729823,0.068266504,0.042768996,330.4186685,46.88820639,45.52658387,9.903382215,39.12630752,3.942887728,10.07733154,5.960494487,-190.980644,41.53420129,4.73241125,185.704637,-0.041744168,0.046861486,3.492350962,47,9,1,0,50081.32093,MPF-315-20190724-06_03_38,673.1303846,3072.88,2399.749615,0.780944786,-0.356377786,MPF-393-20190724-13_10_05,1029.853,1127.14,0.086313147,0.5,1685.937531,7.220996472,72.7592866,1,0.004494457,1.726262931,-,0,1127.14,0.086313147,0.633197522,0.214284008,0.810809589,393,300,300,300,10307.7,1127.14,-0.00690426,34.9896,1999.943548,1685.937531,0.84299256,0.19598512,6,0.5,0: Broadleaf,1563998940,398.8375806,409.5752903,39.08403548,34.09046129,500.0068065,100.6822581,0.200050516,45.86586129,45.52658387,999.9,0,0,9998.592903,0,1544.902581,1999.943548,0.899998387,0.100001613,0,1033.725839,4.99938,22296.17097,15965.72903,57.308,58.437,57.437,58.062,59.18903226,1795.446129,199.4983871,0,107.2,1029.853,-647.6458795,-13622.41708,22214.28077,15,1563998865,13:07:45,24,13.405,0.446,409,34,0.2,0.03,0,0,0/0,1.87424,1.87117,1.87066,1.87275,1.86981,1.87927,1.87624,1.87165,5,0,0,0,11111111,oooooooo,off,off,off,off,0,100,100,13.405,0.446,2,436.894,460.858,44.4617,45.51,30.0004,45.213,45.2163,20.8508,0,100,-999.9,410.128,45.3177,98.8213,99.3614
24,1563999050,3257.5,20190724 13:10:49,13:10:49,3,B1_R4,3,null,null,null,null,1563999042,0.006143332,10.26200982,399.0187419,211.4985123,21.33606283,40.25318597,0.105851639,2.272095508,0.103186383,0.064725362,330.4247612,46.35675297,45.16929355,9.723008529,40.86126683,4.1293221,10.10571238,5.59368643,-270.9209277,92.04653709,10.46658779,162.0169583,-0.041781255,0.046903119,3.494801972,77,15,1,0,50115.33002,MPF-315-20190724-06_03_38,673.1303846,3072.88,2399.749615,0.780944786,-0.356377786,MPF-394-20190724-13_11_47,781.3489615,960.179,0.186246563,0.5,1685.969515,10.26200982,157.0030136,1,0.00629809,2.20031994,-,0,960.179,0.186246563,0.687531241,0.622995649,0.880383931,394,300,300,300,10287.3,928.926,-0.0068906,13.7425,1999.981613,1685.969515,0.842992508,0.195985015,6,0.5,0: Broadleaf,1563999042,399.0187419,414.2744839,40.93283226,33.8627,500.0077097,100.6804194,0.200019935,45.92073548,45.16929355,999.9,0,0,10007.65871,0,1606.772581,1999.981613,0.90000029,0.09999971,0,783.6675484,4.99938,17135.86774,15966.05484,57.33232258,58.437,57.5,58.062,59.25,1795.483871,199.4987097,0,101.5999999,781.3489615,-212.2678634,-5009.473508,17081.85,15,1563998865,13:07:45,24,13.405,0.446,409,34,0.2,0.03,0,0,0/0,1.87424,1.87115,1.87067,1.87282,1.86981,1.87927,1.87626,1.87164,5,0,0,0,11111111,oooooooo,off,off,off,off,0,100,100,13.405,0.446,2,400.062,465.999,44.5088,45.5597,30.0004,45.2769,45.2721,21.024,0,100,-999.9,414.171,45.3177,98.8065,99.3546
25,1563999166,3373.5,20190724 13:12:45,13:12:45,1,B1_R4,2,null,null,null,null,1563999158,0.004094817,6.206215546,397.8082903,210.706551,21.25483738,40.12856021,0.064588697,2.268630614,0.06358425,0.039829101,330.421422,47.10805593,45.48400645,9.881736888,37.69820109,3.82687376,10.15134317,6.054863128,-180.5814333,64.17141349,7.321919678,221.3333218,-0.041687202,0.046797536,3.488584671,8,2,1,0,49993.19766,MPF-315-20190724-06_03_38,673.1303846,3072.88,2399.749615,0.780944786,-0.356377786,MPF-395-20190724-13_13_43,995.3203462,1126.07,0.11611148,0.5,1685.952637,6.206215546,97.8792276,1,0.003892513,1.728853446,-,0,1126.07,0.11611148,0.633545729,0.288669062,0.811255469,395,300,300,300,10349.2,1126.07,-0.00693277,26.3317,1999.961613,1685.952637,0.842992498,0.195984997,6,0.5,0: Broadleaf,1563999158,397.8082903,407.2102581,37.93712258,33.20987419,500.0124194,100.6740323,0.200085226,46.00868387,45.48400645,999.9,0,0,9985.764194,0,1401.627742,1999.961613,0.900000355,0.099999661,0,996.7681935,4.99938,21010.6871,15965.8871,57.437,58.46341935,57.534,58.062,59.296,1795.466774,199.496129,0,115.2,995.3203462,-356.1060854,-7454.14017,20980.76154,15,1563998865,13:07:45,24,13.405,0.446,409,34,0.2,0.03,0,0,0/0,1.87424,1.87119,1.87069,1.87277,1.86981,1.87927,1.87624,1.87164,5,0,0,0,11111111,oooooooo,off,off,off,off,0,100,100,13.405,0.446,2,485.313,464.902,44.5508,45.6393,30.0005,45.3346,45.3418,20.751,0,100,-999.9,407.901,45.3177,98.7933,99.3422
26,1563999275,3482.6,20190724 13:14:34,13:14:34,2,B1_R4,2,null,null,null,null,1563999267,0.00177085,2.844484205,399.5682581,195.1222966,19.68284018,40.30619923,0.026528315,2.271914849,0.026357422,0.016488651,330.4257871,47.62991713,45.42097419,9.849767883,35.09899327,3.521605863,10.03335291,6.32816202,-78.09448197,44.04387168,5.011240494,301.3864173,-0.041776348,0.04689761,3.494477705,54,11,1,0,50131.59666,MPF-315-20190724-06_03_38,673.1303846,3072.88,2399.749615,0.780944786,-0.356377786,MPF-396-20190724-13_15_32,816.2795769,889.704,0.082526799,0.5,1685.974933,2.844484205,69.56905709,1,0.001898523,2.453822844,-,0,889.704,0.082526799,0.710465752,0.339027554,0.909751578,396,300,300,300,10339.6,889.704,-0.00692643,18.1302,1999.988065,1685.974933,0.842992497,0.195984994,6,0.5,0: Broadleaf,1563999267,399.5682581,403.8304516,34.91080645,32.86010645,500.0326129,100.6744194,0.199957968,45.78056452,45.42097419,999.9,0,0,10007.07968,0,1675.006774,1999.988065,0.900000677,0.099999406,0,819.3596774,4.99938,17731.46774,15966.09032,57.36687097,58.47764516,57.5,57.93903226,59.25,1795.490968,199.4987097,0,108.8,816.2795769,-245.2245809,-5332.700848,17664.54231,15,1563998865,13:07:45,24,13.405,0.446,409,34,0.2,0.03,0,0,0/0,1.87424,1.87119,1.87071,1.87275,1.86981,1.87927,1.87631,1.87164,5,0,0,0,11111111,oooooooo,off,off,off,off,0,100,100,13.405,0.446,2,427.695,447.87,44.478,45.6693,30.0001,45.3904,45.3905,20.5901,0,100,-999.9,404.055,45.3177,98.7799,99.3303
27,1563999392,3599.6,20190724 13:16:31,13:16:31,3,B1_R4,2,null,null,null,null,1563999384,0.004559097,6.750575098,399.4870968,220.7399205,22.2677488,40.29936361,0.074216607,2.269621513,0.072894259,0.045675757,330.4214244,46.61743089,45.10743871,9.692071967,38.1410283,3.804851394,9.975744135,5.887220572,-201.0561667,68.63202618,7.801076731,205.7983606,-0.041714086,0.046827716,3.490362314,38,8,1,0,50077.63057,MPF-315-20190724-06_03_38,673.1303846,3072.88,2399.749615,0.780944786,-0.356377786,MPF-397-20190724-13_17_30,849.0985,959.838,0.115373115,0.5,1685.953856,6.750575098,97.2568741,1,0.00421539,2.201456913,-,0,959.838,0.115373115,0.687642212,0.386245408,0.880526029,397,300,300,300,10341.7,959.838,-0.00707269,9.10071,1999.963226,1685.953856,0.842992428,0.195984856,6,0.5,0: Broadleaf,1563999384,399.4870968,409.7728065,37.71744516,32.45315484,500.0262903,100.6777742,0.199986161,45.66834194,45.10743871,999.9,0,0,9991.832581,0,113.7309677,1999.963226,0.900002903,0.099997281,0,851.6483226,4.99938,18285.49677,15965.90323,57.375,58.3,57.437,57.937,59.187,1795.472903,199.4916129,0,116.6000001,849.0985,-237.5649572,-4675.480341,18233.83846,15,1563998865,13:07:45,24,13.405,0.446,409,34,0.2,0.03,0,0,0/0,1.87424,1.87117,1.8707,1.87278,1.86981,1.87926,1.87627,1.87164,5,0,0,0,11111111,oooooooo,off,off,off,off,0,100,100,13.405,0.446,2,447.881,462.807,44.3673,45.6443,29.9999,45.3904,45.4004,20.8248,0,100,-999.9,409.991,45.3177,98.7899,99.3433
