[Header],,,,,,,,,,,,,,,,,,,,,,,,,,,,,,,,,,,,,,,,,,,,,,,,,,,,,,,,,,,,,,,,,,,,,,,,,,,,,,,,,,,,,,,,,,,,,,,,,,,,,,,,,,,,,,,,,,,,,,,,,,,,,,,,,,,,,,,,,,,,,,,,,,,,,,,,
File opened,9/5/2019 7:53,,,,,,,,,,,,,,,,,,,,,,,,,,,,,,,,,,,,,,,,,,,,,,,,,,,,,,,,,,,,,,,,,,,,,,,,,,,,,,,,,,,,,,,,,,,,,,,,,,,,,,,,,,,,,,,,,,,,,,,,,,,,,,,,,,,,,,,,,,,,,,,,,,,,,,,
Console s/n,68C-811774,,,,,,,,,,,,,,,,,,,,,,,,,,,,,,,,,,,,,,,,,,,,,,,,,,,,,,,,,,,,,,,,,,,,,,,,,,,,,,,,,,,,,,,,,,,,,,,,,,,,,,,,,,,,,,,,,,,,,,,,,,,,,,,,,,,,,,,,,,,,,,,,,,,,,,,
Console ver,Bluestem v.1.3.17,,,,,,,,,,,,,,,,,,,,,,,,,,,,,,,,,,,,,,,,,,,,,,,,,,,,,,,,,,,,,,,,,,,,,,,,,,,,,,,,,,,,,,,,,,,,,,,,,,,,,,,,,,,,,,,,,,,,,,,,,,,,,,,,,,,,,,,,,,,,,,,,,,,,,,,
Scripts ver,"2018.12  1.3.16, Nov 2018",,,,,,,,,,,,,,,,,,,,,,,,,,,,,,,,,,,,,,,,,,,,,,,,,,,,,,,,,,,,,,,,,,,,,,,,,,,,,,,,,,,,,,,,,,,,,,,,,,,,,,,,,,,,,,,,,,,,,,,,,,,,,,,,,,,,,,,,,,,,,,,,,,,,,,,
Head s/n,68H-891774,,,,,,,,,,,,,,,,,,,,,,,,,,,,,,,,,,,,,,,,,,,,,,,,,,,,,,,,,,,,,,,,,,,,,,,,,,,,,,,,,,,,,,,,,,,,,,,,,,,,,,,,,,,,,,,,,,,,,,,,,,,,,,,,,,,,,,,,,,,,,,,,,,,,,,,
Head ver,1.3.1,,,,,,,,,,,,,,,,,,,,,,,,,,,,,,,,,,,,,,,,,,,,,,,,,,,,,,,,,,,,,,,,,,,,,,,,,,,,,,,,,,,,,,,,,,,,,,,,,,,,,,,,,,,,,,,,,,,,,,,,,,,,,,,,,,,,,,,,,,,,,,,,,,,,,,,
Head cal,"{""h2oaspan2"": ""0"", ""tazero"": ""0.152929"", ""h2oaspanconc2"": ""0"", ""co2bspan2b"": ""0.29519"", ""h2oaspanconc1"": ""12.26"", ""tbzero"": ""0.215755"", ""ssb_ref"": ""35786.6"", ""co2aspan2b"": ""0.297605"", ""h2obspan2"": ""0"", ""h2oaspan2a"": ""0.0705567"", ""co2bspanconc1"": ""2488"", ""flowazero"": ""0.32007"", ""co2aspan2"": ""-0.0219573"", ""h2obspanconc1"": ""12.26"", ""h2obspan2b"": ""0.0707405"", ""co2bzero"": ""0.98885"", ""h2obspanconc2"": ""0"", ""flowbzero"": ""0.27629"", ""flowmeterzero"": ""0.998065"", ""ssa_ref"": ""36960.3"", ""co2aspanconc1"": ""2488"", ""co2aspanconc2"": ""301.4"", ""co2bspan2a"": ""0.29782"", ""co2bspan2"": ""-0.0251377"", ""co2bspanconc2"": ""301.4"", ""chamberpressurezero"": ""2.65245"", ""h2oaspan1"": ""0.999815"", ""co2azero"": ""0.926087"", ""h2obspan2a"": ""0.0703112"", ""h2oaspan2b"": ""0.0705436"", ""h2oazero"": ""0.989591"", ""co2bspan1"": ""0.998656"", ""h2obspan1"": ""1.00611"", ""co2aspan1"": ""0.997867"", ""oxygen"": ""21"", ""co2aspan2a"": ""0.300224"", ""h2obzero"": ""0.997694""}",,,,,,,,,,,,,,,,,,,,,,,,,,,,,,,,,,,,,,,,,,,,,,,,,,,,,,,,,,,,,,,,,,,,,,,,,,,,,,,,,,,,,,,,,,,,,,,,,,,,,,,,,,,,,,,,,,,,,,,,,,,,,,,,,,,,,,,,,,,,,,,,,,,,,,,
Chamber type,6800-01A,,,,,,,,,,,,,,,,,,,,,,,,,,,,,,,,,,,,,,,,,,,,,,,,,,,,,,,,,,,,,,,,,,,,,,,,,,,,,,,,,,,,,,,,,,,,,,,,,,,,,,,,,,,,,,,,,,,,,,,,,,,,,,,,,,,,,,,,,,,,,,,,,,,,,,,
Chamber s/n,MPF-831608,,,,,,,,,,,,,,,,,,,,,,,,,,,,,,,,,,,,,,,,,,,,,,,,,,,,,,,,,,,,,,,,,,,,,,,,,,,,,,,,,,,,,,,,,,,,,,,,,,,,,,,,,,,,,,,,,,,,,,,,,,,,,,,,,,,,,,,,,,,,,,,,,,,,,,,
Chamber rev,0,,,,,,,,,,,,,,,,,,,,,,,,,,,,,,,,,,,,,,,,,,,,,,,,,,,,,,,,,,,,,,,,,,,,,,,,,,,,,,,,,,,,,,,,,,,,,,,,,,,,,,,,,,,,,,,,,,,,,,,,,,,,,,,,,,,,,,,,,,,,,,,,,,,,,,,
Chamber cal,0,,,,,,,,,,,,,,,,,,,,,,,,,,,,,,,,,,,,,,,,,,,,,,,,,,,,,,,,,,,,,,,,,,,,,,,,,,,,,,,,,,,,,,,,,,,,,,,,,,,,,,,,,,,,,,,,,,,,,,,,,,,,,,,,,,,,,,,,,,,,,,,,,,,,,,,
Fluorometer,MPF-831608,,,,,,,,,,,,,,,,,,,,,,,,,,,,,,,,,,,,,,,,,,,,,,,,,,,,,,,,,,,,,,,,,,,,,,,,,,,,,,,,,,,,,,,,,,,,,,,,,,,,,,,,,,,,,,,,,,,,,,,,,,,,,,,,,,,,,,,,,,,,,,,,,,,,,,,
Flr. Version,1.3.1,,,,,,,,,,,,,,,,,,,,,,,,,,,,,,,,,,,,,,,,,,,,,,,,,,,,,,,,,,,,,,,,,,,,,,,,,,,,,,,,,,,,,,,,,,,,,,,,,,,,,,,,,,,,,,,,,,,,,,,,,,,,,,,,,,,,,,,,,,,,,,,,,,,,,,,
7:53:03,Stability Definition:,F (FlrLS): Slp<1 Per=20,Î”H2O (Meas2): Slp<0.1 Per=20,Î”CO2 (Meas2): Slp<1 Per=20,,,,,,,,,,,,,,,,,,,,,,,,,,,,,,,,,,,,,,,,,,,,,,,,,,,,,,,,,,,,,,,,,,,,,,,,,,,,,,,,,,,,,,,,,,,,,,,,,,,,,,,,,,,,,,,,,,,,,,,,,,,,,,,,,,,,,,,,,,,,,,,,,,,,
SysConst:AvgTime,4,,,,,,,,,,,,,,,,,,,,,,,,,,,,,,,,,,,,,,,,,,,,,,,,,,,,,,,,,,,,,,,,,,,,,,,,,,,,,,,,,,,,,,,,,,,,,,,,,,,,,,,,,,,,,,,,,,,,,,,,,,,,,,,,,,,,,,,,,,,,,,,,,,,,,,,
SysConst:Oxygen,21,,,,,,,,,,,,,,,,,,,,,,,,,,,,,,,,,,,,,,,,,,,,,,,,,,,,,,,,,,,,,,,,,,,,,,,,,,,,,,,,,,,,,,,,,,,,,,,,,,,,,,,,,,,,,,,,,,,,,,,,,,,,,,,,,,,,,,,,,,,,,,,,,,,,,,,
SysConst:Chamber,6800-01A 6 cmÂ²,,,,,,,,,,,,,,,,,,,,,,,,,,,,,,,,,,,,,,,,,,,,,,,,,,,,,,,,,,,,,,,,,,,,,,,,,,,,,,,,,,,,,,,,,,,,,,,,,,,,,,,,,,,,,,,,,,,,,,,,,,,,,,,,,,,,,,,,,,,,,,,,,,,,,,,
Const:CustomBLC,2,,,,,,,,,,,,,,,,,,,,,,,,,,,,,,,,,,,,,,,,,,,,,,,,,,,,,,,,,,,,,,,,,,,,,,,,,,,,,,,,,,,,,,,,,,,,,,,,,,,,,,,,,,,,,,,,,,,,,,,,,,,,,,,,,,,,,,,,,,,,,,,,,,,,,,,
LTConst:deltaTw,0,,,,,,,,,,,,,,,,,,,,,,,,,,,,,,,,,,,,,,,,,,,,,,,,,,,,,,,,,,,,,,,,,,,,,,,,,,,,,,,,,,,,,,,,,,,,,,,,,,,,,,,,,,,,,,,,,,,,,,,,,,,,,,,,,,,,,,,,,,,,,,,,,,,,,,,
LTConst:fT1,1,,,,,,,,,,,,,,,,,,,,,,,,,,,,,,,,,,,,,,,,,,,,,,,,,,,,,,,,,,,,,,,,,,,,,,,,,,,,,,,,,,,,,,,,,,,,,,,,,,,,,,,,,,,,,,,,,,,,,,,,,,,,,,,,,,,,,,,,,,,,,,,,,,,,,,,
LTConst:fT2,0,,,,,,,,,,,,,,,,,,,,,,,,,,,,,,,,,,,,,,,,,,,,,,,,,,,,,,,,,,,,,,,,,,,,,,,,,,,,,,,,,,,,,,,,,,,,,,,,,,,,,,,,,,,,,,,,,,,,,,,,,,,,,,,,,,,,,,,,,,,,,,,,,,,,,,,
LTConst:fTeb,0,,,,,,,,,,,,,,,,,,,,,,,,,,,,,,,,,,,,,,,,,,,,,,,,,,,,,,,,,,,,,,,,,,,,,,,,,,,,,,,,,,,,,,,,,,,,,,,,,,,,,,,,,,,,,,,,,,,,,,,,,,,,,,,,,,,,,,,,,,,,,,,,,,,,,,,
LQConst:Leaf,standard,,,,,,,,,,,,,,,,,,,,,,,,,,,,,,,,,,,,,,,,,,,,,,,,,,,,,,,,,,,,,,,,,,,,,,,,,,,,,,,,,,,,,,,,,,,,,,,,,,,,,,,,,,,,,,,,,,,,,,,,,,,,,,,,,,,,,,,,,,,,,,,,,,,,,,,
LQConst:Ambient,Sun+Sky,,,,,,,,,,,,,,,,,,,,,,,,,,,,,,,,,,,,,,,,,,,,,,,,,,,,,,,,,,,,,,,,,,,,,,,,,,,,,,,,,,,,,,,,,,,,,,,,,,,,,,,,,,,,,,,,,,,,,,,,,,,,,,,,,,,,,,,,,,,,,,,,,,,,,,,
LQConst:abs_ambient,0.49,,,,,,,,,,,,,,,,,,,,,,,,,,,,,,,,,,,,,,,,,,,,,,,,,,,,,,,,,,,,,,,,,,,,,,,,,,,,,,,,,,,,,,,,,,,,,,,,,,,,,,,,,,,,,,,,,,,,,,,,,,,,,,,,,,,,,,,,,,,,,,,,,,,,,,,
LQConst:abs_redLED,0.84,,,,,,,,,,,,,,,,,,,,,,,,,,,,,,,,,,,,,,,,,,,,,,,,,,,,,,,,,,,,,,,,,,,,,,,,,,,,,,,,,,,,,,,,,,,,,,,,,,,,,,,,,,,,,,,,,,,,,,,,,,,,,,,,,,,,,,,,,,,,,,,,,,,,,,,
LQConst:abs_greenLED,0.7,,,,,,,,,,,,,,,,,,,,,,,,,,,,,,,,,,,,,,,,,,,,,,,,,,,,,,,,,,,,,,,,,,,,,,,,,,,,,,,,,,,,,,,,,,,,,,,,,,,,,,,,,,,,,,,,,,,,,,,,,,,,,,,,,,,,,,,,,,,,,,,,,,,,,,,
LQConst:abs_blueLED,0.87,,,,,,,,,,,,,,,,,,,,,,,,,,,,,,,,,,,,,,,,,,,,,,,,,,,,,,,,,,,,,,,,,,,,,,,,,,,,,,,,,,,,,,,,,,,,,,,,,,,,,,,,,,,,,,,,,,,,,,,,,,,,,,,,,,,,,,,,,,,,,,,,,,,,,,,
LQConst:abs_whiteLED,0.75,,,,,,,,,,,,,,,,,,,,,,,,,,,,,,,,,,,,,,,,,,,,,,,,,,,,,,,,,,,,,,,,,,,,,,,,,,,,,,,,,,,,,,,,,,,,,,,,,,,,,,,,,,,,,,,,,,,,,,,,,,,,,,,,,,,,,,,,,,,,,,,,,,,,,,,
LQConst:abs_redFlr,0.84,,,,,,,,,,,,,,,,,,,,,,,,,,,,,,,,,,,,,,,,,,,,,,,,,,,,,,,,,,,,,,,,,,,,,,,,,,,,,,,,,,,,,,,,,,,,,,,,,,,,,,,,,,,,,,,,,,,,,,,,,,,,,,,,,,,,,,,,,,,,,,,,,,,,,,,
LQConst:abs_blueFlr,0.87,,,,,,,,,,,,,,,,,,,,,,,,,,,,,,,,,,,,,,,,,,,,,,,,,,,,,,,,,,,,,,,,,,,,,,,,,,,,,,,,,,,,,,,,,,,,,,,,,,,,,,,,,,,,,,,,,,,,,,,,,,,,,,,,,,,,,,,,,,,,,,,,,,,,,,,
LQConst:k_ambient,0.39,,,,,,,,,,,,,,,,,,,,,,,,,,,,,,,,,,,,,,,,,,,,,,,,,,,,,,,,,,,,,,,,,,,,,,,,,,,,,,,,,,,,,,,,,,,,,,,,,,,,,,,,,,,,,,,,,,,,,,,,,,,,,,,,,,,,,,,,,,,,,,,,,,,,,,,
LQConst:k_redLED,0.18,,,,,,,,,,,,,,,,,,,,,,,,,,,,,,,,,,,,,,,,,,,,,,,,,,,,,,,,,,,,,,,,,,,,,,,,,,,,,,,,,,,,,,,,,,,,,,,,,,,,,,,,,,,,,,,,,,,,,,,,,,,,,,,,,,,,,,,,,,,,,,,,,,,,,,,
LQConst:k_greenLED,0.23,,,,,,,,,,,,,,,,,,,,,,,,,,,,,,,,,,,,,,,,,,,,,,,,,,,,,,,,,,,,,,,,,,,,,,,,,,,,,,,,,,,,,,,,,,,,,,,,,,,,,,,,,,,,,,,,,,,,,,,,,,,,,,,,,,,,,,,,,,,,,,,,,,,,,,,
LQConst:k_blueLED,0.26,,,,,,,,,,,,,,,,,,,,,,,,,,,,,,,,,,,,,,,,,,,,,,,,,,,,,,,,,,,,,,,,,,,,,,,,,,,,,,,,,,,,,,,,,,,,,,,,,,,,,,,,,,,,,,,,,,,,,,,,,,,,,,,,,,,,,,,,,,,,,,,,,,,,,,,
LQConst:k_whiteLED,0.21,,,,,,,,,,,,,,,,,,,,,,,,,,,,,,,,,,,,,,,,,,,,,,,,,,,,,,,,,,,,,,,,,,,,,,,,,,,,,,,,,,,,,,,,,,,,,,,,,,,,,,,,,,,,,,,,,,,,,,,,,,,,,,,,,,,,,,,,,,,,,,,,,,,,,,,
LQConst:k_redFlr,0.19,,,,,,,,,,,,,,,,,,,,,,,,,,,,,,,,,,,,,,,,,,,,,,,,,,,,,,,,,,,,,,,,,,,,,,,,,,,,,,,,,,,,,,,,,,,,,,,,,,,,,,,,,,,,,,,,,,,,,,,,,,,,,,,,,,,,,,,,,,,,,,,,,,,,,,,
LQConst:k_blueFlr,0.25,,,,,,,,,,,,,,,,,,,,,,,,,,,,,,,,,,,,,,,,,,,,,,,,,,,,,,,,,,,,,,,,,,,,,,,,,,,,,,,,,,,,,,,,,,,,,,,,,,,,,,,,,,,,,,,,,,,,,,,,,,,,,,,,,,,,,,,,,,,,,,,,,,,,,,,
QConst:fQ_Amb_in,0,,,,,,,,,,,,,,,,,,,,,,,,,,,,,,,,,,,,,,,,,,,,,,,,,,,,,,,,,,,,,,,,,,,,,,,,,,,,,,,,,,,,,,,,,,,,,,,,,,,,,,,,,,,,,,,,,,,,,,,,,,,,,,,,,,,,,,,,,,,,,,,,,,,,,,,
QConst:fQ_Amb_out,0,,,,,,,,,,,,,,,,,,,,,,,,,,,,,,,,,,,,,,,,,,,,,,,,,,,,,,,,,,,,,,,,,,,,,,,,,,,,,,,,,,,,,,,,,,,,,,,,,,,,,,,,,,,,,,,,,,,,,,,,,,,,,,,,,,,,,,,,,,,,,,,,,,,,,,,
QConst:fQ_HeadLS,0,,,,,,,,,,,,,,,,,,,,,,,,,,,,,,,,,,,,,,,,,,,,,,,,,,,,,,,,,,,,,,,,,,,,,,,,,,,,,,,,,,,,,,,,,,,,,,,,,,,,,,,,,,,,,,,,,,,,,,,,,,,,,,,,,,,,,,,,,,,,,,,,,,,,,,,
QConst:fQ_ConsoleLS,0,,,,,,,,,,,,,,,,,,,,,,,,,,,,,,,,,,,,,,,,,,,,,,,,,,,,,,,,,,,,,,,,,,,,,,,,,,,,,,,,,,,,,,,,,,,,,,,,,,,,,,,,,,,,,,,,,,,,,,,,,,,,,,,,,,,,,,,,,,,,,,,,,,,,,,,
QConst:fQ_Flr,1,,,,,,,,,,,,,,,,,,,,,,,,,,,,,,,,,,,,,,,,,,,,,,,,,,,,,,,,,,,,,,,,,,,,,,,,,,,,,,,,,,,,,,,,,,,,,,,,,,,,,,,,,,,,,,,,,,,,,,,,,,,,,,,,,,,,,,,,,,,,,,,,,,,,,,,
LeakConst:fan_a,-6276,,,,,,,,,,,,,,,,,,,,,,,,,,,,,,,,,,,,,,,,,,,,,,,,,,,,,,,,,,,,,,,,,,,,,,,,,,,,,,,,,,,,,,,,,,,,,,,,,,,,,,,,,,,,,,,,,,,,,,,,,,,,,,,,,,,,,,,,,,,,,,,,,,,,,,,
LeakConst:fan_b,6.6,,,,,,,,,,,,,,,,,,,,,,,,,,,,,,,,,,,,,,,,,,,,,,,,,,,,,,,,,,,,,,,,,,,,,,,,,,,,,,,,,,,,,,,,,,,,,,,,,,,,,,,,,,,,,,,,,,,,,,,,,,,,,,,,,,,,,,,,,,,,,,,,,,,,,,,
LeakConst:fan_c,1.71E-05,,,,,,,,,,,,,,,,,,,,,,,,,,,,,,,,,,,,,,,,,,,,,,,,,,,,,,,,,,,,,,,,,,,,,,,,,,,,,,,,,,,,,,,,,,,,,,,,,,,,,,,,,,,,,,,,,,,,,,,,,,,,,,,,,,,,,,,,,,,,,,,,,,,,,,,
LeakConst:fan_d,3.11,,,,,,,,,,,,,,,,,,,,,,,,,,,,,,,,,,,,,,,,,,,,,,,,,,,,,,,,,,,,,,,,,,,,,,,,,,,,,,,,,,,,,,,,,,,,,,,,,,,,,,,,,,,,,,,,,,,,,,,,,,,,,,,,,,,,,,,,,,,,,,,,,,,,,,,
LeakConst:Fs_meas,4.12377 80.5085 382.449 623.777 863.43 1068.02 1256.8 1423.98,,,,,,,,,,,,,,,,,,,,,,,,,,,,,,,,,,,,,,,,,,,,,,,,,,,,,,,,,,,,,,,,,,,,,,,,,,,,,,,,,,,,,,,,,,,,,,,,,,,,,,,,,,,,,,,,,,,,,,,,,,,,,,,,,,,,,,,,,,,,,,,,,,,,,,,
LeakConst:Fs_true,-0.372605 100.099 402.339 601.518 800.297 1000.46 1200.7 1401.12,,,,,,,,,,,,,,,,,,,,,,,,,,,,,,,,,,,,,,,,,,,,,,,,,,,,,,,,,,,,,,,,,,,,,,,,,,,,,,,,,,,,,,,,,,,,,,,,,,,,,,,,,,,,,,,,,,,,,,,,,,,,,,,,,,,,,,,,,,,,,,,,,,,,,,,
LeakConst:leak_wt,0,,,,,,,,,,,,,,,,,,,,,,,,,,,,,,,,,,,,,,,,,,,,,,,,,,,,,,,,,,,,,,,,,,,,,,,,,,,,,,,,,,,,,,,,,,,,,,,,,,,,,,,,,,,,,,,,,,,,,,,,,,,,,,,,,,,,,,,,,,,,,,,,,,,,,,,
[Data],,,,,,,,,,,,,,,,,,,,,,,,,,,,,,,,,,,,,,,,,,,,,,,,,,,,,,,,,,,,,,,,,,,,,,,,,,,,,,,,,,,,,,,,,,,,,,,,,,,,,,,,,,,,,,,,,,,,,,,,,,,,,,,,,,,,,,,,,,,,,,,,,,,,,,,,
Sys,Sys,Sys,Sys,Sys,UserDefVar,UserDefVar,UserDefVar,UserDefVar,GasEx,GasEx,GasEx,GasEx,GasEx,GasEx,GasEx,GasEx,GasEx,GasEx,GasEx,GasEx,GasEx,GasEx,GasEx,GasEx,GasEx,GasEx,GasEx,GasEx,GasEx,GasEx,GasEx,GasEx,GasEx,GasEx,Leak,Leak,Leak,Leak,Leak,FLR,FLR,FLR,FLR,FLR,FLR,FLR,FLR,FLR,FLR,FLR,FLR,FLR,FLR,FLR,FLR,FLR,FLR,FLR,FLR,FLR,FLR,FLR,FLR,LeafQ,LeafQ,LeafQ,LeafQ,Const,Const,Const,Meas,Meas,Meas,Meas,Meas,Meas,Meas,Meas,Meas,Meas,Meas,Meas,Meas,Meas,Meas,Meas,FlrLS,FlrLS,FlrLS,FlrLS,FlrLS,FlrLS,FlrLS,FlrLS,FlrLS,FlrLS,FlrLS,FlrLS,FlrLS,FlrLS,FlrLS,FlrLS,FlrLS,FlrStats,FlrStats,FlrStats,FlrStats,FlrStats,Match,Match,Match,Match,Match,Match,Match,Match,Match,Stability,Stability,Stability,Stability,Stability,Stability,Stability,Stability,Stability,Stability,Stability,Stability,Stability,Stability,Stability,Status,Status,Status,Status,Status,Status,Status,Status,Status,Status,Status,Status,Status,Status,Status,Status,Status,Status,Status,Status
obs,time,elapsed,date,hhmmss,rootstocks_Vine_#,BH_Leaf,BH_Vine,BH_Block,TIME,E,A,Ca,Ci,Pci,Pca,gsw,gbw,gtw,gtc,Rabs,TleafEB,TleafCnd,SVPleaf,RHcham,VPcham,SVPcham,VPDleaf,LatHFlux,SenHFlux,NetTherm,EBSum,blfa_1,blfa_2,blfa_3,Leak,LeakPct,CorrFact,CorrFactPct,Fan,DarkAdaptedID,Fo,Fm,Fv,Fv/Fm,Adark,LightAdaptedID,Fs,Fm',PhiPS2,PS2/1,Qabs_fs,Afs,ETR,Fv'/Fm',PhiCO2,NPQ,DarkPulseID,Fo',Fv',qP,qN,qP_Fo,qN_Fo,Qin,Qabs,alpha,convert,S,K,Geometry,TIME,CO2_s,CO2_r,H2O_s,H2O_r,Flow,Pa,Î”Pcham,Tair,Tleaf,Tleaf2,Offset,Offset2,Fan_speed,Qamb_in,Qamb_out,Q,f_red,f_blue,f_farred,F,Q_modavg,F_dc,Pc,Tled,TDigital,TPreamp,TPwrSpy,TDrive,Q_red,Q_blue,Q_farred,TSPF,F_avg,dF/dt,dF_dc/dt,F_dc_avg,period,time,hhmmss,count,co2_adj,h2o_adj,co2_at,h2o_at,co2_cv,h2o_cv,Î”CO2:MN,Î”CO2:SLP,Î”CO2:SD,Î”CO2:OK,F:MN,F:SLP,F:SD,F:OK,Î”H2O:MN,Î”H2O:SLP,Î”H2O:SD,Î”H2O:OK,Stable,Total,State,MatchValveR,MatchValveS,MatchCO2,MatchH2O,DIAG,Flow_s,Flow_r,Txchg,Tirga,Tchopper,Ts,Tr,CO2_%,Desiccant_%,Humidifier_%,Txchg_sp,CO2_r_sp,H2O_r_sp,SS_s,SS_r
,s,s,,,,,,,s,mol mâ»Â² sâ»Â¹,Âµmol mâ»Â² sâ»Â¹,Âµmol molâ»Â¹,Âµmol molâ»Â¹,Pa,Pa,mol mâ»Â² sâ»Â¹,mol mâ»Â² sâ»Â¹,mol mâ»Â² sâ»Â¹,mol mâ»Â² sâ»Â¹,W mâ»Â²,Â°C,Â°C,kPa,%,kPa,kPa,kPa,W mâ»Â²,W mâ»Â²,W mâ»Â²,W mâ»Â²,,,,Âµmol sâ»Â¹,%,,%,Âµmol sâ»Â¹,,,,,,Âµmol mâ»Â² sâ»Â¹,,,,,,Âµmol mâ»Â² sâ»Â¹,Âµmol mâ»Â² sâ»Â¹,Âµmol mâ»Â² sâ»Â¹,,Âµmol Âµmolâ»Â¹,,,,,,,,,Âµmol mâ»Â² sâ»Â¹,Âµmol mâ»Â² sâ»Â¹,,J/Âµmol,cmÂ²,,,s,Âµmol molâ»Â¹,Âµmol molâ»Â¹,mmol molâ»Â¹,mmol molâ»Â¹,Âµmol sâ»Â¹,kPa,kPa,Â°C,Â°C,Â°C,Â°C,Â°C,rpm,Âµmol mâ»Â² sâ»Â¹,Âµmol mâ»Â² sâ»Â¹,Âµmol mâ»Â² sâ»Â¹,,,,,Âµmol mâ»Â² sâ»Â¹,,,Â°C,Â°C,Â°C,Â°C,Â°C,Âµmol mâ»Â² sâ»Â¹,Âµmol mâ»Â² sâ»Â¹,Âµmol mâ»Â² sâ»Â¹,s,,minâ»Â¹,minâ»Â¹,,s,secs,,,Âµmol/mol,mmol/mol,Âµmol/mol,mmol/mol,%,%,Âµmol molâ»Â¹,Âµmol molâ»Â¹ minâ»Â¹,Âµmol molâ»Â¹,,, minâ»Â¹,,,mmol molâ»Â¹,mmol molâ»Â¹ minâ»Â¹,mmol molâ»Â¹,,,,,%,%,Âµmol/mol,mmol/mol,,Âµmol sâ»Â¹,Âµmol sâ»Â¹,Â°C,Â°C,Â°C,Â°C,Â°C,%,%,%,Â°C,Âµmol molâ»Â¹,mmol molâ»Â¹,%,%
1,1567688198,0,20190905 05:56:37,7:56:37,,1,5,B2_R1,1567688190,0.002571663,12.74511436,383.5025018,250.4404899,25.31787929,38.76956977,0.168795582,2.274391044,0.162132067,0.101909314,132.1553355,27.27183216,25.97038065,3.368348986,50.0655353,1.805888378,3.607048975,1.562460608,-113.4103485,142.4615377,13.45733196,174.6638567,-0.04184364,0.046973151,3.49892316,7,1,1,0,53291,MPF-957-20190905-04_26_46,728.3676923,4072.07,3343.702308,0.821130852,-0.792779304,MPF-958-20190905-05_56_36,932.8431154,1386.27,0.327084107,0.5,674.3906375,12.74511436,110.2912296,0,0.020074261,1.937429217,-,0,0,0,0,0,0,800.0066452,674.3906375,0.842981295,0.195962589,6,0.5,0: Broadleaf,1567688190,383.5025161,399.9806774,17.86356452,14.83259677,499.9837097,100.8933871,0.200007581,27.13222258,25.97038065,999.9,0,0,10001.44548,0,26.12615161,800.0066452,0.899999806,0.100000194,0,933.3707097,4.99911,7296.443548,7191.381935,37.81,40.35670968,39.46341935,40.286,39.74796774,715.5064516,79.50193548,0,5390,932.8431154,-68.10711099,-551.2389734,7291.814615,15,1567688219,5:56:58,16,-0.847,0.097,400,15,0.11,0.03,-16.3018,-1.407083624,0.142782975,0,937.0079118,-70.90123499,6.982692959,0,3.036313902,0.105457631,0.01108516,0,0,3,0/3,100,100,-0.847,0.097,2,492.044,1271.88,26.3812,26.7029,30.0002,26.6958,26.649,28.3613,30.7574,37.8746,-999.9,400,14.8897,101.934,102.277
2,1567688275,77,20190905 05:57:54,7:57:54,,2,5,B2_R1,1567688267,0.001652342,8.161376476,389.4799908,247.70794,25.04227811,39.37486318,0.100097688,2.274127545,0.097712875,0.06128008,132.1541752,27.62872887,26.53736129,3.483052768,50.24815909,1.818325425,3.618690631,1.664727343,-72.86828105,79.6660897,7.549806384,146.5017902,-0.041836476,0.046965109,3.498450011,16,3,1,0,53342,MPF-957-20190905-04_26_46,728.3676923,4072.07,3343.702308,0.821130852,-0.792779304,MPF-959-20190905-05_57_53,1286.370769,1679.09,0.233888136,0.5,674.3847345,8.161376476,78.86529435,0,0.013277518,1.425164821,-,0,0,0,0,0,0,799.9996452,674.3847345,0.842981292,0.195962584,6,0.5,0: Broadleaf,1567688267,389.48,400.0462903,17.98612903,16.0389129,499.9823226,100.896,0.199984677,27.18715161,26.53736129,999.9,0,0,9999.474194,0,20.18945161,799.9996452,0.899997516,0.100002665,0,1287.579355,4.99911,9998.151935,7191.314516,37.72154839,40.19106452,39.35467742,40.125,39.59654839,715.4983871,79.50096774,0,76.20000005,1286.370769,-194.4800001,-1369.301881,9989.916154,15,1567688219,5:56:58,16,-0.847,0.097,400,15,0.11,0.03,-10.30662902,-5.040731289,0.499992123,0,1296.899706,-206.8760786,20.29509771,0,1.901118537,0.815102718,0.083631408,0,0,3,0/3,100,100,-0.847,0.097,2,481.475,1275.92,26.4073,26.7232,30.0003,26.7137,26.6659,28.3989,23.7569,37.5044,-999.9,400,15.9406,101.907,102.265
3,1567688349,151.4000001,20190905 05:59:09,7:59:09,,3,5,B2_R1,1567688341,0.002141406,9.56392127,387.5454086,272.0679045,27.50502617,39.17936085,0.146651877,2.27481901,0.141594748,0.088936552,132.1535298,27.54558188,25.74762903,3.324195955,50.45886249,1.834276719,3.63519237,1.489919236,-94.43598774,186.0595821,17.56453221,241.3416564,-0.041855277,0.046986215,3.49969168,3,1,1,0,53351,MPF-957-20190905-04_26_46,728.3676923,4072.07,3343.702308,0.821130852,-0.792779304,MPF-960-20190905-05_59_08,1251.810769,1715.27,0.27019608,0.5,674.3802257,9.56392127,91.10744684,0,0.015357361,1.374011089,-,0,0,0,0,0,0,799.994129,674.3802257,0.842981469,0.195962937,6,0.5,0: Broadleaf,1567688341,387.5454194,400.0183871,18.14387742,15.62073548,499.9842903,100.8961935,0.199987645,27.26474839,25.74762903,999.9,0,0,10003.94871,0,21.96048387,799.994129,0.899995613,0.100004397,0,1254.174516,4.99911,9741.616452,7191.26129,37.641,40.125,39.25,40.11483871,39.57825806,715.4919355,79.50548387,0,74,1251.810769,-218.1135043,-1713.89641,9723.065,15,1567688219,5:56:58,16,-0.847,0.097,400,15,0.11,0.03,-12.17891463,-5.59065784,0.556434277,0,1265.910588,-233.2047337,22.96116823,0,2.479387073,0.841905366,0.084677849,0,0,3,0/3,100,100,-0.847,0.097,2,496.789,1272.82,26.4609,26.7675,30.0004,26.7553,26.7097,28.3988,26.1693,36.383,-999.9,400,15.4733,101.887,102.247
4,1567688460,261.9000001,20190905 06:00:59,8:00:59,,1,3,B2_R1,1567688452,0.002517441,8.88462183,388.3914739,285.5706378,28.87309238,39.26896333,0.156398766,2.273377191,0.15065773,0.094659333,132.1517345,27.3711547,26.67270968,3.510933557,51.49643981,1.866401482,3.624331097,1.644532075,-111.0191429,66.30621031,6.290879596,93.7296815,-0.041816079,0.046942212,3.497102772,10,2,1,0,53297,MPF-957-20190905-04_26_46,728.3676923,4072.07,3343.702308,0.821130852,-0.792779304,MPF-961-20190905-06_00_58,1488.362692,2005.3,0.257785522,0.5,674.3728891,8.88462183,86.92178369,0,0.014350223,1.030653768,-,0,0,0,0,0,0,799.9856774,674.3728891,0.842981203,0.195962407,6,0.5,0: Broadleaf,1567688452,388.3914839,400.2270968,18.45972903,15.49437419,499.9677419,100.9066452,0.200011323,27.21370968,26.67270968,999.9,0,0,9993.544839,0,23.49375806,799.9856774,0.900001387,0.099998613,0,1492.268387,4.99911,11829.50323,7191.194516,37.508,40.07419355,39.125,39.99187097,39.48374194,715.49,79.49741935,0,109.6000001,1488.362692,-656.9384615,-4997.124786,11799.27308,15,1567688219,5:56:58,16,-0.847,0.097,400,15,0.11,0.03,-10.45657976,-27.33131937,2.830226182,0,1524.792647,-712.8231226,69.99998804,0,2.942685122,0.377340627,0.044684613,0,0,3,0/3,100,100,-0.847,0.097,2,488.806,1274.79,26.4925,26.8469,30.0006,26.8279,26.7793,28.3835,28.037,36.3597,-999.9,400,15.2027,101.847,102.224
5,1567688552,354.4000001,20190905 06:02:32,8:02:32,,2,3,B2_R1,1567688544,0.001861274,4.405139242,393.7780273,319.0389588,32.2594739,39.81667957,0.111020673,2.274431779,0.108095557,0.067816114,132.1511275,27.71974252,26.61887097,3.499819921,49.39903402,1.804416812,3.652737039,1.695403109,-82.08219186,89.271895,8.469214822,147.8100454,-0.041844747,0.046974394,3.498996307,0,0,1,0,53279,MPF-957-20190905-04_26_46,728.3676923,4072.07,3343.702308,0.821130852,-0.792779304,MPF-962-20190905-06_02_31,1506.625769,2435.25,0.381326037,0.5,674.3703253,4.405139242,128.5774817,0,0.00770781,0.672136331,-,0,0,0,0,0,0,799.9827097,674.3703253,0.842981126,0.195962252,6,0.5,0: Broadleaf,1567688544,393.7780323,399.9436774,17.84527742,15.65161935,500.0029677,100.9145484,0.199980129,27.3469129,26.61887097,999.9,0,0,9999.612903,0,31.5118129,799.9827097,0.900003516,0.099996368,0,1511.436129,4.99911,11991.27419,7191.172258,37.562,40.20122581,39.187,40.171,39.5,715.4874194,79.49483871,0,92,1506.625769,-441.9066667,-3351.747009,11953.51538,15,1567688219,5:56:58,16,-0.847,0.097,400,15,0.11,0.03,-1.46739261,-82.20205455,8.616937367,0,1535.281471,-473.1961116,46.60194512,0,2.181153659,0.24558899,0.025623016,0,0,3,0/3,100,100,-0.847,0.097,2,507.893,1272.64,26.5746,26.9578,30.0004,26.9278,26.882,28.4173,24.6858,35.5294,-999.9,400,15.736,101.813,102.212
6,1567688614,415.9000001,20190905 06:03:33,8:03:33,,3,3,B2_R1,1567688606,0.00313695,12.95446093,383.1245016,275.3938633,27.8477634,38.74146049,0.217137299,2.274834312,0.206244881,0.129836143,132.1544918,27.36380925,26.03433548,3.381120153,51.36451477,1.883139729,3.666227038,1.497980424,-138.3394948,168.6948868,15.95959709,178.4694809,-0.041855693,0.046986682,3.499719159,10,2,1,0,53311,MPF-957-20190905-04_26_46,728.3676923,4072.07,3343.702308,0.821130852,-0.792779304,MPF-963-20190905-06_03_32,1247.923462,2072.4,0.397836585,0.5,674.3852925,12.95446093,134.1475708,0,0.020384846,0.964905424,-,0,0,0,0,0,0,800.0001613,674.3852925,0.842981446,0.195962891,6,0.5,0: Broadleaf,1567688606,383.1245161,400.1121613,18.62286452,14.92860968,499.9976129,100.9197742,0.199993226,27.40985484,26.03433548,999.9,0,0,10001.71065,0,23.7336129,800.0001613,0.899993129,0.100006952,0,1248.666774,4.99911,9841.776452,7191.310645,37.681,40.312,39.25,40.25,39.60467742,715.4951613,79.50516129,0,60.60000014,1247.923462,-175.5435899,-1318.936752,9836.853846,15,1567688219,5:56:58,16,-0.847,0.097,400,15,0.11,0.03,-15.96033415,-20.42082648,2.111169105,0,1256.193235,-193.8867059,19.08582038,0,3.572153659,2.491197491,0.253453527,0,0,3,0/3,100,100,-0.847,0.097,2,489.066,1270.01,26.6464,27.0361,30.0006,27.0043,26.9548,28.4101,30.9409,34.0246,-999.9,400,14.4512,101.788,102.196
7,1567688714,515.9000001,20190905 06:05:13,8:05:13,,1,1,B2_R1,1567688706,0.001727152,6.704324143,391.4068311,275.2149624,27.83041031,39.58001634,0.102391707,2.273916575,0.099897573,0.062655011,132.1549712,27.98526566,27.16248065,3.613457817,51.69458324,1.912901679,3.700390947,1.700556138,-76.16741526,49.75707716,4.739598292,110.4842314,-0.04183074,0.046958671,3.498071202,4,1,1,0,53156,MPF-957-20190905-04_26_46,728.3676923,4072.07,3343.702308,0.821130852,-0.792779304,MPF-964-20190905-06_05_12,1848.63,2116.98,0.126760763,0.5,674.3907849,6.704324143,42.74314522,0,0.011116853,0.923527856,-,0,0,0,0,0,0,800.0070968,674.3907849,0.842981003,0.195962006,6,0.5,0: Broadleaf,1567688706,391.4068387,400.263129,18.9166871,16.88333871,500.006871,100.9224516,0.199994871,27.56835806,27.16248065,999.9,0,0,9995.482903,0,47.77863548,800.0070968,0.900008742,0.099991432,0,1853.272258,4.99911,14654.13871,7191.401613,37.75,40.375,39.31606452,40.312,39.687,715.5145161,79.49419355,0,99.20000005,1848.63,-774.6454706,-5960.451286,14618.26154,15,1567688732,6:05:31,17,-0.676,0.119,400,16,0.34,0.04,-8.606258293,-8.869900976,0.896935286,0,1891.789706,-843.0756329,82.81358497,0,1.922199756,1.770141742,0.183857824,0,0,3,0/3,100,100,-0.676,0.119,2,495.788,1272.34,26.7548,27.1484,30.0005,27.109,27.0583,28.4504,21.0748,35.5153,-999.9,400,16.3883,101.749,102.175
8,1567688814,615.9000001,20190905 06:06:53,8:06:53,,2,1,B2_R1,1567688806,0.002393921,11.51699863,385.0245354,241.551043,24.42747946,38.93661071,0.140820609,2.273991992,0.136149126,0.085500008,132.1544116,27.9432471,27.13430968,3.607490716,50.21786056,1.877578251,3.738865476,1.729912465,-105.5719043,74.909383,7.140546365,108.6324366,-0.04183279,0.046960972,3.498206616,9,2,1,0,53185,MPF-957-20190905-04_26_46,728.3676923,4072.07,3343.702308,0.821130852,-0.792779304,MPF-965-20190905-06_06_52,1595.995769,2314.22,0.310352616,0.5,674.3852742,11.51699863,104.648617,0,0.018253331,0.759586383,-,0,0,0,0,0,0,800.0001935,674.3852742,0.842981389,0.195962778,6,0.5,0: Broadleaf,1567688806,385.0245484,399.9512581,18.56642581,15.74700968,499.9916452,100.9276129,0.199996194,27.74533871,27.13430968,999.9,0,0,9995.461613,0,89.04061613,800.0001935,0.899997484,0.100002548,0,1597.335484,4.99911,12636.64516,7191.317419,37.87093548,40.5,39.437,40.44106452,39.812,715.4987097,79.50387097,0,99.20000005,1595.995769,-218.3312822,-1672.051283,12626.35769,15,1567688732,6:05:31,17,-0.676,0.119,400,16,0.34,0.04,-14.76609268,-3.512947735,0.351090249,0,1607.791471,-231.8116189,22.73972013,0,2.833667805,-0.333344739,0.03433517,0,0,3,0/3,100,100,-0.676,0.119,2,489.435,1266.54,26.9113,27.265,30.0005,27.2244,27.1744,28.4507,26.4386,35.8182,-999.9,400,15.7464,101.723,102.157
9,1567688900,701.9000001,20190905 06:08:19,8:08:19,,3,1,B2_R1,1567688892,0.001956341,10.50087972,386.5226978,221.6449397,22.41518793,39.08945054,0.11015152,2.274200062,0.107271099,0.067296958,132.1538161,28.25883217,27.48094839,3.6815164,49.99056015,1.887939115,3.776591238,1.793577285,-86.2746572,53.5043659,5.1129149,104.4964397,-0.041838447,0.046967322,3.498580223,9,2,1,0,53178,MPF-957-20190905-04_26_46,728.3676923,4072.07,3343.702308,0.821130852,-0.792779304,MPF-966-20190905-06_08_18,1438.898462,1968.88,0.269179198,0.5,674.3842757,10.50087972,90.76510909,0,0.016746623,1.068216448,-,0,0,0,0,0,0,799.9992903,674.3842757,0.842981092,0.195962185,6,0.5,0: Broadleaf,1567688892,386.5227097,400.0306774,18.66824194,16.36454194,500.0182258,100.9310323,0.200028774,27.91733871,27.48094839,999.9,0,0,9996.474516,0,27.75315484,799.9992903,0.900005581,0.099994471,0,1443.846452,4.99911,11446.58387,7191.326129,38.06,40.72358065,39.57012903,40.673,39.98577419,715.5051613,79.49580645,0,85.4000001,1438.898462,-529.9774352,-4034.188029,11408.7,15,1567688732,6:05:31,17,-0.676,0.119,400,16,0.34,0.04,-13.32219268,-3.087374216,0.351721719,0,1468.125,-569.1446323,56.07965098,0,2.280807073,0.505550383,0.050303435,0,0,3,0/3,100,100,-0.676,0.119,2,490.225,1269.37,27.0441,27.3954,30.0007,27.3545,27.3072,28.4867,21.618,34.6884,-999.9,400,16.2654,101.691,102.121
10,1567689180,982.4000001,20190905 06:13:00,8:13:00,,1,6,B1_R2,1567689172,0.003492182,13.53103799,382.0467267,267.5122169,27.05516142,38.63874323,0.214001426,2.27531505,0.203415228,0.128041993,132.1554177,27.75509897,27.12204516,3.604895567,50.73278178,1.916005845,3.776662303,1.688889723,-154.0052115,97.59567264,9.305088222,85.05096705,-0.041868767,0.047001359,3.500582519,0,0,1,0,53249,MPF-957-20190905-04_26_46,728.3676923,4072.07,3343.702308,0.821130852,-0.792779304,MPF-967-20190905-06_12_59,1095.781923,1739.19,0.369946974,0.5,674.3899747,13.53103799,124.7442651,0,0.021239665,1.341360058,-,0,0,0,0,0,0,800.0057097,674.3899747,0.842981452,0.195962904,6,0.5,0: Broadleaf,1567689172,382.0467419,399.8845161,18.9448129,14.83369677,500.0135484,100.9361935,0.199977839,27.91766129,27.12204516,999.9,0,0,10003.20742,0,80.69430968,800.0057097,0.899994516,0.100005655,0,1098.454839,4.99911,8755.286774,7191.364194,38.12093548,40.75,39.75,40.562,40.008,715.5022581,79.50612903,0,280.1000001,1095.781923,-214.1220514,-1638.194529,8738.133462,15,1567688732,6:05:31,17,-0.676,0.119,400,16,0.34,0.04,-17.62189024,-4.101020906,0.407731362,0,1110.638235,-244.5004203,24.13249109,0,4.11200439,0.053588571,0.020732716,1,1,3,3-Jan,100,100,-0.676,0.119,2,508.14,1263.05,27.2083,27.7231,30.001,27.6644,27.615,28.4631,34.0948,38.8613,-999.9,400,14.6098,101.602,102.062
11,1567689291,1092.9,20190905 06:14:50,8:14:50,,2,6,B1_R2,1567689283,0.004589021,17.34919954,377.171303,262.0546138,26.50377505,38.14648873,0.276575386,2.275450366,0.259164624,0.163450759,132.1515871,27.63090633,27.50880323,3.687522009,50.83869404,1.946548766,3.828872482,1.740973243,-202.37584,79.05553019,7.560394331,16.3916716,-0.041872448,0.047005491,3.500825546,0,0,1,0,53139,MPF-957-20190905-04_26_46,728.3676923,4072.07,3343.702308,0.821130852,-0.792779304,MPF-968-20190905-06_14_49,1358.905385,2318.52,0.413891023,0.5,674.3740776,17.34919954,139.5586885,0,0.026901952,0.756322999,-,0,0,0,0,0,0,799.9873548,674.3740776,0.842980922,0.195961843,6,0.5,0: Broadleaf,1567689283,377.1713226,400.0673226,19.24639355,13.84556774,500.0012258,100.9383548,0.200009677,28.15323871,27.50880323,999.9,0,0,10003.87258,0,100.658,799.9873548,0.900008548,0.099991268,0,1360.466129,4.99911,10706.63871,7191.223226,38.24390323,40.937,39.82012903,40.778,40.21545161,715.4954839,79.48967742,0,109.8,1358.905385,-142.4211966,-924.2427349,10696.47308,15,1567688732,6:05:31,17,-0.676,0.119,400,16,0.34,0.04,-22.70913659,-3.913145645,0.432622068,0,1366.449706,-148.444463,14.59836242,0,5.389098293,0.298602648,0.033283643,0,0,3,0/3,100,100,-0.676,0.119,2,506.31,1255.83,27.4171,28.0276,30.0011,27.914,27.8497,28.445,38.3986,36.7056,-999.9,400,13.5906,101.54,102.013
12,1567689367,1168.9,20190905 06:16:06,8:16:06,,3,6,B1_R2,1567689359,0.002557441,11.45249486,385.0320838,257.6571353,26.06240475,38.94657139,0.159302839,2.275629278,0.153356637,0.096363649,132.1514548,28.62425958,26.97307742,3.573504123,49.52271134,1.932569163,3.902389653,1.64093496,-112.7831535,184.9053495,17.66353826,221.937189,-0.041877315,0.047010954,3.501146882,4,1,1,0,53141,MPF-957-20190905-04_26_46,728.3676923,4072.07,3343.702308,0.821130852,-0.792779304,MPF-969-20190905-06_16_05,1256.077308,1891.68,0.335999055,0.5,674.3699389,11.45249486,113.2938311,0,0.018158096,1.152620951,-,0,0,0,0,0,0,799.9819677,674.3699389,0.842981425,0.195962849,6,0.5,0: Broadleaf,1567689359,385.0320968,399.9558065,19.10569032,16.09558065,500.0308387,100.9515484,0.199947871,28.48024839,26.97307742,999.9,0,0,10003.72774,0,19.15513548,799.9819677,0.89999371,0.100006174,0,1260.02129,4.99911,10101.40935,7191.149032,38.379,41.23983871,39.97358065,41.06406452,40.395,715.4803226,79.50290323,0,75.39999986,1256.077308,-364.6006838,-2774.33641,10070.32846,15,1567689385,6:16:24,18,-0.476,0.105,402,16,0.1,0.05,-14.86044634,-5.665768641,0.661296198,0,1276.453235,-396.5042434,39.05880896,0,2.954653902,1.495523415,0.149620078,0,0,3,0/3,100,100,-0.476,0.105,2,495.967,1254.76,27.6245,28.266,30.0012,28.1291,28.0547,28.5253,26.0869,35.5537,-999.9,400,16.0061,101.49,101.96
13,1567689505,1306.9,20190905 06:18:24,8:18:24,,1,3,B1_R2,1567689497,0.003965682,15.01516346,380.0647895,262.0298957,26.50344707,38.44228158,0.231438281,2.275049122,0.219108686,0.137995932,132.1504943,28.41742062,27.91526452,3.776134323,50.44031709,1.997716231,3.960554465,1.778418092,-174.8865835,100.5651162,9.666629169,67.49565619,-0.041861535,0.04699324,3.500104928,22,4,1,0,53145,MPF-957-20190905-04_26_46,728.3676923,4072.07,3343.702308,0.821130852,-0.792779304,MPF-970-20190905-06_18_23,1085.982692,2669.54,0.593194823,0.5,674.3649217,15.01516346,200.0148902,0,0.023441229,0.52538265,-,0,0,0,0,0,0,799.976,674.3649217,0.842981442,0.195962883,6,0.5,0: Broadleaf,1567689497,380.0648065,399.8916774,19.75069032,15.08585806,499.9996129,100.9466452,0.200008355,28.73518387,27.91526452,999.9,0,0,10000.44387,0,203.9468065,799.976,0.899995387,0.100004545,0,1086.847742,4.99911,8526.579032,7191.095806,38.57012903,41.49390323,40.187,41.312,40.629,715.4758065,79.50290323,0,137.4000001,1085.982692,-115.1408545,-1545.270425,8515.664615,15,1567689385,6:16:24,18,-0.476,0.105,402,16,0.1,0.05,-19.74252927,-1.97315331,0.195915383,0,1092.399118,-124.7439829,12.28618171,0,4.66576878,-0.110871429,0.015513779,0,0,3,0/3,100,100,-0.476,0.105,2,474.498,1250.78,27.9449,28.6215,30.001,28.4775,28.3886,28.535,32.1395,36.7543,-999.9,400,15.0041,101.415,101.898
14,1567689611,1413.4,20190905 06:20:11,8:20:11,,2,3,B1_R2,1567689603,0.003682677,12.43676447,383.4225988,282.015683,28.524396,38.78116964,0.225695745,2.275053719,0.213953767,0.134725147,132.1522634,28.76121456,27.60963871,3.709334079,50.20898827,2.017669694,4.018542823,1.691664384,-162.4060566,168.8286666,16.22393602,154.7988094,-0.04186166,0.04699338,3.500113183,11,2,1,0,52916,MPF-957-20190905-04_26_46,728.3676923,4072.07,3343.702308,0.821130852,-0.792779304,MPF-971-20190905-06_20_10,1428.357308,2027.76,0.29559844,0.5,674.3740228,12.43676447,99.67195449,0,0.019617517,1.008161715,-,0,0,0,0,0,0,799.9868065,674.3740228,0.842981431,0.195962862,6,0.5,0: Broadleaf,1567689603,383.4226129,400.0416452,19.94834516,15.61716129,499.9852903,100.9447097,0.200005742,28.98611613,27.60963871,999.9,0,0,10000.66548,0,124.953871,799.9868065,0.899994806,0.100005223,0,1430.362258,4.99911,11615.72581,7191.192903,38.754,41.562,40.36890323,41.524,40.812,715.4845161,79.50354839,0,105.8,1428.357308,-214.9726493,-1941.986319,11589.21923,15,1567689385,6:16:24,18,-0.476,0.105,402,16,0.1,0.05,-16.33912683,-5.331144251,0.535500682,0,1442.855882,-238.9988356,23.5534415,0,4.330357561,0.066420418,0.014087252,1,1,3,3-Jan,100,100,-0.476,0.105,2,486.939,1247.31,28.1826,28.852,30.0005,28.7067,28.622,28.5664,30.2589,36.5779,-999.9,400,15.5132,101.372,101.871
15,1567689704,1505.9,20190905 06:21:43,8:21:43,,3,3,B1_R2,1567689696,0.003593743,13.87932942,381.7414037,260.1885481,26.31540931,38.60923688,0.206385219,2.275586966,0.196521587,0.123672908,132.1520056,28.84923608,28.16456774,3.831399084,50.48120336,2.035523956,4.032241351,1.795875128,-158.4840684,108.0043906,10.40817623,92.08050392,-0.041876164,0.047009662,3.501070887,4,1,1,0,53040,MPF-957-20190905-04_26_46,728.3676923,4072.07,3343.702308,0.821130852,-0.792779304,MPF-972-20190905-06_21_42,1525.311154,2231.79,0.316552564,0.5,674.3740807,13.87932942,106.7374221,0,0.021756632,0.824575789,-,0,0,0,0,0,0,799.9870645,674.3740807,0.842981231,0.195962463,6,0.5,0: Broadleaf,1567689696,381.7414194,400.0429032,20.12585161,15.90014516,499.999129,100.9398065,0.199961226,29.04493226,28.16456774,999.9,0,0,10004.61645,0,101.4209,799.9870645,0.900002645,0.099997387,0,1526.045806,4.99911,12067.53871,7191.209677,38.97358065,41.72967742,40.58841935,41.69309677,41,715.4912903,79.4983871,0,91.60000014,1525.311154,-180.2594873,-1176.550428,12062.91154,15,1567689385,6:16:24,18,-0.476,0.105,402,16,0.1,0.05,-18.07520244,-4.817201394,0.484345836,0,1533.193824,-190.108907,18.65339947,0,4.150082195,1.459762578,0.153617495,0,0,3,0/3,100,100,-0.476,0.105,2,495.926,1250.6,28.3623,29.0283,30.0009,28.897,28.8244,28.6084,28.7162,34.3266,-999.9,400,15.6821,101.333,101.844
1,1567690329,0,20190905 06:32:08,8:32:08,,1,2,B1_R2,1567690321,0.004151799,14.57124076,380.4634995,266.1354378,26.91698971,38.480152,0.233545206,2.274186581,0.220992152,0.139191683,132.1489928,30.30664476,29.30920968,4.094296442,50.86471762,2.253797634,4.430964605,1.840498807,-183.0943554,168.6713742,16.49088718,134.2168988,-0.041838081,0.046966911,3.498556016,0,0,1,0,52651,0,728.3676923,4072.07,0,0,-0.792779304,MPF-973-20190905-06_32_06,1209.768077,2103.18,0.424790994,0.5,674.3599337,14.57124076,143.2310133,0,0.022783115,0.93614907,-,0,0,0,0,0,0,799.9704516,674.3599337,0.842981053,0.195962106,6,0.5,0: Broadleaf,1567690321,380.4635161,399.8441935,22.28389677,17.41284516,500.0088065,100.9401935,0.200000065,30.68492903,29.30920968,999.9,0,0,9995.479677,0,130.612,799.9704516,0.900004613,0.099995471,0,1210.173548,4.99911,10136.83548,7191.061613,40.171,43.058,41.812,43.10467742,42.312,715.4777419,79.4916129,0,1567690326,1209.768077,-95.87794858,-599.5213669,10134.32308,15,0,--:--:--,0,-0.476,0.105,0,0,0,0,-19.31130488,-1.126076655,0.142894846,0,1198.04,0,0,0,4.91010561,-0.864050801,0.086926775,0,0,3,0/3,0,0,0,0,2,507.41,1244.83,29.8572,29.696,30.0006,29.6154,29.5713,28.6954,33.0215,61.3343,-999.9,400,17.2289,101.227,101.762
2,1567690415,86.5,20190905 06:33:35,8:33:35,,2,2,B1_R2,1567690407,0.003130983,11.67747323,384.5338254,245.693201,24.85025104,38.89306686,0.150522547,2.275245389,0.145201115,0.091213133,132.1523751,30.84452954,30.34849032,4.3464787,49.89074686,2.236489539,4.482774222,2.109989161,-138.0763621,66.23803589,6.512914906,66.82696383,-0.041866873,0.046999232,3.500457409,17,3,1,0,52775,0,728.3676923,4072.07,0,0,-0.792779304,MPF-974-20190905-06_33_33,1525.627308,1931.31,0.210055709,0.5,674.3769324,11.67747323,70.8283625,0,0.018491517,1.108449705,-,0,0,0,0,0,0,799.9905806,674.3769324,0.842981091,0.195962182,6,0.5,0: Broadleaf,1567690407,384.5338387,399.9917419,22.11206129,18.43791935,499.9944194,100.9434194,0.200002323,30.88849032,30.34849032,999.9,0,0,10002.03871,0,82.50568387,799.9905806,0.900003419,0.099996439,0,1529.111935,4.99911,12479.08065,7191.242903,40.391,43.06606452,41.99796774,43.23170968,42.504,715.493871,79.49451613,0,86,1525.627308,-316.3517948,-2034.861537,12456.74231,15,0,--:--:--,0,-0.476,0.105,0,0,0,0,-15.26586829,-3.447112892,0.365710979,0,1494.08,0,0,0,3.696712683,-0.457007666,0.045712534,0,0,3,0/3,0,0,0,0,2,480.696,1246.42,30.0332,29.7992,30.0004,29.699,29.6487,28.7546,28.274,62.7278,-999.9,400,18.616,101.204,101.743
3,1567690483,154,20190905 06:34:42,8:34:42,,3,2,B1_R2,1567690475,0.003674652,13.86333097,381.7996939,267.0911324,27.01441169,38.61638543,0.219609201,2.275130311,0.208475572,0.131250491,132.1571259,30.6652699,28.95349032,4.010961645,50.94696646,2.283659654,4.482425182,1.727301991,-162.0521676,237.1735898,23.16118907,230.4397372,-0.041863743,0.046995719,3.500250736,7,1,1,0,52660,0,728.3676923,4072.07,0,0,-0.792779304,MPF-975-20190905-06_34_41,1297.886154,2233.99,0.419027769,0.5,674.3981907,13.86333097,141.2957847,0,0.021732132,0.822778974,-,0,0,0,0,0,0,800.0153871,674.3981907,0.842981525,0.195963049,6,0.5,0: Broadleaf,1567690475,381.7997097,400.1193871,22.5785129,18.26846774,499.9971935,100.9430645,0.199985226,30.88712581,28.95349032,999.9,0,0,10001.32613,0,7.812527419,800.0153871,0.899989065,0.100010832,0,1299.864194,4.99911,10220.18065,7191.44129,40.57012903,43.187,42.129,43.3506129,42.72967742,715.506129,79.50870968,0,67.19999981,1297.886154,-159.1671795,-1259.374359,10205.11154,15,0,--:--:--,0,-0.476,0.105,0,0,0,0,-18.12533659,-4.362852962,0.43601301,0,1280.47,0,0,0,4.193947561,2.424445087,0.243997567,0,0,3,0/3,0,0,0,0,2,491.716,1244.91,30.1525,29.8726,30.0003,29.7691,29.7161,28.7699,31.2757,61.227,-999.9,400,17.7698,101.19,101.733
4,1567690758,429,20190905 06:39:17,8:39:17,,1,6,B3_R3,1567690750,0.003518396,10.96278451,385.2321165,283.993755,28.70875357,38.94287711,0.199860672,2.2741011,0.190590035,0.119915861,132.1503056,30.60072808,29.2551871,4.08154411,51.06816892,2.274042853,4.452955533,1.807501257,-155.1612551,185.9122742,18.18015842,181.0814831,-0.041835757,0.046964302,3.498402526,11,2,1,0,52662,0,728.3676923,4072.07,0,0,-0.792779304,MPF-976-20190905-06_39_15,1298.425769,1862.21,0.302750082,0.5,674.3646753,10.96278451,102.0819805,0,0.017432058,1.186686786,-,0,0,0,0,0,0,799.9758065,674.3646753,0.842981337,0.195962675,6,0.5,0: Broadleaf,1567690750,385.232129,400.0136452,22.49536774,18.36835484,500.0102903,100.8893548,0.200028516,30.77158387,29.2551871,999.9,0,0,9999.960968,0,147.4709355,799.9758065,0.899998258,0.10000179,0,1300.864839,4.99911,10814.04839,7191.099355,40.5,43.056,42.125,43.062,42.59451613,715.4774194,79.5,0,274.2,1298.425769,-407.8800003,-3149.141882,10794.73846,15,0,--:--:--,0,-0.476,0.105,0,0,0,0,-14.5851878,-4.306772822,0.429594038,0,1253.85,0,0,0,4.140129268,-0.254485714,0.028526377,0,0,3,0/3,0,0,0,0,2,487.322,1243.7,30.0979,29.9216,30.0003,29.8548,29.8045,28.7556,32.5058,64.6895,-999.9,400,18.1903,101.163,101.693
5,1567690857,528,20190905 06:40:56,8:40:56,,2,6,B3_R3,1567690849,0.004699801,15.4566361,379.369563,268.4182159,27.13189743,38.34693573,0.258007595,2.274089455,0.242778541,0.153029895,132.1552145,30.20525193,29.69509032,4.186400282,51.50477884,2.292350189,4.450752416,1.894050094,-207.2612361,130.9165983,12.82956537,68.64014204,-0.04183544,0.046963946,3.498381618,21,4,1,0,52663,0,728.3676923,4072.07,0,0,-0.792779304,MPF-977-20190905-06_40_55,1015.550385,1968.18,0.484015494,0.5,674.3900372,15.4566361,163.2076136,0,0.024094981,1.068952027,-,0,0,0,0,0,0,800.0059355,674.3900372,0.842981292,0.195962584,6,0.5,0: Broadleaf,1567690849,379.3695806,400.0576452,22.67841935,17.1664129,499.9867742,100.8807097,0.199976452,30.76291935,29.69509032,999.9,0,0,10000.74226,0,224.2476452,800.0059355,0.899998387,0.1000015,0,1016.812581,4.99911,8116.913548,7191.373871,40.5,43.125,42.125,43,42.62893548,715.5041935,79.5016129,0,98.5999999,1015.550385,-101.5702563,-806.7818793,8106.838077,15,0,--:--:--,0,-0.476,0.105,0,0,0,0,-20.56509756,-2.734172822,0.272491108,0,1004.07,0,0,0,5.545033415,-0.647572265,0.068419725,0,0,3,0/3,0,0,0,0,2,474.925,1238.15,30.1707,30.013,30.0007,29.9374,29.8859,28.7463,38.3492,63.7924,-999.9,400,16.8704,101.137,101.677
6,1567690932,603.5,20190905 06:42:12,8:42:12,,3,6,B3_R3,1567690924,0.004328139,14.33497737,380.8993385,274.4407352,27.73929574,38.49967606,0.24904581,2.273799733,0.234823337,0.147974691,132.1512336,30.20290367,29.09917742,4.044911356,50.68295819,2.239855956,4.419347323,1.8050554,-190.870942,188.7592915,18.43465414,148.4742372,-0.041827564,0.046955105,3.497861412,0,0,1,0,52780,0,728.3676923,4072.07,0,0,-0.792779304,MPF-978-20190905-06_42_10,1286.439231,2036.58,0.368333564,0.5,674.3693098,14.33497737,124.1964256,0,0.022432451,0.999464789,-,0,0,0,0,0,0,799.9812903,674.3693098,0.842981352,0.195962704,6,0.5,0: Broadleaf,1567690924,380.8993548,400.0796129,22.16017742,17.08150968,500.0004516,100.8757419,0.199981129,30.639,29.09917742,999.9,0,0,9999.351935,0,125.6979355,799.9812903,0.899997516,0.100002419,0,1289.210645,4.99911,10216.99452,7191.149032,40.5,43.125,42.125,43,42.56606452,715.4822581,79.50096774,0,75,1286.439231,-254.6003415,-1953.10051,10196.03731,15,0,--:--:--,0,-0.476,0.105,0,0,0,0,-19.0575,-2.465126132,0.249209981,0,1260.94,0,0,0,5.013694878,1.307772334,0.129845653,0,0,3,0/3,0,0,0,0,2,505.626,1239.65,30.1507,30.1005,30.0006,30.0255,29.9743,28.7754,37.5378,60.3734,-999.9,400,16.7331,101.104,101.657
7,1567691048,719,20190905 06:44:07,8:44:07,,1,4,B3_R3,1567691040,0.003319155,12.71628195,383.0733403,261.499467,26.43125333,38.71942309,0.188568342,2.274121978,0.18029247,0.113396079,132.1562681,30.58812173,29.03828065,4.030690123,50.24621477,2.227508237,4.433186155,1.803181886,-146.3747441,202.958492,19.8179828,208.5579988,-0.041836324,0.046964939,3.498440016,58,12,1,0,52635,0,728.3676923,4072.07,0,0,-0.792779304,MPF-979-20190905-06_44_05,1196.780385,1867.94,0.359304697,0.5,674.3977349,12.71628195,121.1571368,0,0.020031297,1.179979014,-,0,0,0,0,0,0,800.0153871,674.3977349,0.842980955,0.19596191,6,0.5,0: Broadleaf,1567691040,383.0733548,399.8589355,22.03800968,18.14273871,499.9920645,100.8757419,0.200002613,30.6937,29.03828065,999.9,0,0,10001.44613,0,173.630129,800.0153871,0.900009097,0.099991071,0,1198.550323,4.99911,9635.48129,7191.477097,40.5,43.137,42.125,43.06,42.562,715.5216129,79.49354839,0,114.5999999,1196.780385,-292.4311111,-2405.28718,9620.548077,15,0,--:--:--,0,-0.476,0.105,0,0,0,0,-16.58697805,-4.114394425,0.41859657,0,1165.06,0,0,0,3.916695854,-0.401691847,0.044090587,0,0,3,0/3,0,0,0,0,2,431.009,1239.48,30.1512,30.2381,30.0009,30.167,30.1016,28.6963,32.5503,59.7428,-999.9,400,18.0771,101.07,101.62
8,1567691145,816.5,20190905 06:45:45,8:45:45,,2,4,B3_R3,1567691137,0.003406693,12.20027166,383.7955022,255.2406812,25.80038628,38.79503911,0.17130078,2.274831036,0.164443594,0.103370465,132.1571646,30.69549493,30.07265161,4.278261201,50.40177551,2.251826065,4.467751467,2.026435136,-150.2351448,92.84216788,9.115372836,83.87956054,-0.041855604,0.046986582,3.499713277,13,3,1,0,52697,0,728.3676923,4072.07,0,0,-0.792779304,MPF-980-20190905-06_45_43,1099.098077,1619.15,0.32118823,0.5,674.4017681,12.20027166,108.3049552,0,0.019266039,1.514943026,-,0,0,0,0,0,0,800.0200968,674.4017681,0.842981034,0.195962067,6,0.5,0: Broadleaf,1567691137,383.7955161,400.0065484,22.27709355,18.27970323,499.9463871,100.8825484,0.200030452,30.82967742,30.07265161,999.9,0,0,10005.38,0,42.02637097,800.0200968,0.900005613,0.099994516,0,1101.968065,4.99911,8950.394839,7191.514516,40.5,43.187,42.125,43.125,42.625,715.523871,79.49612903,0,96.79999995,1099.098077,-377.9572652,-3123.02872,8926.851923,15,0,--:--:--,0,-0.476,0.105,0,0,0,0,-15.99418293,-4.29095331,0.428768412,0,1061.21,0,0,0,4.044710488,-0.784037561,0.088519496,0,0,3,0/3,0,0,0,0,2,484.708,1236.3,30.2309,30.3783,30.0007,30.2834,30.2148,28.7191,32.5866,58.8301,-999.9,400,18.3217,101.037,101.586
9,1567691225,896.4000001,20190905 06:47:05,8:47:05,,3,4,B3_R3,1567691217,0.004047039,13.72311578,381.6046618,265.6422971,26.85348799,38.57599605,0.216787988,2.274497015,0.205928123,0.129635443,132.1507775,30.54593859,29.72806129,4.194353043,50.66168032,2.27121848,4.483109257,1.923134562,-178.4744079,142.4555176,13.96890289,110.1007901,-0.041846521,0.046976386,3.499113452,37,7,1,0,52595,0,728.3676923,4072.07,0,0,-0.792779304,MPF-981-20190905-06_47_03,1131.064615,4934.76,0.770796429,0.5,674.3662172,13.72311578,259.8995359,0,0.021525241,-0.174819039,-,0,0,0,0,0,0,799.9775161,674.3662172,0.842981463,0.195962927,6,0.5,0: Broadleaf,1567691217,381.6046774,399.9258387,22.46753548,17.72015484,499.9950968,100.8889032,0.199998226,30.8898,29.72806129,999.9,0,0,10002.57871,0,206.9334194,799.9775161,0.899994871,0.100005094,0,1132.421613,4.99911,8976.060323,7191.11129,40.562,43.36280645,42.187,43.25,42.73780645,715.4758065,79.50354839,0,79.4000001,1131.064615,-146.2529914,-1007.195897,8967.466923,15,0,--:--:--,0,-0.476,0.105,0,0,0,0,-17.65699024,-13.13674495,1.358448462,0,1115.35,0,0,0,4.848014634,-2.011667038,0.206732268,0,0,3,0/3,0,0,0,0,2,456.607,1234.09,30.3185,30.4978,30.0007,30.3886,30.316,28.7512,35.0163,58.9988,-999.9,400,17.7776,101.018,101.572
10,1567691324,995.4000001,20190905 06:48:44,8:48:44,,1,2,B3_R3,1567691316,0.004291422,11.73626484,384.163406,286.5740359,28.97015632,38.83559753,0.22620097,2.27359095,0.214400676,0.135009312,132.1487503,30.39430714,30.0874871,4.281906269,52.06402579,2.324589409,4.464866813,1.957316859,-189.2517293,89.58644841,8.800671551,41.28414094,-0.041821889,0.046948734,3.497486551,0,0,1,0,52621,0,728.3676923,4072.07,0,0,-0.792779304,MPF-982-20190905-06_48_42,1181.889615,1759,0.328090042,0.5,674.3571982,11.73626484,110.6249409,0,0.01857924,1.314991472,-,0,0,0,0,0,0,799.967,674.3571982,0.842981271,0.195962541,6,0.5,0: Broadleaf,1567691316,384.1634194,400.2262258,22.99493871,17.96334839,499.970129,100.8913548,0.199995677,30.81836452,30.0874871,999.9,0,0,9996.448065,0,64.20200323,799.967,0.899998194,0.1000018,0,1186.287742,4.99911,9624.885806,7191.020323,40.625,43.375,42.24593548,43.298,42.75,715.4690323,79.49709677,0,98.39999986,1181.889615,-475.7405132,-3727.367182,9589.935,15,0,--:--:--,0,-0.476,0.105,0,0,0,0,-15.83309756,-5.027652962,0.50277863,0,1131.87,0,0,0,5.020495122,-0.103551638,0.058850623,0,0,3,0/3,0,0,0,0,2,501.908,1233.66,30.3446,30.603,30.0005,30.4942,30.425,28.754,34.9466,58.2606,-999.9,400,17.621,100.989,101.548
11,1567691399,1070.4,20190905 06:49:59,8:49:59,,2,2,B3_R3,1567691391,0.003591427,14.11231785,381.4736936,259.9235069,26.2748192,38.56193096,0.209712383,2.273409574,0.199527348,0.125578446,132.1581153,30.81508881,29.06853871,4.037750834,50.40065203,2.275036583,4.513903076,1.762714252,-158.3819397,237.9304408,23.28007185,234.9866883,-0.041816959,0.0469432,3.497160912,13,3,1,0,52735,0,728.3676923,4072.07,0,0,-0.792779304,MPF-983-20190905-06_49_57,1114.171154,1968.88,0.434109162,0.5,674.4069019,14.11231785,146.3831074,0,0.022101045,1.068216448,-,0,0,0,0,0,0,800.0262258,674.4069019,0.842980993,0.195961985,6,0.5,0: Broadleaf,1567691391,381.4737097,400.0520645,22.5057871,18.29317419,500.0126129,100.8867419,0.199995129,31.0098129,29.06853871,999.9,0,0,9995.726774,0,174.1990323,800.0262258,0.900005419,0.099994403,0,1115.086452,4.99911,8973.132258,7191.56871,40.687,43.508,42.304,43.419,42.82012903,715.5290323,79.49548387,0,74.19999981,1114.171154,-149.7596581,-1013.562051,8966.557308,15,0,--:--:--,0,-0.476,0.105,0,0,0,0,-18.2747,-5.84604878,0.612095298,0,1097.07,0,0,0,4.093947317,2.554716376,0.257610019,0,0,3,0/3,0,0,0,0,2,485.318,1229.77,30.4141,30.6922,30.0005,30.589,30.5213,28.8195,31.8833,56.0005,-999.9,400,17.9652,100.973,101.534
12,1567691476,1147.4,20190905 06:51:16,8:51:16,,3,2,B3_R3,1567691468,0.001830013,9.744945341,387.5577631,210.6017403,21.28806494,39.17515029,0.094905389,2.273766409,0.092758379,0.058162842,132.1537214,31.53915611,29.7452129,4.198495301,49.82568188,2.268053942,4.551977729,1.930441358,-80.70357328,173.0884029,17.00209075,241.5406418,-0.041826658,0.046954088,3.497801579,0,0,1,0,52542,0,728.3676923,4072.07,0,0,-0.792779304,MPF-984-20190905-06_51_14,1518.937308,2034.44,0.253388005,0.5,674.3818867,9.744945341,85.44014034,0,0.015625753,1.001567999,-,0,0,0,0,0,0,799.9961935,674.3818867,0.842981369,0.195962739,6,0.5,0: Broadleaf,1567691468,387.5577742,400.1022258,22.43774194,20.29109677,500.0225484,100.8820645,0.200029613,31.15721935,29.7452129,999.9,0,0,9998.50871,0,24.34495806,799.9961935,0.899994484,0.100005461,0,1523.382581,4.99911,12156.49355,7191.277419,40.796,43.681,42.375,43.59451613,42.95325806,715.4922581,79.50258065,0,76.4000001,1518.937308,-483.1497436,-3767.494017,12122.31538,15,0,--:--:--,0,-0.476,0.105,0,0,0,0,-12.4444878,-1.933827178,0.212739649,0,1465.06,0,0,0,2.050423171,1.973607178,0.201925753,0,0,3,0/3,0,0,0,0,2,505.51,1238.25,30.5154,30.7776,30.0005,30.6768,30.6147,28.8849,21.5131,55.6205,-999.9,400,20.1415,100.964,101.521
13,1567691873,1544.4,20190905 06:57:53,8:57:53,,1,5,B1_R4,1567691865,0.003690584,12.70965221,383.0312436,261.3203661,26.41662044,38.72025409,0.189946541,2.274521719,0.181553554,0.114194142,132.1572287,30.45442121,29.99318065,4.258781247,51.24522205,2.270224011,4.4301184,1.988557236,-162.7547659,84.415163,8.279802028,62.09742776,-0.041847193,0.04697714,3.499157814,6,1,1,0,52644,0,728.3676923,4072.07,0,0,-0.792779304,MPF-985-20190905-06_57_51,1176.724231,1921.56,0.387620355,0.5,674.4010956,12.70965221,130.705796,0,0.020021367,1.119147984,-,0,0,0,0,0,0,800.0191613,674.4010956,0.842981179,0.195962358,6,0.5,0: Broadleaf,1567691865,383.0312581,399.9791935,22.45767097,18.12842258,499.9993548,100.889,0.200022742,30.6815871,29.99318065,999.9,0,0,10002.72968,0,22.4725,800.0191613,0.900001097,0.099998916,0,1180.28871,4.99911,9616.232903,7191.497097,40.437,43.062,42.09654839,42.935,42.5,715.52,79.5,0,396.4000001,1176.724231,-331.3336752,-2725.089573,9588.400385,15,0,--:--:--,0,-0.476,0.105,0,0,0,0,-16.75233902,-4.575639721,0.452283543,0,1140.41,0,0,0,4.356851707,-0.750972544,0.077911797,0,0,3,0/3,0,0,0,0,2,493.703,1237.39,30.1132,30.4732,30,30.4765,30.4385,28.8584,33.829,60.301,-999.9,400,17.8593,101.003,101.563
14,1567691963,1633.9,20190905 06:59:22,8:59:22,,2,5,B1_R4,1567691955,0.003291782,9.29836571,387.7776668,285.6961475,28.88047292,39.19969695,0.16885933,2.274243387,0.162190473,0.101946271,132.1539656,30.71996739,30.32562258,4.340787487,52.79743926,2.357095699,4.464412918,1.983691789,-145.1675852,60.19627749,5.918688363,53.10134623,-0.041839625,0.046968644,3.498658018,0,0,1,0,52670,0,728.3676923,4072.07,0,0,-0.792779304,MPF-986-20190905-06_59_20,1556.081923,2031.22,0.233917585,0.5,674.3839897,9.29836571,78.87513711,0,0.0149635,1.004740993,-,0,0,0,0,0,0,799.9988065,674.3839897,0.842981245,0.19596249,6,0.5,0: Broadleaf,1567691955,387.7776774,400.4697419,23.31724839,19.45853226,499.9113548,100.8880968,0.199975871,30.81658387,30.32562258,999.9,0,0,10001.01032,0,107.4463871,799.9988065,0.899999581,0.100000306,0,1558.673226,4.99911,12682.63548,7191.311613,40.49390323,43.125,42.125,43,42.562,715.4993548,79.49967742,0,88.79999995,1556.081923,-430.5193165,-2912.810259,12662.64231,15,0,--:--:--,0,-0.476,0.105,0,0,0,0,-12.11945415,-10.60702223,1.069147618,0,1508.08,0,0,0,3.734428537,2.123465854,0.230159662,0,0,3,0/3,0,0,0,0,2,500.767,1239.31,30.1724,30.4233,29.9999,30.4191,30.3811,28.9023,31.4047,60.4937,-999.9,400,18.6086,101.012,101.576
15,1567692025,1695.9,20190905 07:00:24,9:00:24,,3,5,B1_R4,1567692017,0.004188977,15.04264426,380.0900151,258.9339737,26.17548387,38.4230772,0.226550137,2.272863575,0.214710833,0.135206405,132.1561538,30.28764046,29.71523226,4.191257053,51.52457377,2.282164954,4.429274785,1.909092099,-184.7338991,118.003607,11.56665586,76.99251752,-0.041802122,0.046926544,3.496180695,11,2,1,0,52563,0,728.3676923,4072.07,0,0,-0.792779304,MPF-987-20190905-07_00_22,905.8704231,1730.91,0.476650766,0.5,674.3966023,15.04264426,160.7258284,0,0.023480877,1.352560214,-,0,0,0,0,0,0,800.0139677,674.3966023,0.842981035,0.195962069,6,0.5,0: Broadleaf,1567692017,380.0900323,400.0521613,22.57570645,17.66233548,499.9917419,100.8893871,0.20002771,30.67825484,29.71523226,999.9,0,0,9991.918065,0,926.1235484,800.0139677,0.900006129,0.099993929,0,906.3292581,4.99911,7341.467097,7191.459032,40.48374194,43.20325806,42.125,42.94106452,42.56606452,715.5177419,79.49548387,0,61.39999986,905.8704231,-48.4509744,-698.2246163,7334.775,15,0,--:--:--,0,-0.476,0.105,0,0,0,0,-19.86581707,-1.736121951,0.179571956,0,901.957,0,0,0,4.822146829,1.538646899,0.166838872,0,0,3,0/3,0,0,0,0,2,488.033,1233.28,30.1752,30.4041,30.0001,30.3988,30.3628,28.8942,35.6671,58.2288,-999.9,400,17.2623,101.008,101.572
16,1567692172,1842.9,20190905 07:02:51,9:02:51,,1,3,B1_R4,1567692164,0.004630977,13.70929053,381.1882424,274.6797249,27.76558554,38.53183833,0.240209142,2.273930989,0.226949926,0.142973967,132.1530882,30.33440825,30.03541613,4.269124379,50.76536181,2.273236634,4.477928557,1.995887745,-204.2260922,102.2568951,10.04383136,40.22772242,-0.041831132,0.04695911,3.498097084,25,5,1,0,52610,0,728.3676923,4072.07,0,0,-0.792779304,MPF-988-20190905-07_02_50,1343.678077,4557.37,0.705163707,0.5,674.3788217,13.70929053,237.7737349,0,0.021504338,-0.106486855,-,0,0,0,0,0,0,799.9925806,674.3788217,0.842981345,0.19596269,6,0.5,0: Broadleaf,1567692164,381.1882581,399.7574194,22.48870323,17.05659677,500.0085161,100.8834194,0.200071806,30.86953871,30.03541613,999.9,0,0,9999.443871,0,715.3918387,799.9925806,0.899998323,0.100001681,0,1344.501613,4.99911,11367.20968,7191.253548,40.5,43.25,42.21341935,43.062,42.59248387,715.4929032,79.50193548,0,146.1999998,1343.678077,-140.6198291,-242.2598316,11359.11923,15,0,--:--:--,0,-0.476,0.105,0,0,0,0,-18.39976098,-3.338280836,0.330408625,0,1328.83,0,0,0,5.44514,-0.216570523,0.029873051,0,0,3,0/3,0,0,0,0,2,471.091,1234.16,30.2419,30.3856,30,30.3601,30.3211,28.7967,37.916,56.6589,-999.9,400,16.8926,101.014,101.582
17,1567692318,1989.4,20190905 07:05:18,9:05:18,,2,3,B1_R4,1567692310,0.002947005,9.696392513,387.525376,270.3024135,27.32317536,39.17250929,0.15013792,2.274709801,0.144841934,0.090986469,132.1488725,31.18877575,30.41184194,4.362279312,52.11036708,2.3741248,4.555954856,1.988154513,-129.9629228,93.28938393,9.190686764,104.6660204,-0.041852307,0.046982881,3.499495562,10,2,1,0,52578,0,728.3676923,4072.07,0,0,-0.792779304,MPF-989-20190905-07_05_16,1574.513462,2035.4,0.226435363,0.5,674.3582375,9.696392513,76.34927626,0,0.015554302,1.000623956,-,0,0,0,0,0,0,799.9682903,674.3582375,0.84298121,0.195962421,6,0.5,0: Broadleaf,1567692310,387.5253871,400.5323226,23.48671613,20.03315161,499.9685806,100.8837419,0.199985,31.17255484,30.41184194,999.9,0,0,10004.47355,0,123.9490323,799.9682903,0.900001,0.099999074,0,1583.91129,4.99911,12820.17097,7191.036774,40.75,43.437,42.375,43.34654839,42.82622581,715.4735484,79.49580645,0,146,1574.513462,-864.8523065,-6678.475205,12746.84615,15,0,--:--:--,0,-0.476,0.105,0,0,0,0,-12.46199854,-9.624834983,1.083164225,0,1481.13,0,0,0,3.354186098,1.793372822,0.197931763,0,0,3,0/3,0,0,0,0,2,488.175,1239.3,30.4054,30.2991,29.9998,30.2739,30.2353,28.7909,31.2124,56.7763,-999.9,400,19.4436,101.034,101.605
18,1567692392,2063.4,20190905 07:06:32,9:06:32,,3,3,B1_R4,1567692384,0.004111219,10.0699874,386.1955691,297.0475375,30.02696092,39.03846286,0.215177798,2.27398602,0.204472102,0.128712528,132.1537877,30.79050435,30.20785484,4.31158073,51.54468293,2.346051627,4.551491044,1.965529102,-181.3047684,116.1573079,11.4347439,78.4410711,-0.041832628,0.04696079,3.498195894,8,2,1,0,52548,0,728.3676923,4072.07,0,0,-0.792779304,MPF-990-20190905-07_06_30,1304.284231,1808.75,0.278902982,0.5,674.3824579,10.0699874,94.04363936,0,0.016107724,1.251317208,-,0,0,0,0,0,0,799.9969032,674.3824579,0.842981336,0.195962671,6,0.5,0: Broadleaf,1567692384,386.1955806,400.1852903,23.20877097,18.38965484,499.9841613,100.8846774,0.200021581,31.15534194,30.20785484,999.9,0,0,9999.676774,0,1124.977419,799.9969032,0.899997065,0.100002935,0,1307.499677,4.99911,10637.66742,7191.286452,40.875,43.659,42.51,43.47967742,43,715.4954839,79.50193548,0,73.19999981,1304.284231,-776.317607,-6223.633164,10611.29962,15,0,--:--:--,0,-0.476,0.105,0,0,0,0,-12.25329561,-33.60849554,3.529046597,0,1215.88,0,0,0,4.657967317,3.328156098,0.338333286,0,0,3,0/3,0,0,0,0,2,490.946,1237.28,30.4813,30.3031,30.0002,30.271,30.2353,28.8027,35.8212,54.1185,-999.9,400,17.7678,101.029,101.587
19,1567692490,2161.4,20190905 07:08:10,9:08:10,,1,2,B1_R4,1567692482,0.003605362,12.73135156,382.8222758,248.6557861,25.1370626,38.70019541,0.171313127,2.274295162,0.164453427,0.103376821,132.1503567,31.15943253,30.66493871,4.42590499,49.58632507,2.283181276,4.604457525,2.142723715,-158.9964832,85.05659724,8.399322133,66.60979286,-0.041841033,0.046970225,3.498750988,19,4,1,0,52511,0,728.3676923,4072.07,0,0,-0.792779304,MPF-991-20190905-07_08_08,1291.995769,1998.58,0.353543131,0.5,674.3696721,12.73135156,119.2093827,0,0.020054477,1.037481612,-,0,0,0,0,0,0,799.9823871,674.3696721,0.842980649,0.195961299,6,0.5,0: Broadleaf,1567692482,382.8222903,399.7575806,22.58522581,18.35615161,499.9582903,100.8917742,0.200032258,31.35864516,30.66493871,999.9,0,0,10000.98226,0,558.2283548,799.9823871,0.900019,0.099980697,0,1294.026129,4.99911,10834.58065,7191.19871,41.062,43.812,42.70529032,43.687,43.19716129,715.5012903,79.48225806,0,97.20000005,1291.995769,-266.1323078,-1887.295727,10814.53846,15,0,--:--:--,0,-0.476,0.105,0,0,0,0,-16.72797805,-4.457790941,0.445930666,0,1263,0,0,0,4.261610976,-0.61280446,0.066464772,0,0,3,0/3,0,0,0,0,2,478.116,1238.74,30.6206,30.3409,30,30.2869,30.2458,28.8492,33.416,52.4299,-999.9,400,18.5698,101.018,101.595
20,1567692591,2262.4,20190905 07:09:51,9:09:51,,2,2,B1_R4,1567692583,0.005133922,15.92038057,378.5395302,261.1041214,26.39748364,38.27013914,0.251826714,2.274968809,0.237301797,0.149548769,132.1500148,30.92197367,30.92946774,4.493267197,50.93227363,2.380378449,4.673615135,2.112888749,-226.4059492,84.82146051,8.395411607,-1.03906224,-0.04185935,0.046990788,3.499960695,9,2,1,0,52505,0,728.3676923,4072.07,0,0,-0.792779304,MPF-992-20190905-07_09_49,1460.016538,2433.11,0.399938129,0.5,674.36474,15.92038057,134.8520863,0,0.024783561,0.67360703,-,0,0,0,0,0,0,799.9760968,674.36474,0.842981112,0.195962225,6,0.5,0: Broadleaf,1567692583,378.5395484,399.9772903,23.54491935,17.52892581,499.9716774,100.8994839,0.199968323,31.62105161,30.92946774,999.9,0,0,10004.59613,0,876.5143871,799.9760968,0.900004581,0.099995368,0,1462.435161,4.99911,12323.09355,7191.115161,41.25,43.93903226,42.875,43.83841935,43.433,715.4822581,79.49387097,0,100.4000001,1460.016538,-229.7651279,-2077.59316,12299.95385,15,0,--:--:--,0,-0.476,0.105,0,0,0,0,-21.3229878,-2.357113589,0.243594712,0,1434.5,0,0,0,6.031754878,-0.263301742,0.035422385,0,0,3,0/3,0,0,0,0,2,489.545,1234.76,30.8094,30.3978,30.0004,30.3231,30.2823,28.8147,38.5332,51.2066,-999.9,400,17.4049,101.011,101.587
21,1567692651,2322.4,20190905 07:10:51,9:10:51,,3,2,B1_R4,1567692643,0.001836852,8.288569706,389.0048615,216.1783403,21.85704299,39.33093374,0.083304523,2.274440485,0.081645855,0.051174933,132.1541003,32.18838476,30.85494839,4.474201124,48.1709317,2.275452803,4.723705195,2.19874832,-81.00517432,116.9862521,11.5881815,179.7233595,-0.041844984,0.04697466,3.499011941,7,1,1,0,52535,0,728.3676923,4072.07,0,0,-0.792779304,MPF-993-20190905-07_10_49,1364.956538,1983.27,0.311764642,0.5,674.3873988,8.288569706,105.125073,0,0.013466072,1.053210103,-,0,0,0,0,0,0,800.0032258,674.3873988,0.842980849,0.195961699,6,0.5,0: Broadleaf,1567692643,389.004871,399.8089355,22.50549677,20.35081613,499.9848387,100.9065484,0.199986871,31.80900645,30.85494839,999.9,0,0,10000.46226,0,1582.47871,800.0032258,0.900015548,0.099984626,0,1366.92871,4.99911,11208.41613,7191.37871,41.391,44.22358065,43.028,43.98983871,43.62296774,715.5148387,79.48967742,0,59.4000001,1364.956538,-179.7035897,-1450.444444,11193.01923,15,0,--:--:--,0,-0.476,0.105,0,0,0,0,-8.72755261,-39.78924776,4.207106484,0,1344.56,0,0,0,2.023415366,2.823219303,0.282099469,0,0,3,0/3,0,0,0,0,2,492.042,1228.19,30.926,30.4744,30.0009,30.3921,30.3515,28.9414,24.3186,50.475,-999.9,400,20.6167,100.986,101.554
