SysConst,AvgTime,Oxygen,Chamber,,,,,,,,,,,,,,,,,,,,,,,,,,,,,,,,,,,,,,,,,,,,,,,,,,,,,,,,,,,,,,,,,,,,,,,,,,,,,,,,,,,,,,,,,,,,,,,,,,,,,,,,,,,,,,,,,,,,,,,,,,,,,,,,,,,,,,,,,,,,,,,,,,,,,,,,,,,,,,,,,,,,,,,,,,,,,,,
,4,21,6800-01A 6 cm²,,,,,,,,,,,,,,,,,,,,,,,,,,,,,,,,,,,,,,,,,,,,,,,,,,,,,,,,,,,,,,,,,,,,,,,,,,,,,,,,,,,,,,,,,,,,,,,,,,,,,,,,,,,,,,,,,,,,,,,,,,,,,,,,,,,,,,,,,,,,,,,,,,,,,,,,,,,,,,,,,,,,,,,,,,,,,,,
Const,CustomBLC,,,,,,,,,,,,,,,,,,,,,,,,,,,,,,,,,,,,,,,,,,,,,,,,,,,,,,,,,,,,,,,,,,,,,,,,,,,,,,,,,,,,,,,,,,,,,,,,,,,,,,,,,,,,,,,,,,,,,,,,,,,,,,,,,,,,,,,,,,,,,,,,,,,,,,,,,,,,,,,,,,,,,,,,,,,,,,,,,
,2,,,,,,,,,,,,,,,,,,,,,,,,,,,,,,,,,,,,,,,,,,,,,,,,,,,,,,,,,,,,,,,,,,,,,,,,,,,,,,,,,,,,,,,,,,,,,,,,,,,,,,,,,,,,,,,,,,,,,,,,,,,,,,,,,,,,,,,,,,,,,,,,,,,,,,,,,,,,,,,,,,,,,,,,,,,,,,,,,
LTConst,deltaTw,fT1,fT2,fTeb,,,,,,,,,,,,,,,,,,,,,,,,,,,,,,,,,,,,,,,,,,,,,,,,,,,,,,,,,,,,,,,,,,,,,,,,,,,,,,,,,,,,,,,,,,,,,,,,,,,,,,,,,,,,,,,,,,,,,,,,,,,,,,,,,,,,,,,,,,,,,,,,,,,,,,,,,,,,,,,,,,,,,,,,,,,,,,
,0,1,0,0,,,,,,,,,,,,,,,,,,,,,,,,,,,,,,,,,,,,,,,,,,,,,,,,,,,,,,,,,,,,,,,,,,,,,,,,,,,,,,,,,,,,,,,,,,,,,,,,,,,,,,,,,,,,,,,,,,,,,,,,,,,,,,,,,,,,,,,,,,,,,,,,,,,,,,,,,,,,,,,,,,,,,,,,,,,,,,
LQConst,Leaf,Ambient,abs_ambient,abs_redLED,abs_greenLED,abs_blueLED,abs_whiteLED,abs_redFlr,abs_blueFlr,k_ambient,k_redLED,k_greenLED,k_blueLED,k_whiteLED,k_redFlr,k_blueFlr,,,,,,,,,,,,,,,,,,,,,,,,,,,,,,,,,,,,,,,,,,,,,,,,,,,,,,,,,,,,,,,,,,,,,,,,,,,,,,,,,,,,,,,,,,,,,,,,,,,,,,,,,,,,,,,,,,,,,,,,,,,,,,,,,,,,,,,,,,,,,,,,,,,,,,,,,,,,,,,,,,
,standard,Sun+Sky,0.49,0.84,0.7,0.87,0.75,0.84,0.87,0.39,0.18,0.23,0.26,0.21,0.19,0.25,,,,,,,,,,,,,,,,,,,,,,,,,,,,,,,,,,,,,,,,,,,,,,,,,,,,,,,,,,,,,,,,,,,,,,,,,,,,,,,,,,,,,,,,,,,,,,,,,,,,,,,,,,,,,,,,,,,,,,,,,,,,,,,,,,,,,,,,,,,,,,,,,,,,,,,,,,,,,,,,,,
QConst,fQ_Amb_in,fQ_Amb_out,fQ_HeadLS,fQ_ConsoleLS,fQ_Flr,,,,,,,,,,,,,,,,,,,,,,,,,,,,,,,,,,,,,,,,,,,,,,,,,,,,,,,,,,,,,,,,,,,,,,,,,,,,,,,,,,,,,,,,,,,,,,,,,,,,,,,,,,,,,,,,,,,,,,,,,,,,,,,,,,,,,,,,,,,,,,,,,,,,,,,,,,,,,,,,,,,,,,,,,,,,,
,0,0,0,0,1,,,,,,,,,,,,,,,,,,,,,,,,,,,,,,,,,,,,,,,,,,,,,,,,,,,,,,,,,,,,,,,,,,,,,,,,,,,,,,,,,,,,,,,,,,,,,,,,,,,,,,,,,,,,,,,,,,,,,,,,,,,,,,,,,,,,,,,,,,,,,,,,,,,,,,,,,,,,,,,,,,,,,,,,,,,,,
LeakConst,fan_a,fan_b,fan_c,fan_d,Fs_meas,Fs_true,leak_wt,,,,,,,,,,,,,,,,,,,,,,,,,,,,,,,,,,,,,,,,,,,,,,,,,,,,,,,,,,,,,,,,,,,,,,,,,,,,,,,,,,,,,,,,,,,,,,,,,,,,,,,,,,,,,,,,,,,,,,,,,,,,,,,,,,,,,,,,,,,,,,,,,,,,,,,,,,,,,,,,,,,,,,,,,,,
,-6276,6.6,0.00001709,3.11,5.20261 78.4586 384.78 624.433 858.147 1061.57 1237.93 1402.77,-0.253398 101.375 403.279 601.117 800.703 1000.38 1200.66 1400.74,0,,,,,,,,,,,,,,,,,,,,,,,,,,,,,,,,,,,,,,,,,,,,,,,,,,,,,,,,,,,,,,,,,,,,,,,,,,,,,,,,,,,,,,,,,,,,,,,,,,,,,,,,,,,,,,,,,,,,,,,,,,,,,,,,,,,,,,,,,,,,,,,,,,,,,,,,,,,,,,,,,,,,,,,,,,,
Sys,Sys,Sys,Sys,Sys,UserDefVar,UserDefVar,UserDefVar,GasEx,GasEx,GasEx,GasEx,GasEx,GasEx,GasEx,GasEx,GasEx,GasEx,GasEx,GasEx,GasEx,GasEx,GasEx,GasEx,GasEx,GasEx,GasEx,GasEx,GasEx,GasEx,GasEx,GasEx,GasEx,GasEx,Leak,Leak,Leak,Leak,Leak,FLR,FLR,FLR,FLR,FLR,FLR,FLR,FLR,FLR,FLR,FLR,FLR,FLR,FLR,FLR,FLR,FLR,FLR,FLR,FLR,FLR,FLR,FLR,FLR,MPF,MPF,MPF,MPF,MPF,MPF,MPF,MPF,LeafQ,LeafQ,LeafQ,LeafQ,Const,Const,Const,Meas,Meas,Meas,Meas,Meas,Meas,Meas,Meas,Meas,Meas,Meas,Meas,Meas,Meas,Meas,Meas,FlrLS,FlrLS,FlrLS,FlrLS,FlrLS,FlrLS,FlrLS,FlrLS,FlrLS,FlrLS,FlrLS,FlrLS,FlrLS,FlrLS,FlrLS,FlrLS,FlrLS,FlrStats,FlrStats,FlrStats,FlrStats,FlrStats,Match,Match,Match,Match,Match,Match,Match,Match,Match,Stability,Stability,Stability,Stability,Stability,Stability,Stability,Stability,Stability,Stability,Stability,Stability,Stability,Stability,Stability,Auxiliary,Auxiliary,Auxiliary,Auxiliary,Auxiliary,Auxiliary,Auxiliary,Auxiliary,Auxiliary,Auxiliary,Auxiliary,Auxiliary,Auxiliary,Auxiliary,Auxiliary,Auxiliary,Auxiliary,Auxiliary,Auxiliary,Status,Status,Status,Status,Status,Status,Status,Status,Status,Status,Status,Status,Status,Status,Status,Status,Status,Status,Status,Status
obs,time,elapsed,date,hhmmss,BH455_leaf,BH455_BLOCK,BH455_VINE,TIME,E,A,Ca,Ci,Pci,Pca,gsw,gbw,gtw,gtc,Rabs,TleafEB,TleafCnd,SVPleaf,RHcham,VPcham,SVPcham,VPDleaf,LatHFlux,SenHFlux,NetTherm,EBSum,blfa_1,blfa_2,blfa_3,Leak,LeakPct,CorrFact,CorrFactPct,Fan,DarkAdaptedID,Fo,Fm,Fv,Fv/Fm,Adark,LightAdaptedID,Fs,Fm',PhiPS2,PS2/1,Qabs_fs,Afs,ETR,Fv'/Fm',PhiCO2,NPQ,DarkPulseID,Fo',Fv',qP,qN,qP_Fo,qN_Fo,ID,P1_dur,P2_dur,P3_dur,P1_Qmax,P1_Fmax,P2_dQdt,P3_ΔF,Qin,Qabs,alpha,convert,S,K,Geometry,TIME,CO2_s,CO2_r,H2O_s,H2O_r,Flow,Pa,ΔPcham,Tair,Tleaf,Tleaf2,Offset,Offset2,Fan_speed,Qamb_in,Qamb_out,Q,f_red,f_blue,f_farred,F,Q_modavg,F_dc,Pc,Tled,TDigital,TPreamp,TPwrSpy,TDrive,Q_red,Q_blue,Q_farred,TSPF,F_avg,dF/dt,dF_dc/dt,F_dc_avg,period,time,hhmmss,count,co2_adj,h2o_adj,co2_at,h2o_at,co2_cv,h2o_cv,ΔCO2:MN,ΔCO2:SLP,ΔCO2:SD,ΔCO2:OK,F:MN,F:SLP,F:SD,F:OK,ΔH2O:MN,ΔH2O:SLP,ΔH2O:SD,ΔH2O:OK,Stable,Total,State,ADC_CH1,ADC_CH2,ADC_CH3,ADC_CH4,ADC_CH5,ADC_CH6,ADC_CH7,ADC_CH8,DAC_1,DAC_2,DAC_3,DAC_4,GPIO,GPIO_dir,excit_5v,power_12v,power_5v,ch1_pullup,AuxPower,MatchValveR,MatchValveS,MatchCO2,MatchH2O,DIAG,Flow_s,Flow_r,Txchg,Tirga,Tchopper,Ts,Tr,CO2_%,Desiccant_%,Humidifier_%,Txchg_sp,CO2_r_sp,H2O_r_sp,SS_s,SS_r
,s,s,,,,,,s,mol m⁻² s⁻¹,µmol m⁻² s⁻¹,µmol mol⁻¹,µmol mol⁻¹,Pa,Pa,mol m⁻² s⁻¹,mol m⁻² s⁻¹,mol m⁻² s⁻¹,mol m⁻² s⁻¹,W m⁻²,°C,°C,kPa,%,kPa,kPa,kPa,W m⁻²,W m⁻²,W m⁻²,W m⁻²,,,,µmol s⁻¹,%,,%,µmol s⁻¹,,,,,,µmol m⁻² s⁻¹,,,,,,µmol m⁻² s⁻¹,µmol m⁻² s⁻¹,µmol m⁻² s⁻¹,,µmol µmol⁻¹,,,,,,,,,,ms,ms,ms,µmol m⁻² s⁻¹,,mol m⁻² s⁻²,,µmol m⁻² s⁻¹,µmol m⁻² s⁻¹,,J/µmol,cm²,,,s,µmol mol⁻¹,µmol mol⁻¹,mmol mol⁻¹,mmol mol⁻¹,µmol s⁻¹,kPa,kPa,°C,°C,°C,°C,°C,rpm,µmol m⁻² s⁻¹,µmol m⁻² s⁻¹,µmol m⁻² s⁻¹,,,,,µmol m⁻² s⁻¹,,,°C,°C,°C,°C,°C,µmol m⁻² s⁻¹,µmol m⁻² s⁻¹,µmol m⁻² s⁻¹,s,,min⁻¹,min⁻¹,,s,secs,,,µmol/mol,mmol/mol,µmol/mol,mmol/mol,%,%,µmol mol⁻¹,µmol mol⁻¹ min⁻¹,µmol mol⁻¹,,, min⁻¹,,,mmol mol⁻¹,mmol mol⁻¹ min⁻¹,mmol mol⁻¹,,,,,V,V,V,V,V,V,V,V,V,V,V,V,,,,,,,V,%,%,µmol/mol,mmol/mol,,µmol s⁻¹,µmol s⁻¹,°C,°C,°C,°C,°C,%,%,%,°C,µmol mol⁻¹,mmol mol⁻¹,%,%
1,1565960844,0,20190816 08:07:23,08:07:23,1,B2_R2,6,1565960836,0.003721377,14.01691328,397.9652581,270.9028818,27.39034839,40.23732414,0.20019534,2.274770295,0.190897005,0.120110052,148.6807175,29.32148429,28.87472903,3.992711452,50.45343261,2.080902986,4.124403194,1.911808466,-164.1127283,68.85378828,6.67410708,60.0958845,-0.041853952,0.046984728,3.499604196,15,3,1,0,52939.98221,RECT-775-20190815-08_30_09,0.219230769,2.3512,2.131969231,0.906757924,0.185509279,RECT-776-20190815-10_09_49,1199.985385,1643.96,0.270064123,0.5,758.7037029,14.01691328,102.449325,1,0.01823031,-0.998569795,-,0,1643.96,0.270064123,-698.2004083,0.270100142,-769.9964785,-,-,-,-,-,-,-,-,900.022129,758.7037029,0.842983387,0.195966775,6,0.5,0: Broadleaf,1565960836,397.9652581,416.5619355,20.58106774,16.20750968,500.0213226,100.9076129,0.20001729,29.43617097,28.87472903,999.9,0,0,10002.5,0,625.2563871,900.022129,0.899998,0.100001871,0,1202.957097,4.99911,10716.12258,8096.086452,37.288,40.5,38.877,40.625,39.48374194,805.5196774,89.50387097,0,5979.8,1199.985385,-236.0697438,-2045.104275,10690.03462,15,1565953093,05:58:12,1,-1.433,0.172,398,13,0.07,0.14,-18.55746585,-1.632066899,0.287952929,0,1217.003714,-259.8484149,26.35587439,0,4.347571463,0.454421812,0.047168164,0,0,3,0/3,1.88736,1.89318,1.89102,1.89106,1.88805,1.89074,1.88387,1.89073,5,0,0,0,11111111,oooooooo,off,off,off,off,0,100,100,-1.433,0.172,2,483.802,373.11,28.7378,28.961,30.0009,28.8418,28.8326,19.3017,42.1799,43.421,-999.9,417.837,16.1907,101.094,101.603
2,1565960950,106,20190816 08:09:09,08:09:09,2,B2_R2,6,1565960942,0.002942838,13.41092884,399.3416452,250.363154,25.31470692,40.37821279,0.159429185,2.274568918,0.153471072,0.096436181,148.6792115,29.88919754,28.80232581,3.975998444,49.89736568,2.095366767,4.19935349,1.880631677,-129.7791519,116.0585228,11.26417138,146.2227537,-0.041848476,0.04697858,3.49924257,20,4,1,0,52878.77657,RECT-775-20190815-08_30_09,0.219230769,2.3512,2.131969231,0.906757924,0.185509279,RECT-777-20190815-10_11_35,1322.309615,1852.2,0.286087023,0.5,758.6978843,13.41092884,108.5268097,1,0.017431734,-0.998730591,-,0,1852.2,0.286087023,-786.7679483,0.286120889,-867.6714341,-,-,-,-,-,-,-,-,900.0154839,758.6978843,0.842983146,0.195966292,6,0.5,0: Broadleaf,1565960942,399.3416452,416.8442258,20.72323548,17.26516452,500.0220323,100.9119032,0.200047613,29.74876452,28.80232581,999.9,0,0,10000.76613,0,654.8547097,900.0154839,0.900005613,0.099994571,0,1325.151935,4.99911,11729.42903,8096.04129,37.92706452,40.74796774,39.36483871,40.96951613,40.06612903,805.5193548,89.49580645,0,105.5,1322.309615,-225.9962395,-2161.630771,11703.79615,15,1565953093,05:58:12,1,-1.433,0.172,398,13,0.07,0.14,-17.46594878,-1.069373519,0.128193406,0,1338.348286,-244.5985738,24.79673486,0,3.439797317,0.399772683,0.040130558,0,0,3,0/3,1.88736,1.8932,1.89102,1.89106,1.888,1.89074,1.88389,1.89072,5,0,0,0,11111111,oooooooo,off,off,off,off,0,100,100,-1.433,0.172,2,477.648,371.378,28.9546,29.1902,30.0006,29.053,29.0395,19.3098,35.3566,40.7896,-999.9,417.497,17.2407,101.041,101.567
3,1565961083,239,20190816 08:11:22,08:11:22,3,B2_R2,6,1565961075,0.002937002,13.54727613,399.3131613,241.2201612,24.3911624,40.37685788,0.151252582,2.274924804,0.14587967,0.091641627,148.6757668,30.31201774,29.40549355,4.117110929,49.84398449,2.144374209,4.30217253,1.972736721,-129.5217697,93.73537429,9.142453647,122.031825,-0.041858154,0.046989444,3.499881669,39,8,1,0,52817.13951,RECT-775-20190815-08_30_09,0.219230769,2.3512,2.131969231,0.906757924,0.185509279,RECT-778-20190815-10_13_48,1080.057692,1606.58,0.327728658,0.5,758.6802677,13.54727613,124.3206331,1,0.017611855,-0.998536519,-,0,1606.58,0.327728658,-682.3021436,0.327773386,-752.4633925,-,-,-,-,-,-,-,-,899.9945806,758.6802677,0.842983151,0.195966302,6,0.5,0: Broadleaf,1565961075,399.3131613,416.975871,21.20711935,17.75772581,500.0385484,100.9157742,0.199996065,30.16977097,29.40549355,999.9,0,0,10002.69516,0,882.1059677,899.9945806,0.900005,0.099994913,0,1081.8,4.99911,9740.031613,8095.85129,38.64512903,41.33232258,40.04006452,41.47358065,40.78212903,805.5003226,89.49387097,0,132.5,1080.057692,-162.07453,-1674.143934,9728.405,15,1565953093,05:58:12,1,-1.433,0.172,398,13,0.07,0.14,-17.61829512,-1.017593728,0.123881781,0,1091.393714,-173.7309976,17.61058336,0,3.43483439,0.258591429,0.027209249,0,0,3,0/3,1.88736,1.89325,1.89105,1.89114,1.88808,1.89083,1.88394,1.89075,5,0,0,0,11111111,oooooooo,off,off,off,off,0,100,100,-1.433,0.172,2,455.324,369.111,29.271,29.4924,30.001,29.3383,29.3281,19.3242,32.0832,37.783,-999.9,417.447,17.7711,100.98,101.515
4,1565961468,624.5,20190816 08:17:48,08:17:48,1,B2_R2,4,1565961460,0.003427898,14.34110131,398.2876774,245.2144694,24.79175196,40.26780855,0.167056133,2.273522639,0.160524,0.100893104,148.6730125,31.13565648,30.41400645,4.36282005,49.98047081,2.274708292,4.551194205,2.088111759,-151.170299,90.72524073,8.942023834,97.16997806,-0.041820032,0.04694665,3.497363906,12,2,1,0,52599.9164,RECT-775-20190815-08_30_09,0.219230769,2.3512,2.131969231,0.906757924,0.185509279,RECT-779-20190815-10_20_13,1043.293846,1537.41,0.321395174,0.5,758.6643334,14.34110131,121.9155276,1,0.018658571,-0.998470675,-,0,1537.41,0.321395174,-652.8831235,0.32144101,-720.0192094,-,-,-,-,-,-,-,-,899.9754194,758.6643334,0.842983394,0.195966788,6,0.5,0: Broadleaf,1565961460,398.2876774,417.1338387,22.49907097,18.47846452,500.04,100.9023226,0.199998258,31.15419677,30.41400645,999.9,0,0,9994.917742,0,98.29029032,899.9754194,0.89999829,0.100001855,0,1043.942258,4.99911,9547.47871,8095.663548,40.312,42.933,41.784,43.04,42.4756129,805.4767742,89.49935484,0,384.5,1043.293846,-161.2929916,-1321.862223,9542.014231,15,1565953093,05:58:12,1,-1.433,0.172,398,13,0.07,0.14,-18.84872439,0.47745993,0.095471086,1,1051.163714,-169.6627363,17.15943057,0,4.002683171,0.465874495,0.046697271,0,1,3,1/3,1.88737,1.89328,1.89114,1.89115,1.88812,1.89085,1.88396,1.89079,5,0,0,0,11111111,oooooooo,off,off,off,off,0,100,100,-1.433,0.172,2,487.416,368.603,30.2802,30.4746,30.0007,30.3279,30.3141,19.4202,26.849,33.6778,-999.9,417.971,18.38,100.77,101.325
5,1565961590,746,20190816 08:19:49,08:19:49,2,B2_R2,4,1565961582,0.00403677,13.99924091,399.0186452,266.9077356,26.98575,40.34284499,0.193314423,2.274086007,0.184626902,0.116139815,148.6761963,31.34588587,30.84523871,4.471722061,50.13584437,2.335529582,4.658402808,2.136192479,-178.0215419,88.07423961,8.714659743,67.44355373,-0.041835346,0.046963841,3.498375427,30,6,1,0,52547.71714,RECT-775-20190815-08_30_09,0.219230769,2.3512,2.131969231,0.906757924,0.185509279,RECT-780-20190815-10_22_15,1129.789231,1562.13,0.27676363,0.5,758.6795702,13.99924091,104.9874559,1,0.018207597,-0.998494876,-,0,1562.13,0.27676363,-663.3969037,0.276802477,-731.6141235,-,-,-,-,-,-,-,-,899.9933548,758.6795702,0.842983524,0.195967049,6,0.5,0: Broadleaf,1565961582,399.0186452,417.749129,23.10000323,18.36815806,500.0400645,100.9051613,0.20000129,31.56362258,30.84523871,999.9,0,0,9998.296452,0,143.8654194,899.9933548,0.899994161,0.100005806,0,1130.802258,4.99911,10588.45161,8095.816774,40.629,43.187,42.177,43.312,42.82419355,805.49,89.50516129,0,120.5,1129.789231,-245.9774359,-1743.873504,10582.91154,15,1565953093,05:58:12,1,-1.433,0.172,398,13,0.07,0.14,-18.55287561,-3.043147735,0.336554774,0,1144.995714,-269.8432226,27.34307782,0,4.695537561,0.626750174,0.06373169,0,0,3,0/3,1.88741,1.89331,1.89114,1.89117,1.88812,1.89087,1.88399,1.89082,5,0,0,0,11111111,oooooooo,off,off,off,off,0,100,100,-1.433,0.172,2,465.458,364.954,30.5498,30.6567,30.0007,30.5169,30.4986,19.4083,27.4708,32.9356,-999.9,418.478,18.2683,100.726,101.295
6,1565961688,844.4000001,20190816 08:21:28,08:21:28,3,B2_R2,4,1565961680,0.004199886,13.43972446,398.9898387,275.4687335,27.85032939,40.33851061,0.200476317,2.274512249,0.191151512,0.120271342,148.6728029,31.8799329,31.13390968,4.545938354,49.85243876,2.400900434,4.816014009,2.145037919,-185.2149804,124.7045439,12.39017498,100.5525413,-0.041846935,0.046976851,3.499140807,31,6,1,0,52460.44812,RECT-775-20190815-08_30_09,0.219230769,2.3512,2.131969231,0.906757924,0.185509279,RECT-781-20190815-10_23_53,1171.292308,1590.35,0.263500294,0.5,758.6629309,13.43972446,99.95395261,1,0.017470493,-0.998521583,-,0,1590.35,0.263500294,-675.3992855,0.263536623,-744.8507122,-,-,-,-,-,-,-,-,899.9737097,758.6629309,0.842983437,0.195966874,6,0.5,0: Broadleaf,1565961680,398.9898387,417.1273548,23.74740323,18.82749677,500.0277742,100.9015806,0.200018194,32.15088065,31.13390968,999.9,0,0,10001.42097,0,139.3587097,899.9737097,0.899997774,0.100002052,0,1175.04129,4.99911,11317.41613,8095.647419,41.056,43.45325806,42.52,43.653,43.254,805.4754839,89.50064516,0,97.70000005,1171.292308,-407.3087182,-7097.323083,11264.32692,15,1565953093,05:58:12,1,-1.433,0.172,398,13,0.07,0.14,-18.2490878,2.170490592,0.368717634,0,1201.956857,-467.1808383,47.43680348,0,4.85229561,1.177847038,0.123955073,0,0,3,0/3,1.88749,1.89331,1.89117,1.89117,1.88812,1.89087,1.884,1.89087,5,0,0,0,11111111,oooooooo,off,off,off,off,0,100,100,-1.433,0.172,2,463.983,358.824,30.8813,30.8369,30.0007,30.6751,30.6575,19.3185,25.5857,32.5608,-999.9,418.049,18.7398,100.698,101.277
7,1565961885,1040.9,20190816 08:24:44,08:24:44,1,B2_R2,1,1565961877,0.004390204,14.72671595,398.9708387,279.5033968,28.25576227,40.33305247,0.227475708,2.273667525,0.215546186,0.135736029,148.6778349,32.07447691,30.71133226,4.437655069,50.11380219,2.448747748,4.886373896,1.98890732,-193.6080065,207.9317675,20.65022973,183.6518256,-0.04182397,0.046951071,3.497624037,12,2,1,0,52388.56264,RECT-775-20190815-08_30_09,0.219230769,2.3512,2.131969231,0.906757924,0.185509279,RECT-782-20190815-10_27_10,1042.620385,1489.36,0.299954085,0.5,758.6924754,14.72671595,113.7864535,1,0.019166141,-0.998421335,-,0,1489.36,0.299954085,-632.4467506,0.299998244,-697.4813607,-,-,-,-,-,-,-,-,900.0092903,758.6924754,0.842982938,0.195965875,6,0.5,0: Broadleaf,1565961877,398.9708387,418.7446452,24.2227871,19.0821871,500.0032581,100.8926774,0.200055581,32.40765484,30.71133226,999.9,0,0,9996.814516,0,303.2514645,900.0092903,0.900012613,0.099987719,0,1045.376129,4.99911,9722.367097,8095.999677,41.687,44.284,43.129,44.187,44,805.5209677,89.48903226,0,195.9000001,1042.620385,-296.6772651,-3280.331284,9693.484231,15,1565953093,05:58:12,1,-1.433,0.172,398,13,0.07,0.14,-19.49637317,-4.262195122,0.533207472,0,1061.339429,-330.5046586,33.573143,0,5.106265122,0.657111638,0.068947837,0,0,3,0/3,1.88746,1.89331,1.89117,1.89117,1.88812,1.89087,1.884,1.89087,5,0,0,0,11111111,oooooooo,off,off,off,off,0,100,100,-1.433,0.172,2,487.546,364.829,31.3737,31.1804,30.0007,30.9982,30.9816,19.4648,24.9506,31.4445,-999.9,419.315,19.0044,100.635,101.218
8,1565962002,1158.4,20190816 08:26:42,08:26:42,2,B2_R2,1,1565961994,0.004077361,14.43123303,398.5919032,256.1427844,25.89520636,40.29635115,0.183876529,2.273996776,0.1759977,0.11067831,148.6725215,32.39093811,31.82514194,4.728027013,49.92745217,2.469276042,4.945728121,2.25875097,-179.8116101,97.66370061,9.761330208,76.28594221,-0.041832921,0.046961118,3.498215206,18,4,1,0,52362.6908,RECT-775-20190815-08_30_09,0.219230769,2.3512,2.131969231,0.906757924,0.185509279,RECT-783-20190815-10_29_07,1111.211923,1547.31,0.281842732,0.5,758.6599555,14.43123303,106.9113971,1,0.018777482,-0.99848046,-,0,1547.31,0.281842732,-657.0937394,0.28188267,-724.6628036,-,-,-,-,-,-,-,-,899.9699677,758.6599555,0.842983636,0.195967272,6,0.5,0: Broadleaf,1565961994,398.5919032,417.8596774,24.42487742,19.65153871,499.9986774,100.8967419,0.200021,32.62177419,31.82514194,999.9,0,0,9998.550968,0,1423.594194,899.9699677,0.899990129,0.10000991,0,1113.951935,4.99911,10394.59677,8095.597419,42,44.786,43.44106452,44.649,44.37670968,805.4651613,89.50612903,0,116.7,1111.211923,-357.3193158,-3176.825637,10369.85269,15,1565953093,05:58:12,1,-1.433,0.172,398,13,0.07,0.14,-17.77968049,-20.1902446,2.813142864,0,1138.356,-414.1869276,41.91170694,0,4.710243171,1.157707944,0.117313802,0,0,3,0/3,1.88748,1.89331,1.89117,1.89117,1.88812,1.89087,1.884,1.89086,5,0,0,0,11111111,oooooooo,off,off,off,off,0,100,100,-1.433,0.172,2,480.471,362.106,31.6183,31.3908,30.0011,31.2019,31.1879,19.3976,22.938,31.0742,-999.9,417.673,19.579,100.588,101.181
9,1565962087,1242.9,20190816 08:28:06,08:28:06,3,B2_R2,1,1565962079,0.005149838,15.4504263,398.6903871,282.9826927,28.61010908,40.3083855,0.250329262,2.273771177,0.23596419,0.148699524,148.6842539,32.29225185,31.54615161,4.6537835,50.34791837,2.525611475,5.01631757,2.128172025,-227.1078359,162.7150339,16.26259279,100.5540447,-0.041826788,0.046954234,3.49781014,11,2,1,0,52312.34518,RECT-775-20190815-08_30_09,0.219230769,2.3512,2.131969231,0.906757924,0.185509279,RECT-784-20190815-10_30_32,1210.728462,1776.93,0.318640317,0.5,758.7215632,15.4504263,120.8796397,1,0.020119261,-0.998676819,-,0,1776.93,0.318640317,-754.7545083,0.318679634,-832.3660466,-,-,-,-,-,-,-,-,900.0432903,758.7215632,0.842983411,0.195966823,6,0.5,0: Broadleaf,1565962079,398.6903871,419.6945161,24.98083226,18.95546452,500.0050323,100.9019355,0.200039387,32.87353226,31.54615161,999.9,0,0,9996.570645,0,139.3563226,900.0432903,0.89999629,0.100003826,0,1212.016129,4.99911,11363.94194,8096.274194,42.25,44.9613871,43.687,44.99187097,44.758,805.5358065,89.50645161,0,83.5,1210.728462,-320.591453,-1704.396581,11362.1,15,1565953093,05:58:12,1,-1.433,0.172,398,13,0.07,0.14,-20.68102927,-5.841058537,0.634882369,0,1227.159143,-348.9353425,35.25059054,0,6.000856585,0.730805854,0.077161767,0,0,3,0/3,1.88747,1.89331,1.89117,1.89117,1.88812,1.89087,1.884,1.89085,5,0,0,0,11111111,oooooooo,off,off,off,off,0,100,100,-1.433,0.172,2,488.562,355.925,31.8397,31.6186,30.0009,31.3988,31.3807,19.4746,26.901,30.7028,-999.9,420.616,18.8182,100.542,101.138
10,1565962354,1510.4,20190816 08:32:34,08:32:34,1,B3_R2,6,1565962346,0.005083547,17.41237396,398.8404839,254.7792854,25.76144386,40.32787328,0.221621055,2.27519645,0.210288465,0.132400171,148.6821371,32.83611088,32.57011613,4.931351297,49.90540464,2.577798446,5.16536929,2.353552851,-224.1844071,101.1999664,10.18506521,35.88276168,-0.041865542,0.046997738,3.500369518,4,1,1,0,52269.92262,RECT-775-20190815-08_30_09,0.219230769,2.3512,2.131969231,0.906757924,0.185509279,RECT-785-20190815-10_34_59,1008.871231,1635.49,0.383138246,0.5,758.7089398,17.41237396,145.345206,1,0.022705498,-0.998562388,-,0,1635.49,0.383138246,-694.5979925,0.383189611,-766.0236257,-,-,-,-,-,-,-,-,900.0280645,758.7089398,0.842983647,0.195967293,6,0.5,0: Broadleaf,1565962346,398.8404839,422.1652903,25.4942871,19.55033548,500.0658387,100.9128065,0.199981516,33.39515806,32.57011613,999.9,0,0,10004.75484,0,145.0492258,900.0280645,0.899990097,0.100009868,0,1011.240903,4.99911,10253.25806,8096.122258,42.786,45.25,44.25,45.32419355,45.70732258,805.5174194,89.51225806,0,267.1000001,1008.871231,-186.9680683,-1735.606837,10229.88846,15,1565953093,05:58:12,1,-1.433,0.172,398,13,0.07,0.14,-22.92529512,-6.405319861,0.7243433,0,1022.778543,-212.1553073,21.55298049,0,5.89875561,0.777476446,0.081464437,0,0,3,0/3,1.88751,1.89331,1.89117,1.89117,1.88812,1.89087,1.884,1.89087,5,0,0,0,11111111,oooooooo,off,off,off,off,0,100,100,-1.433,0.172,2,496.818,351.004,32.2751,32.1161,30.0004,31.9049,31.8826,19.4992,23.4183,28.8335,-999.9,422.502,19.5059,100.447,101.054
11,1565962666,1821.9,20190816 08:37:45,08:37:45,2,B3_R2,6,1565962658,0.004059703,13.9084868,396.3616774,262.0855083,26.5006615,40.0779376,0.188806158,2.274786232,0.1805122,0.113534941,148.6789841,33.4119278,32.35344516,4.871445608,51.23179639,2.68232993,5.235674168,2.189115678,-179.0329194,157.3722041,15.8432321,142.8615009,-0.041854385,0.046985214,3.499632816,19,4,1,0,52215.44333,RECT-775-20190815-08_30_09,0.219230769,2.3512,2.131969231,0.906757924,0.185509279,RECT-786-20190815-10_40_11,1146.248462,1812.13,0.36745793,0.5,758.6950593,13.9084868,139.394258,1,0.018087606,-0.998702521,-,0,1812.13,0.36745793,-769.7255869,0.36750239,-848.8766038,-,-,-,-,-,-,-,-,900.0119032,758.6950593,0.842983361,0.195966722,6,0.5,0: Broadleaf,1565962658,396.3616774,414.9819032,26.52763226,21.78544839,500.0239355,100.9145484,0.200014097,33.63666774,32.35344516,999.9,0,0,10001.91613,0,59.75907419,900.0119032,0.899998,0.100002,0,1150.219032,4.99911,10533.20968,8095.993226,43.308,45.81606452,44.804,45.766,45.75,805.51,89.50193548,0,310.8999999,1146.248462,-430.4362394,-3751.723078,10497.75,15,1565953093,05:58:12,1,-1.433,0.172,398,13,0.07,0.14,-17.91536341,-13.58053589,1.467891063,0,1174.269429,-491.6363538,50.03891303,0,4.744637073,0.208782648,0.046670707,0,0,3,0/3,1.8875,1.89331,1.89117,1.89117,1.88812,1.89087,1.884,1.89087,5,0,0,0,11111111,oooooooo,off,off,off,off,0,100,100,-1.433,0.172,2,479.244,355.687,32.7552,32.3893,30.0001,32.2368,32.2154,19.3153,39.8271,59.9305,-999.9,416.715,21.3691,100.388,100.991
12,1565962785,1940.9,20190816 08:39:44,08:39:44,3,B3_R2,6,1565962777,0.003933295,13.66447697,398.5292258,246.3715054,24.91283318,40.29886534,0.16234075,2.274757329,0.156168053,0.09814007,148.677423,33.65534441,33.19505806,5.107742538,50.21073481,2.658734486,5.295151517,2.449008052,-173.4583089,78.94521084,7.988509929,62.15283494,-0.041853599,0.046984332,3.499580913,13,3,1,0,52180.20137,RECT-775-20190815-08_30_09,0.219230769,2.3512,2.131969231,0.906757924,0.185509279,RECT-787-20190815-10_42_10,1105.836923,1665.93,0.336204449,0.5,758.6846802,13.66447697,127.5365822,1,0.017766232,-0.998588656,-,0,1665.93,0.336204449,-707.544573,0.336248698,-780.3015053,-,-,-,-,-,-,-,-,899.9992581,758.6846802,0.842983673,0.195967346,6,0.5,0: Broadleaf,1565962777,398.5292258,416.8063548,26.29313226,21.69760323,500.0350968,100.9189677,0.200003548,33.83879032,33.19505806,999.9,0,0,10001.29032,0,1441.365161,899.9992581,0.899990097,0.100009942,0,1108.862581,4.99911,10296.25806,8095.861935,43.437,46.18906452,44.94106452,46.012,45.75,805.4919355,89.51032258,0,118.3999999,1105.836923,-241.7558976,-2161.835899,10269.54231,15,1565953093,05:58:12,1,-1.433,0.172,398,13,0.07,0.14,-18.21826829,-0.776052962,0.11993211,1,1120.351714,-259.0861964,26.22041576,0,4.584197805,0.292240139,0.029875015,0,1,3,1/3,1.88751,1.89331,1.89117,1.89118,1.88812,1.89088,1.884,1.89087,5,0,0,0,11111111,oooooooo,off,off,off,off,0,100,100,-1.433,0.172,2,485.992,355.4,32.8793,32.4531,30.0006,32.3232,32.315,19.3587,38.8164,59.2557,-999.9,417.551,21.5073,100.371,100.984
13,1565963198,2354.4,20190816 08:46:38,08:46:38,1,B3_R2,4,1565963190,0.005236267,14.04480354,397.9042581,304.097182,30.74964928,40.23521791,0.287085349,2.27533078,0.268373311,0.169312782,148.6763211,33.76248024,31.79243871,4.719271178,51.69814182,2.819896606,5.454541511,1.899374572,-230.9193734,316.290182,31.86192301,265.9090527,-0.041869195,0.04700184,3.500610769,49,10,1,0,52108.46513,RECT-775-20190815-08_30_09,0.219230769,2.3512,2.131969231,0.906757924,0.185509279,RECT-788-20190815-10_49_03,918.5383462,1451.26,0.367075268,0.5,758.6840946,14.04480354,139.2470838,1,0.018267543,-0.998379891,-,0,1451.26,0.367075268,-616.2422593,0.367130728,-679.6105587,-,-,-,-,-,-,-,-,899.9992581,758.6840946,0.842983022,0.195966045,6,0.5,0: Broadleaf,1565963190,397.9042581,417.2566774,27.88723226,21.77944194,500.0409355,100.9178387,0.19999829,34.37087097,31.79243871,999.9,0,0,10005.12903,0,520.2722581,899.9992581,0.900008,0.0999918,0,919.5565806,4.99911,10009.15742,8095.899355,44,46.70122581,45.625,46.627,45.97948387,805.5070968,89.49032258,0,412.8999999,918.5383462,-130.484547,-1823.174701,9995.974615,15,1565953093,05:58:12,1,-1.433,0.172,398,13,0.07,0.14,-18.89369756,-6.451427875,0.854462,0,928.1831714,-147.5891977,14.91425618,0,6.083167561,0.630395331,0.066851606,0,0,3,0/3,1.88747,1.89331,1.89117,1.89116,1.88812,1.89087,1.884,1.89082,5,0,0,0,11111111,oooooooo,off,off,off,off,0,100,100,-1.433,0.172,2,442.937,358.404,33.2694,32.6765,30.0001,32.5554,32.5322,19.4478,42.324,62.9224,-999.9,417.719,21.3225,100.493,100.981
14,1565963297,2453.4,20190816 08:48:17,08:48:17,2,B3_R2,4,1565963289,0.005615241,16.78104706,397.9849677,264.6029058,26.75479122,40.24145044,0.234543728,2.274124984,0.221885904,0.139758991,148.6760063,33.89678062,33.65420323,5.240811104,50.3038717,2.783491254,5.533353915,2.457319849,-247.6321376,119.5110625,12.17088015,32.72581135,-0.041836406,0.046965031,3.498445412,10,2,1,0,52025.53234,RECT-775-20190815-08_30_09,0.219230769,2.3512,2.131969231,0.906757924,0.185509279,RECT-789-20190815-10_50_42,971.4461923,1473.34,0.340650364,0.5,758.6785922,16.78104706,129.2220694,1,0.021874267,-0.99840417,-,0,1473.34,0.340650364,-625.6332086,0.34070106,-689.9671809,-,-,-,-,-,-,-,-,899.9921935,758.6785922,0.842983525,0.195967051,6,0.5,0: Broadleaf,1565963289,397.9849677,420.8074194,27.52852258,20.97473548,499.9242581,100.912871,0.200119968,34.6289871,33.65420323,999.9,0,0,9997.785806,0,1292.282258,899.9921935,0.899995194,0.100004739,0,972.7772903,4.99911,9282.572903,8095.81,44.23374194,46.98374194,45.8,46.768,46.062,805.4896774,89.50516129,0,98.10000014,971.4461923,-224.7772649,-1843.966496,9270.721538,15,1565953093,05:58:12,1,-1.433,0.172,398,13,0.07,0.14,-22.91639512,3.698412544,0.615412298,0,985.3634571,-247.9981292,25.05107615,0,6.532039024,0.436164042,0.045275947,0,0,3,0/3,1.88745,1.89328,1.89115,1.89112,1.88812,1.89086,1.88397,1.89079,5,0,0,0,11111111,oooooooo,off,off,off,off,0,100,100,-1.433,0.172,2,490.287,355.642,33.4787,32.7476,30.0005,32.6063,32.5966,19.5569,41.6851,58.3198,-999.9,421.205,20.7954,100.486,100.972
15,1565963401,2557.4,20190816 08:50:01,08:50:01,3,B3_R2,4,1565963393,0.00722993,12.05548595,399.7093548,327.3715183,33.09911364,40.4128784,0.348318625,2.274016578,0.32116304,0.202990007,148.6795697,33.31429478,32.80279032,4.996394513,50.90673983,2.808180046,5.516322702,2.188214467,-318.8399241,217.080935,22.01069773,68.9312784,-0.041833459,0.046961722,3.498250762,20,4,1,0,52031.2532,RECT-775-20190815-08_30_09,0.219230769,2.3512,2.131969231,0.906757924,0.185509279,RECT-790-20190815-10_52_26,772.3576154,1142.51,0.323981746,0.5,758.6961988,12.05548595,122.9018596,1,0.01564523,-0.997942075,-,0,1142.51,0.323981746,-484.9263355,0.324043925,-534.7913955,-,-,-,-,-,-,-,-,900.013,758.6961988,0.8429836,0.1959672,6,0.5,0: Broadleaf,1565963393,399.7093548,417.6430968,27.77470645,19.34008387,500.019129,100.9056452,0.200015516,34.57348065,32.80279032,999.9,0,0,9997.797419,0,1592.130968,900.013,0.899991742,0.100008268,0,773.0017742,4.99911,7508.875161,8095.989677,44.437,47.28,46.002,46.99593548,46.062,805.5051613,89.50935484,0,103.3,772.3576154,-81.4166154,-775.0512822,7502.811923,15,1565953093,05:58:12,1,-1.433,0.172,398,13,0.07,0.14,-17.64421707,-6.15515331,0.687333724,0,778.2747429,-90.55102417,9.137725439,0,8.387289024,0.90048899,0.093781888,0,0,3,0/3,1.88747,1.89329,1.89117,1.89116,1.88811,1.89086,1.884,1.89083,5,0,0,0,11111111,oooooooo,off,off,off,off,0,100,100,-1.433,0.172,2,477.599,354.371,33.664,32.8848,30.0006,32.7237,32.7098,19.4255,45.0404,52.9525,-999.9,417.772,18.9822,100.455,100.947
16,1565963550,2706.4,20190816 08:52:30,08:52:30,1,B3_R2,1,1565963542,0.007032677,19.15676804,397.5423871,284.762226,28.79234921,40.19556736,0.32658986,2.274770456,0.302598925,0.191132748,148.6751478,33.46556371,32.92873548,5.031912442,50.02299815,2.772713102,5.542876685,2.259199341,-310.1410667,212.3126791,21.54244906,72.38920923,-0.041853956,0.046984732,3.499604486,8,2,1,0,52041.16697,RECT-775-20190815-08_30_09,0.219230769,2.3512,2.131969231,0.906757924,0.185509279,RECT-791-20190815-10_54_55,978.6657308,1580.49,0.380783345,0.5,758.6752614,19.15676804,144.445452,1,0.02500577,-0.99851236,-,0,1580.49,0.380783345,-671.2056822,0.380836171,-740.22588,-,-,-,-,-,-,-,-,899.9883871,758.6752614,0.84298339,0.19596678,6,0.5,0: Broadleaf,1565963542,397.5423871,423.8852581,27.4227,19.21497419,500.0037097,100.9100968,0.200045613,34.65995806,32.92873548,999.9,0,0,10002.25484,0,1529.625806,899.9883871,0.900001,0.099998923,0,980.289871,4.99911,9371.263226,8095.786452,44.625,47.562,46.24593548,47.19512903,46.062,805.4896774,89.50064516,0,148.5,978.6657308,-130.1428035,-1311.140856,9355.021154,15,1565953093,05:58:12,1,-1.433,0.172,398,13,0.07,0.14,-26.32883415,-1.086829965,0.241390214,0,987.8628,-140.6686489,14.2609096,0,8.185020732,0.435139233,0.043390073,0,0,3,0/3,1.88749,1.89331,1.89117,1.89117,1.88812,1.89087,1.884,1.89087,5,0,0,0,11111111,oooooooo,off,off,off,off,0,100,100,-1.433,0.172,2,492.399,356.335,33.7957,33.1016,30.0007,32.9209,32.9093,19.7419,39.364,45.6585,-999.9,424.953,19.2618,100.406,100.9
17,1565963642,2798,20190816 08:54:01,08:54:01,2,B3_R2,1,1565963634,0.004871878,16.27124203,398.6152581,251.6603547,25.44634046,40.30551248,0.202612018,2.274916371,0.193094152,0.121501722,148.6756301,34.46440072,33.67022903,5.24550962,49.6242857,2.795792302,5.633919486,2.449717318,-214.8498207,157.4172097,16.05234104,107.2953601,-0.041857924,0.046989187,3.499866524,19,4,1,0,51996.32751,RECT-775-20190815-08_30_09,0.219230769,2.3512,2.131969231,0.906757924,0.185509279,RECT-792-20190815-10_56_27,1077.219231,1673.29,0.356226816,0.5,758.677223,16.27124203,135.1305858,1,0.02120234,-0.998594864,-,0,1673.29,0.356226816,-710.6748894,0.356273494,-783.7537127,-,-,-,-,-,-,-,-,899.9906452,758.677223,0.842983454,0.195966909,6,0.5,0: Broadleaf,1565963634,398.6152581,420.4676129,27.64995161,21.96626774,500.0810323,100.9139032,0.199919355,34.95374516,33.67022903,999.9,0,0,10002.82581,0,194.8592581,899.9906452,0.89999529,0.100004545,0,1080.534839,4.99911,10329.88387,8095.794516,44.812,47.687,46.429,47.49593548,46.062,805.4877419,89.50258065,0,91.10000014,1077.219231,-263.2813675,-1393.716247,10320.30769,15,1565953093,05:58:12,1,-1.433,0.172,398,13,0.07,0.14,-21.31491707,-11.75775261,1.245271985,0,1093.848571,-293.713508,29.7853573,0,5.63283122,1.151614077,0.115729966,0,0,3,0/3,1.8875,1.89331,1.89117,1.89117,1.88812,1.89087,1.884,1.89087,5,0,0,0,11111111,oooooooo,off,off,off,off,0,100,100,-1.433,0.172,2,479.495,354.539,33.9574,33.28,30.0009,33.084,33.0736,19.6189,28.3119,43.4025,-999.9,421.379,21.8706,100.369,100.869
18,1565963726,2882.5,20190816 08:55:26,08:55:26,3,B3_R2,1,1565963718,0.007507853,15.801504,399.3513548,310.7127257,31.4172591,40.37982338,0.358171188,2.274794712,0.329534237,0.208340682,148.6783897,33.70363513,33.14489677,5.093384586,50.84941262,2.880527984,5.664820567,2.212856602,-331.0963214,233.948811,23.80827908,75.33915836,-0.041854616,0.046985473,3.499648044,46,9,1,0,51975.70634,RECT-775-20190815-08_30_09,0.219230769,2.3512,2.131969231,0.906757924,0.185509279,RECT-793-20190815-10_57_51,1218.023462,1736.03,0.298385707,0.5,758.6908944,15.801504,113.1912594,1,0.020582816,-0.998645646,-,0,1736.03,0.298385707,-737.3591358,0.298423392,-813.1819048,-,-,-,-,-,-,-,-,900.0068065,758.6908944,0.842983507,0.195967015,6,0.5,0: Broadleaf,1565963718,399.3513548,421.9105161,28.48805806,19.73551613,500.0126129,100.9135161,0.200009323,35.05252258,33.14489677,999.9,0,0,10002.07355,0,114.1621935,900.0068065,0.899993,0.100006826,0,1221.125161,4.99911,11482.12903,8095.936452,44.99593548,47.627,46.558,47.625,46.125,805.5009677,89.50580645,0,83.9000001,1218.023462,-286.0878632,-2460.841025,11455.76154,15,1565953093,05:58:12,1,-1.433,0.172,398,13,0.07,0.14,-22.43465854,-2.073875958,0.226093906,0,1238.995429,-319.217487,32.4172792,0,8.70478122,1.137987596,0.117510723,0,0,3,0/3,1.88751,1.89331,1.89123,1.89119,1.88812,1.89089,1.88402,1.89088,5,0,0,0,11111111,oooooooo,off,off,off,off,0,100,100,-1.433,0.172,2,446.61,352.803,34.1436,33.446,30.0008,33.2377,33.2104,19.6515,36.7055,40.7544,-999.9,422.421,19.3178,100.33,100.835
19,1565964000,3156,20190816 08:59:59,08:59:59,1,B1_R3,6,1565963992,0.00348144,13.69709001,397.3702258,202.3434273,20.45485237,40.17006836,0.124068643,2.273318868,0.120425975,0.075584605,148.6795385,35.30599439,34.77423226,5.578136406,48.23426104,2.776456871,5.756192406,2.801679534,-153.5315023,69.5709087,7.151161994,71.87010691,-0.041814494,0.046940433,3.496998062,21,4,1,0,51878.68645,RECT-775-20190815-08_30_09,0.219230769,2.3512,2.131969231,0.906757924,0.185509279,RECT-794-20190815-11_02_25,872.1421154,1228.82,0.290260481,0.5,758.6935755,13.69709001,110.1093812,1,0.017809009,-0.99808662,-,0,1228.82,0.290260481,-521.6352501,0.290312275,-575.2750942,-,-,-,-,-,-,-,-,900.0095484,758.6935755,0.842983918,0.195967836,6,0.5,0: Broadleaf,1565963992,397.3702258,415.4654516,27.46525806,23.40258387,500.0383226,100.8897742,0.200004935,35.34188387,34.77423226,999.9,0,0,9994.837097,0,1311.581613,900.0095484,0.899983032,0.100016961,0,873.4721935,4.99911,8539.892903,8095.942258,45.24187097,48.06409677,46.875,47.812,46.125,805.493871,89.51870968,0,272.8999999,872.1421154,-123.3168206,-1080.936411,8527.987308,15,1565953093,05:58:12,1,-1.433,0.172,398,13,0.07,0.14,-18.13957073,6.762963763,1.084344367,0,879.7952,-134.9956851,13.75121238,0,4.072605854,0.306825366,0.091864,0,0,3,0/3,1.8875,1.89331,1.89118,1.89117,1.88812,1.89088,1.884,1.89087,5,0,0,0,11111111,oooooooo,off,off,off,off,0,100,100,-1.433,0.172,2,477.121,355.202,34.3586,33.9067,30.0006,33.6928,33.6698,19.4424,27.9058,49.5945,-999.9,415.32,23.7533,100.23,100.743
20,1565964088,3244.5,20190816 09:01:28,09:01:28,2,B1_R3,6,1565964080,0.006063032,18.98027264,398.8437742,257.7715522,26.05917119,40.32073401,0.250243779,2.274320385,0.235891467,0.148653025,148.672984,34.57375057,34.2666871,5.423007879,50.6293779,2.931997256,5.791098721,2.491010623,-267.3797103,145.2582293,14.89558657,41.44708957,-0.041841718,0.046970994,3.49879628,7,1,1,0,51892.74445,RECT-775-20190815-08_30_09,0.219230769,2.3512,2.131969231,0.906757924,0.185509279,RECT-795-20190815-11_03_53,948.6871154,1717.1,0.447506193,0.5,758.6621989,18.98027264,169.7530163,1,0.02477356,-0.998630715,-,0,1717.1,0.447506193,-729.3079279,0.447563336,-804.3027898,-,-,-,-,-,-,-,-,899.9726129,758.6621989,0.842983651,0.195967302,6,0.5,0: Broadleaf,1565964080,398.8437742,424.5251935,29.00266774,21.93714839,499.9367419,100.8939355,0.200118419,35.45137419,34.2666871,999.9,0,0,10000.93194,0,1585.32871,899.9726129,0.899989,0.100011,0,948.775871,4.99911,8882.767097,8095.619032,45.425,48.387,47.04,48.028,46.125,805.4664516,89.50677419,0,87.5,948.6871154,-26.40304274,-156.9630771,8882.217308,15,1565953093,05:58:12,1,-1.433,0.172,398,13,0.07,0.14,-25.54262683,-1.94403554,0.252256604,0,950.5366571,-31.82529901,3.255288848,0,7.054658049,0.055224669,0.034122181,1,1,3,1/3,1.88751,1.89331,1.89118,1.89119,1.88812,1.8909,1.88401,1.89087,5,0,0,0,11111111,oooooooo,off,off,off,off,0,100,100,-1.433,0.172,2,493.657,352.117,34.5144,34.042,30.001,33.8321,33.8174,19.7607,33.9935,48.0836,-999.9,425.195,21.8394,100.213,100.73
21,1565964210,3366,20190816 09:03:29,09:03:29,3,B1_R3,6,1565964202,0.00351727,14.49545241,395.9986774,189.5677608,19.16166727,40.02787638,0.123435517,2.272598094,0.119828242,0.075207969,148.6706618,36.01474877,35.49352903,5.804586948,49.52720668,2.966326618,5.989287136,2.83826033,-155.1116055,69.69508463,7.216555125,70.47069613,-0.041794908,0.046918446,3.495704121,14,3,1,0,51734.30099,RECT-775-20190815-08_30_09,0.219230769,2.3512,2.131969231,0.906757924,0.185509279,RECT-796-20190815-11_05_55,1212.187308,1715.34,0.293325342,0.5,758.6520243,14.49545241,111.2659323,1,0.018862328,-0.99862931,-,0,1715.34,0.293325342,-728.5593739,0.293362836,-803.4772619,-,-,-,-,-,-,-,-,899.9607742,758.6520243,0.842983434,0.195966869,6,0.5,0: Broadleaf,1565964202,395.9986774,415.0653226,29.34608387,25.24907097,499.9816129,100.8807419,0.200091581,36.06237419,35.49352903,999.9,0,0,9991.05,0,114.0571935,899.9607742,0.899995903,0.100003884,0,1215.862258,4.99911,12299.39355,8095.526774,45.671,48.5,47.25,48.437,47.08435484,805.4616129,89.49903226,0,120.6999998,1212.187308,-509.3035898,-8461.815396,12265.34231,15,1565953093,05:58:12,1,-1.433,0.172,398,13,0.07,0.14,-18.19700732,-8.234073868,1.975523632,0,1243.942286,-563.9650788,57.07747107,0,4.039919756,1.035511359,0.113285764,0,0,3,0/3,1.88751,1.89333,1.89127,1.89123,1.88816,1.89093,1.88406,1.89087,5,0,0,0,11111111,oooooooo,off,off,off,off,0,100,100,-1.433,0.172,2,484.679,354.555,34.7929,34.2702,30.0006,34.0523,34.0355,19.4468,22.1757,48.2605,-999.9,415.635,25.4258,100.173,100.685
22,1565964391,3547,20190816 09:06:30,09:06:30,1,B1_R3,3,1565964383,0.006445521,17.00606849,396.6384839,279.1089076,28.21415288,40.09481072,0.276183244,2.273928226,0.258809318,0.163225641,148.6744611,35.04635912,34.45507419,5.480143914,51.28266958,3.069089976,5.984653298,2.411053938,-284.2474587,195.3155812,20.10900639,79.85159002,-0.041831057,0.046959026,3.498092122,14,3,1,0,51779.70361,RECT-775-20190815-08_30_09,0.219230769,2.3512,2.131969231,0.906757924,0.185509279,RECT-797-20190815-11_08_56,1035.433846,1639.58,0.368476167,0.5,758.6742387,17.00606849,139.7766877,1,0.02217099,-0.998565974,-,0,1639.58,0.368476167,-696.3375298,0.368525443,-767.9420399,-,-,-,-,-,-,-,-,899.9875161,758.6742387,0.842983069,0.195966139,6,0.5,0: Broadleaf,1565964383,396.6384839,420.112,30.36101613,22.86173871,500.0344194,100.8865806,0.199956226,36.04829032,34.45507419,999.9,0,0,9999.112581,0,1563.712258,899.9875161,0.900007,0.0999928,0,1036.487419,4.99911,10028.7571,8095.79129,45.937,48.74187097,47.522,48.554,47.46341935,805.4958065,89.49064516,0,180.1999998,1035.433846,-134.8020513,-1453.752137,10017.63808,15,1565953093,05:58:12,1,-1.433,0.172,398,13,0.07,0.14,-25.11254634,24.99545645,3.160961407,0,1043.16,-138.99199,14.05240986,0,7.431004878,1.409203484,0.145086883,0,0,3,0/3,1.88751,1.89332,1.89122,1.89119,1.88812,1.89093,1.88402,1.89087,5,0,0,0,11111111,oooooooo,off,off,off,off,0,100,100,-1.433,0.172,2,484.812,351.448,35.0614,34.4455,30.0005,34.2418,34.2204,19.6592,33.8976,48.9512,-999.9,422.242,22.3563,100.14,100.654
23,1565964468,3624,20190816 09:07:47,09:07:47,2,B1_R3,3,1565964460,0.006002696,16.92819629,399.1883871,265.8398812,26.87371919,40.3539024,0.238340946,2.274188649,0.225282544,0.141915183,148.6747507,35.3008397,34.87493548,5.609370202,50.33984155,3.03092248,6.020921773,2.578447721,-264.7189055,157.3447054,16.23956365,57.54011424,-0.041838137,0.046966974,3.498559731,34,7,1,0,51769.75407,RECT-775-20190815-08_30_09,0.219230769,2.3512,2.131969231,0.906757924,0.185509279,RECT-798-20190815-11_10_13,1065.765385,1712.86,0.377786051,0.5,758.6747337,16.92819629,143.3083658,1,0.022068333,-0.998627325,-,0,1712.86,0.377786051,-727.5045934,0.37783441,-802.3140181,-,-,-,-,-,-,-,-,899.9879677,758.6747337,0.842983196,0.195966393,6,0.5,0: Broadleaf,1565964460,399.1883871,422.375871,29.98245484,22.99573226,500.0388065,100.8898387,0.200031903,36.15827097,34.87493548,999.9,0,0,10000.48194,0,1642.207742,899.9879677,0.900005774,0.099994303,0,1069.121935,4.99911,10185.17,8095.792581,46.08232258,48.98983871,47.687,48.69106452,47.629,805.4954839,89.49483871,0,76.5,1065.765385,-270.771282,-3026.305982,10150.64962,15,1565953093,05:58:12,1,-1.433,0.172,398,13,0.07,0.14,-23.33710488,-0.319896167,0.541358887,1,1082.853143,-302.1990357,30.65435115,0,6.906083415,1.31524892,0.15538007,0,1,3,1/3,1.88751,1.89331,1.8912,1.89118,1.88813,1.89091,1.88405,1.89087,5,0,0,0,11111111,oooooooo,off,off,off,off,0,100,100,-1.433,0.172,2,461.303,351.757,35.1974,34.5293,30.0004,34.3397,34.3203,19.7065,31.4338,47.071,-999.9,423.286,22.7637,100.123,100.646
24,1565964554,3710.5,20190816 09:09:14,09:09:14,3,B1_R3,3,1565964546,0.006001996,16.47394495,398.8563226,267.5989504,27.05115824,40.31976017,0.236280661,2.274332623,0.22344128,0.140746197,148.6770206,35.44554985,34.99390645,5.646465642,50.22143179,3.047837415,6.068798332,2.598628227,-264.688042,160.4607514,16.58133205,61.03106207,-0.041842051,0.046971368,3.498818255,55,11,1,0,51750.2174,RECT-775-20190815-08_30_09,0.219230769,2.3512,2.131969231,0.906757924,0.185509279,RECT-799-20190815-11_11_39,1099.87,1678.42,0.344699181,0.5,758.685124,16.47394495,130.7590706,1,0.021469296,-0.998599159,-,0,1678.42,0.344699181,-712.856754,0.344744211,-786.1599388,-,-,-,-,-,-,-,-,900.000129,758.685124,0.84298335,0.195966701,6,0.5,0: Broadleaf,1565964546,398.8563226,421.496,30.15020968,23.16551613,500.0392581,100.8885484,0.199883419,36.30257419,34.99390645,999.9,0,0,10001.54548,0,103.779871,900.000129,0.9,0.099999845,0,1101.698387,4.99911,10678.2129,8095.891613,46.20325806,49,47.812,48.875,47.812,805.5016129,89.50064516,0,85.69999981,1099.87,-302.1018804,-3533.035896,10652.85,15,1565953093,05:58:12,1,-1.433,0.172,398,13,0.07,0.14,-22.19016829,-7.790136585,0.82024825,0,1118.888286,-337.3028571,34.09877044,0,6.944505854,0.542623066,0.073477131,0,0,3,0/3,1.88751,1.89331,1.89127,1.89117,1.88814,1.89096,1.88401,1.89087,5,0,0,0,11111111,oooooooo,off,off,off,off,0,100,100,-1.433,0.172,2,433.6,346.231,35.3336,34.6397,30.0006,34.4542,34.4337,19.565,30.4423,45.9297,-999.9,422.179,23.0516,100.101,100.622
25,1565964732,3888,20190816 09:12:11,09:12:11,1,B1_R3,2,1565964724,0.005285544,15.39109391,394.6927419,253.0956282,25.58390734,39.89710376,0.20137412,2.273758944,0.191964754,0.120786721,148.6780318,35.98468312,35.56031935,5.826013646,51.31123292,3.16657557,6.171310627,2.659438076,-233.0925091,128.4593579,13.33412651,57.37900704,-0.041826455,0.04695386,3.497788176,37,7,1,0,51680.53819,RECT-775-20190815-08_30_09,0.219230769,2.3512,2.131969231,0.906757924,0.185509279,RECT-800-20190815-11_14_37,1088.695385,1567.83,0.305603679,0.5,758.6895592,15.39109391,115.9291601,1,0.020041906,-0.998500348,-,0,1567.83,0.305603679,-665.8211977,0.305646417,-734.287708,-,-,-,-,-,-,-,-,900.0052903,758.6895592,0.842983444,0.195966888,6,0.5,0: Broadleaf,1565964724,394.6927419,415.6709677,31.32619355,25.18061613,499.8685806,100.8836452,0.200310839,36.60825806,35.56031935,999.9,0,0,9998.303548,0,141.8567419,900.0052903,0.899995452,0.100004365,0,1090.01,4.99911,10684.9,8095.926774,46.5,49.062,48.062,49.054,48.10670968,805.5025806,89.50387097,0,176.5,1088.695385,-323.9870085,-5253.141882,10677.63077,15,1565953093,05:58:12,1,-1.433,0.172,398,13,0.07,0.14,-19.8436439,-24.449423,2.621530182,0,1105.495714,-355.2166732,35.90880961,0,6.13356561,0.425576446,0.046112354,0,0,3,0/3,1.88753,1.89333,1.89129,1.89121,1.88815,1.89094,1.88402,1.89088,5,0,0,0,11111111,oooooooo,off,off,off,off,0,100,100,-1.433,0.172,2,457.42,344.799,35.5623,34.8543,30.0008,34.6554,34.6332,19.4167,37.3654,58.1995,-999.9,418.037,24.6434,100.053,100.585
26,1565964823,3979.5,20190816 09:13:43,09:13:43,3,B1_R3,2,1565964815,0.006605759,15.93744486,396.436129,279.0342477,28.20626098,40.07386552,0.261071811,2.274171373,0.245491122,0.154754268,148.676856,35.4858148,35.2239,5.71878308,50.709023,3.117631774,6.148080932,2.601151306,-291.3139841,161.2842762,16.70545451,35.35260259,-0.041837667,0.046966446,3.49852871,55,11,1,0,51705.36556,RECT-775-20190815-08_30_09,0.219230769,2.3512,2.131969231,0.906757924,0.185509279,RECT-801-20190815-11_16_08,1195.025769,1737.71,0.312298502,0.5,758.6828197,15.93744486,118.4677542,1,0.020762215,-0.998646955,-,0,1737.71,0.312298502,-738.0736645,0.312337907,-813.9699086,-,-,-,-,-,-,-,-,899.9971935,758.6828197,0.842983539,0.195967079,6,0.5,0: Broadleaf,1565964815,396.436129,418.7026129,30.84159355,23.15949355,500.0216452,100.8854194,0.199881871,36.53937742,35.2239,999.9,0,0,10000.80774,0,93.34622903,899.9971935,0.899992,0.100007952,0,1197.920645,4.99911,11197.09032,8095.849032,46.56606452,49,48.125,49.08232258,48.278,805.4912903,89.50580645,0,90.69999981,1195.025769,-407.0211966,-4347.097436,11166.72308,15,1565953093,05:58:12,1,-1.433,0.172,398,13,0.07,0.14,-21.14694146,-18.01554146,2.05399176,0,1220.055143,-445.2702056,44.85220793,0,7.690173902,-0.025513798,0.026977913,1,1,3,1/3,1.88758,1.89333,1.89131,1.89127,1.88814,1.891,1.88404,1.89087,5,0,0,0,11111111,oooooooo,off,off,off,off,0,100,100,-1.433,0.172,2,436.06,343.719,35.6805,34.9774,30.0003,34.7732,34.7453,19.4875,40.8646,54.7413,-999.9,419.945,22.9796,100.026,100.55
27,1565964901,4057.5,20190816 09:15:01,09:15:01,3,B1_R3,2,1565964893,0.005970224,15.43793344,398.7702258,271.3276836,27.42827264,40.31132515,0.229402642,2.27319328,0.217273554,0.136832257,148.673117,35.76397493,35.34426452,5.756949424,50.24045532,3.100929812,6.172176968,2.656019612,-263.2868708,155.2197256,16.09920121,56.70517307,-0.041811081,0.046936601,3.496772593,31,6,1,0,51662.00236,RECT-775-20190815-08_30_09,0.219230769,2.3512,2.131969231,0.906757924,0.185509279,RECT-802-20190815-11_17_26,1090.171154,1575.91,0.30822753,0.5,758.6629273,15.43793344,116.9203999,1,0.020104349,-0.998508037,-,0,1575.91,0.30822753,-669.2577407,0.308270414,-738.0776314,-,-,-,-,-,-,-,-,899.9734839,758.6629273,0.842983644,0.195967289,6,0.5,0: Broadleaf,1565964893,398.7702258,420.1518387,30.6752129,23.73097097,500.0188065,100.8890968,0.200008032,36.61082258,35.34426452,999.9,0,0,9994.088387,0,1512.606774,899.9734839,0.899990419,0.100009503,0,1091.810645,4.99911,10423.05226,8095.630645,46.625,49.08232258,48.125,49.062,48.312,805.4683871,89.50677419,0,77.10000014,1090.171154,-431.0670085,-3752.899145,10409.66231,15,1565953093,05:58:12,1,-1.433,0.172,398,13,0.07,0.14,-20.93653415,-8.412179791,0.872051275,0,1118.04,-492.0102652,49.78958979,0,6.914643415,0.507617352,0.054416291,0,0,3,0/3,1.88759,1.89341,1.89132,1.8913,1.8882,1.89101,1.88414,1.8909,5,0,0,0,11111111,oooooooo,off,off,off,off,0,100,100,-1.433,0.172,2,464.778,349.528,35.7294,35.0563,30.0007,34.8544,34.8365,19.596,37.0602,51.6765,-999.9,421.05,23.5968,100.019,100.541
28,1565965457,4613.4,20190816 09:24:17,09:24:17,1,B3_R1,5,1565965449,0.008538709,22.98321038,396.6359677,278.5651487,28.16428144,40.10181128,0.378068399,2.274113563,0.346303723,0.219070924,148.6784653,33.65110139,33.93731613,5.324356506,50.97419791,2.933247072,5.754376121,2.391109434,-376.5570817,171.5024155,17.55036537,-38.82583559,-0.041836095,0.046964682,3.498424905,5,1,1,0,51905.67041,RECT-775-20190815-08_30_09,0.219230769,2.3512,2.131969231,0.906757924,0.185509279,RECT-803-20190815-11_26_43,941.7359615,1883.22,0.499933114,0.5,758.6901062,22.98321038,189.6471536,1,0.030048766,-0.9987515,-,0,1883.22,0.499933114,-799.9612113,0.499991319,-882.2213627,-,-,-,-,-,-,-,-,900.0057097,758.6901062,0.842983659,0.195967318,6,0.5,0: Broadleaf,1565965449,396.6359677,428.2786452,29.01193871,19.06316129,500.0203226,100.9048065,0.200021516,35.33617097,33.93731613,999.9,0,0,9998.510645,0,651.7755484,900.0057097,0.899989226,0.100010045,0,941.8249677,4.99911,10127.13871,8095.921935,45.125,47.57825806,46.687,47.45732258,46.125,805.496129,89.51032258,0,555.1000001,941.7359615,-25.73890598,-591.8803421,10124.67308,15,1565953093,05:58:12,1,-1.433,0.172,398,13,0.07,0.14,-32.03087561,6.409944251,0.766520211,0,942.9229429,-26.19819623,2.643045451,0,9.930244878,0.320130314,0.035289406,0,0,3,0/3,1.88755,1.89332,1.89129,1.89123,1.88814,1.89098,1.88403,1.89087,5,0,0,0,11111111,oooooooo,off,off,off,off,0,100,100,-1.433,0.172,2,496.202,338.148,34.503,35.4851,29.9998,35.4197,35.4066,19.8474,51.0657,49.954,-999.9,429.874,18.7806,99.8948,100.428
29,1565965571,4727.4,20190816 09:26:11,09:26:11,2,B3_R1,5,1565965563,0.0059525,14.10566348,399.8472258,286.8514603,29.0027164,40.42738943,0.240112219,2.274544265,0.226866744,0.142920846,148.6747017,34.84431368,34.38959355,5.460225195,49.72887347,2.917294725,5.866400185,2.54293047,-262.5052489,158.9270454,16.3240454,61.42054369,-0.041847806,0.046977828,3.4991983,37,7,1,0,51860.87482,RECT-775-20190815-08_30_09,0.219230769,2.3512,2.131969231,0.906757924,0.185509279,RECT-804-20190815-11_28_37,943.6922308,1392.52,0.322313338,0.5,758.6703713,14.10566348,122.2647899,1,0.018348093,-0.99831155,-,0,1392.52,0.322313338,-591.2592719,0.322364089,-652.0585663,-,-,-,-,-,-,-,-,899.9822258,758.6703713,0.842983727,0.195967455,6,0.5,0: Broadleaf,1565965563,399.8472258,419.6320645,28.8535129,21.91593548,499.951129,100.9070645,0.200025452,35.68563226,34.38959355,999.9,0,0,10001.08548,0,176.3768065,899.9822258,0.899989,0.100011026,0,945.5480968,4.99911,9123.214839,8095.708387,45.407,47.875,47.016,47.73577419,46.125,805.4754839,89.51032258,0,113.3,943.6922308,-207.4550429,-584.4745283,9107.860769,15,1565953093,05:58:12,1,-1.433,0.172,398,13,0.07,0.14,-19.60732927,-6.547751916,0.788648538,0,956.5518286,-228.3451035,23.18298631,0,6.836205122,2.008226341,0.212336348,0,0,3,0/3,1.88757,1.89333,1.89131,1.89129,1.88818,1.89099,1.88407,1.89089,5,0,0,0,11111111,oooooooo,off,off,off,off,0,100,100,-1.433,0.172,2,456.723,338.326,34.7697,35.4846,30.0003,35.4294,35.4259,19.5,36.547,43.3483,-999.9,420.642,21.9857,99.9002,100.445
30,1565965635,4790.9,20190816 09:27:14,09:27:14,3,B3_R1,5,1565965627,0.00637664,14.79038487,399.3126452,286.5706325,28.97450155,40.37358871,0.253663946,2.274731921,0.238931535,0.150584507,148.6748994,35.01224842,34.80097097,5.586414823,50.3294698,3.002650249,5.96598824,2.583764573,-281.2098379,145.9965898,15.04708744,28.50873875,-0.041852908,0.046983556,3.499535285,29,6,1,0,51815.61535,RECT-775-20190815-08_30_09,0.219230769,2.3512,2.131969231,0.906757924,0.185509279,RECT-805-20190815-11_29_40,1224.385,1715.63,0.286335049,0.5,758.6755923,14.79038487,108.6177064,1,0.019250488,-0.998629541,-,0,1715.63,0.286335049,-728.6827152,0.286371643,-803.6132864,-,-,-,-,-,-,-,-,899.989,758.6755923,0.842983183,0.195966367,6,0.5,0: Broadleaf,1565965627,399.3126452,420.1159355,29.69753871,22.27306452,500.0168065,100.9076452,0.200068806,35.99146452,34.80097097,999.9,0,0,10002.24742,0,289.9203226,899.989,0.900005839,0.099994161,0,1227.284839,4.99911,12273.37742,8095.802903,45.56606452,47.98577419,47.187,47.87093548,46.6813871,805.4964516,89.49451613,0,62.70000005,1224.385,-379.1415387,-2908.362392,12226.48462,15,1565953093,05:58:12,1,-1.433,0.172,398,13,0.07,0.14,-21.13147805,5.577114983,0.79788337,0,1252.334857,-428.4401566,43.29762068,0,7.214073902,3.6214223,0.378394871,0,0,3,0/3,1.88754,1.89332,1.89133,1.89125,1.88815,1.89094,1.88406,1.89087,5,0,0,0,11111111,oooooooo,off,off,off,off,0,100,100,-1.433,0.172,2,467.329,335.031,34.9349,35.525,30.0003,35.4559,35.4534,19.4817,35.4212,41.054,-999.9,421.215,21.9155,99.8886,100.432
31,1565965771,4926.9,20190816 09:29:30,09:29:30,1,B3_R1,4,1565965763,0.010743004,15.91659767,398.7486452,337.414716,34.11586582,40.31731466,0.580766754,2.274654922,0.509266127,0.323978928,148.6731145,33.44862723,33.14743226,5.094109488,51.47033754,3.047064896,5.920040633,2.047044592,-473.7664789,331.5314608,33.87354797,40.31164442,-0.041850815,0.046981206,3.499397011,44,9,1,0,51836.74772,RECT-775-20190815-08_30_09,0.219230769,2.3512,2.131969231,0.906757924,0.185509279,RECT-806-20190815-11_31_56,1137.516538,1676.88,0.321647024,0.5,758.6673598,15.91659767,122.0115492,1,0.020735159,-0.998597872,-,0,1676.88,0.321647024,-712.2017693,0.321689081,-785.4376019,-,-,-,-,-,-,-,-,899.9793548,758.6673598,0.84298307,0.195966141,6,0.5,0: Broadleaf,1565965763,398.7486452,422.9876774,30.13625806,17.63387742,500.0287742,100.9095484,0.200048226,35.85091613,33.14743226,999.9,0,0,10001.55839,0,1616.807419,899.9793548,0.900007839,0.099991877,0,1139.552581,4.99911,10861.68065,8095.719355,45.927,48.48170968,47.437,48.254,47.3506129,805.4896774,89.49,0,135.3,1137.516538,-266.111795,-2203.610258,10845.07692,15,1565953093,05:58:12,1,-1.433,0.172,398,13,0.07,0.14,-24.3709878,3.370712195,0.408696754,0,1157.276571,-302.8135421,30.60615876,0,12.46236585,0.662494077,0.071901571,0,0,3,0/3,1.88761,1.89337,1.89133,1.89129,1.88817,1.89101,1.8841,1.89087,5,0,0,0,11111111,oooooooo,off,off,off,off,0,100,100,-1.433,0.172,2,448.979,339.94,35.222,35.5957,30.0003,35.5104,35.5007,19.6561,47.4585,33.3911,-999.9,423.451,17.1822,99.8839,100.419
32,1565965876,5032.4,20190816 09:31:16,09:31:16,2,B3_R1,4,1565965868,0.009312321,19.89790905,399.3049677,311.2901573,31.47634286,40.37602787,0.462371792,2.274316472,0.415798502,0.263666467,148.6739468,33.98391028,33.32267742,5.144430616,49.98959939,2.970692172,5.942620482,2.173738444,-410.6733683,318.4780396,32.58345514,89.06207334,-0.041841612,0.046970875,3.498789254,10,2,1,0,51814.33877,RECT-775-20190815-08_30_09,0.219230769,2.3512,2.131969231,0.906757924,0.185509279,RECT-807-20190815-11_33_41,1157.443846,1922.96,0.398092604,0.5,758.672114,19.89790905,151.0108787,1,0.025982766,-0.998777302,-,0,1922.96,0.398092604,-816.8632188,0.398137995,-900.8614066,-,-,-,-,-,-,-,-,899.9850645,758.672114,0.842983005,0.19596601,6,0.5,0: Broadleaf,1565965868,399.3049677,427.642871,29.37911935,18.53330323,500.0306129,100.9157742,0.19999229,35.92010323,33.32267742,999.9,0,0,9998.742258,0,1382.356129,899.9850645,0.900011742,0.0999885,0,1158.945806,4.99911,10999.15161,8095.778065,46.062,48.812,47.625,48.522,47.554,805.4977419,89.48870968,0,104.7,1157.443846,-190.680342,-1748.092309,10984.76538,15,1565953093,05:58:12,1,-1.433,0.172,398,13,0.07,0.14,-28.32069756,0.658969338,0.193836269,1,1169.172,-209.1379512,21.10125681,0,10.82011951,0.54515331,0.055370055,0,1,3,1/3,1.88759,1.8934,1.89132,1.89132,1.88818,1.89102,1.88414,1.89088,5,0,0,0,11111111,oooooooo,off,off,off,off,0,100,100,-1.433,0.172,2,489.974,337.637,35.3323,35.7113,30.0009,35.6067,35.6122,19.8496,37.6259,27.7557,-999.9,427.93,18.5509,99.8564,100.395
33,1565965982,5138.4,20190816 09:33:02,09:33:02,3,B3_R1,4,1565965974,0.007193305,15.54067138,399.2431935,290.9257136,29.41639543,40.36870963,0.281848133,2.274282398,0.263781802,0.166390218,148.6758861,35.11790911,35.0402,5.660957602,49.63099395,3.022005159,6.088947488,2.638952443,-317.2247482,162.1911664,16.76921257,10.41151692,-0.041840686,0.046969835,3.498728069,31,6,1,0,51739.0021,RECT-775-20190815-08_30_09,0.219230769,2.3512,2.131969231,0.906757924,0.185509279,RECT-808-20190815-11_35_28,1377.436154,1919.95,0.282566653,0.5,758.6805016,15.54067138,107.1889052,1,0.0202393,-0.998775385,-,0,1919.95,0.282566653,-815.5830214,0.282598922,-899.4495663,-,-,-,-,-,-,-,-,899.9948065,758.6805016,0.8429832,0.195966399,6,0.5,0: Broadleaf,1565965974,399.2431935,421.3367419,29.88738065,21.51397419,500.0341935,100.9130645,0.200017129,36.36300968,35.0402,999.9,0,0,9998.789355,0,1603.472903,899.9948065,0.900004839,0.099995161,0,1381.197097,4.99911,13084.70323,8095.852258,46.312,49.11280645,47.883,48.937,47.875,805.5003226,89.49548387,0,105.3,1377.436154,-422.5552139,-3938.769234,13051.77692,15,1565953093,05:58:12,1,-1.433,0.172,398,13,0.07,0.14,-22.06576585,0.239521254,0.178756425,1,1403.368857,-460.6812365,46.68025534,0,8.332892927,0.81903324,0.085128029,0,1,3,1/3,1.88759,1.89336,1.89133,1.89132,1.88816,1.89102,1.88409,1.8909,5,0,0,0,11111111,oooooooo,off,off,off,off,0,100,100,-1.433,0.172,2,464.059,340.481,35.5741,35.9191,30.0006,35.7877,35.7854,19.7024,23.0329,25.4959,-999.9,422.008,21.6841,99.8191,100.361
34,1565966197,5353.4,20190816 09:36:37,09:36:37,1,B3_R1,2,1565966189,0.008245793,18.25907684,399.3924516,289.3699787,29.25945628,40.38430672,0.327749864,2.274647954,0.303593756,0.191767851,148.6724591,35.34580419,35.41228065,5.778614359,50.20222238,3.153588486,6.281770679,2.625025874,-363.6394903,186.4558111,19.36324738,-9.147972653,-0.041850625,0.046980993,3.499384499,13,3,1,0,51655.68711,RECT-775-20190815-08_30_09,0.219230769,2.3512,2.131969231,0.906757924,0.185509279,RECT-809-20190815-11_39_02,831.4017692,1360.82,0.38904354,0.5,758.6606775,18.25907684,147.576018,1,0.023822992,-0.998272218,-,0,1360.82,0.38904354,-577.7767948,0.389106226,-637.1896838,-,-,-,-,-,-,-,-,899.9709677,758.6606775,0.842983501,0.195967003,6,0.5,0: Broadleaf,1565966189,399.3924516,425.253129,31.18833871,21.60280323,500.0422258,100.9143871,0.199959355,36.93274516,35.41228065,999.9,0,0,10001.03355,0,874.6726129,899.9709677,0.899995097,0.1000049,0,832.4806774,4.99911,8297.740968,8095.617097,46.903,49.645,48.44106452,49.62683871,48.57012903,805.4706452,89.50225806,0,214.5,831.4017692,-85.68902551,763.6871789,8303.805769,15,1565953093,05:58:12,1,-1.433,0.172,398,13,0.07,0.14,-25.81297317,-0.329138676,0.133957798,1,836.7706286,-95.11835135,9.642784586,0,9.550789268,0.784533031,0.077869371,0,1,3,1/3,1.88765,1.89343,1.89133,1.89131,1.88819,1.89102,1.88413,1.89089,5,0,0,0,11111111,oooooooo,off,off,off,off,0,100,100,-1.433,0.172,2,486.825,340.587,36.0774,36.1565,30.0002,35.9858,35.9732,19.87,22.6046,24.3853,-999.9,425.498,21.4846,99.7764,100.32
35,1565966324,5480.4,20190816 09:38:44,09:38:44,2,B3_R1,2,1565966316,0.007699168,16.76816249,399.6363871,293.0812373,29.63463245,40.40885577,0.310699245,2.274230978,0.288897851,0.182392284,148.6792033,35.56543207,35.28925806,5.739480073,50.24373721,3.163408019,6.296124044,2.576072054,-339.5333077,206.6302542,21.45385051,37.23000017,-0.041839288,0.046968266,3.498635736,16,3,1,0,51635.29312,RECT-775-20190815-08_30_09,0.219230769,2.3512,2.131969231,0.906757924,0.185509279,RECT-810-20190815-11_41_09,906.0426923,1396.57,0.351237179,0.5,758.6947373,16.76816249,133.2408998,1,0.021856819,-0.998316447,-,0,1396.57,0.351237179,-592.9817965,0.351292325,-653.9582185,-,-,-,-,-,-,-,-,900.0113226,758.6947373,0.842983547,0.195967094,6,0.5,0: Broadleaf,1565966316,399.6363871,423.4527419,31.28554194,22.33471613,499.9513226,100.914,0.200055355,36.97454516,35.28925806,999.9,0,0,9998.362581,0,99.60899355,900.0113226,0.899991226,0.100008745,0,908.489,4.99911,8805.484516,8095.973226,47.12690323,50.02,48.77819355,49.73387097,48.879,805.5035484,89.50741935,0,126.5,906.0426923,-193.44,-2360.929573,8779.080385,15,1565953093,05:58:12,1,-1.433,0.172,398,13,0.07,0.14,-23.57215854,-4.618262718,0.494506682,0,918.1666,-214.587926,21.75727857,0,8.899368537,1.11044007,0.111111818,0,0,3,0/3,1.88766,1.89346,1.89133,1.89133,1.88826,1.89102,1.88416,1.89095,5,0,0,0,11111111,oooooooo,off,off,off,off,0,100,100,-1.433,0.172,2,482.372,340.243,36.3287,36.207,30,36.0516,36.0322,19.7913,19.9161,25.26,-999.9,423.431,22.1878,99.7796,100.32
36,1565966401,5556.9,20190816 09:40:00,09:40:00,3,B3_R1,2,1565966393,0.007638605,18.54337756,399.4796452,283.3272146,28.64865331,40.39341535,0.310163569,2.274653818,0.288438204,0.182098844,148.6740683,35.72673696,35.32030645,5.749334975,50.27576027,3.189908342,6.344823679,2.559426633,-336.8624612,220.1778764,22.87534573,54.86482926,-0.041850785,0.046981172,3.499395028,22,4,1,0,51625.40617,RECT-775-20190815-08_30_09,0.219230769,2.3512,2.131969231,0.906757924,0.185509279,RECT-811-20190815-11_42_26,1031.965,1733.25,0.404606952,0.5,758.6683051,18.54337756,153.4812353,1,0.024197489,-0.998643473,-,0,1733.25,0.404606952,-736.1767608,0.404658136,-811.877946,-,-,-,-,-,-,-,-,899.9799355,758.6683051,0.842983577,0.195967154,6,0.5,0: Broadleaf,1565966393,399.4796452,425.3932581,31.54730645,22.67022258,500.003871,100.9150645,0.200013161,37.11575484,35.32030645,999.9,0,0,10001.00452,0,1216.310742,899.9799355,0.899993419,0.100006561,0,1032.812903,4.99911,9844.809355,8095.693871,47.252,50.21748387,48.81606452,49.925,48.99593548,805.4770968,89.50548387,0,75.70000005,1031.965,-209.7829057,-1766.387347,9839.117308,15,1565953093,05:58:12,1,-1.433,0.172,398,13,0.07,0.14,-25.72117317,-4.261674564,0.447673327,0,1045.215714,-234.0867875,23.74393388,0,8.818450732,1.108857909,0.113277626,0,0,3,0/3,1.88766,1.89345,1.89133,1.89132,1.88824,1.89102,1.88415,1.89094,5,0,0,0,11111111,oooooooo,off,off,off,off,0,100,100,-1.433,0.172,2,475.145,341.465,36.4338,36.2225,30.0005,36.0733,36.0663,19.8916,19.238,25.9888,-999.9,425.647,22.4371,99.7798,100.316
37,1565966875,6031,20190816 09:47:54,09:47:54,1,B2_R3,6,1565966867,0.009378462,15.61291369,398.357871,311.8088932,31.53491331,40.28807774,0.377685582,2.274932022,0.345992696,0.218870864,148.6744259,35.75021867,36.17074516,6.025047435,52.07445526,3.411570673,6.551332425,2.613476763,-413.5901568,188.0829915,19.67512093,-57.15761845,-0.04185835,0.046989665,3.49989463,47,9,1,0,51536.97542,RECT-775-20190815-08_30_09,0.219230769,2.3512,2.131969231,0.906757924,0.185509279,RECT-812-20190815-11_50_20,1220.287692,1739.71,0.298568329,0.5,758.673343,15.61291369,113.2579162,1,0.020334713,-0.99864851,-,0,1739.71,0.298568329,-738.924294,0.298605958,-814.9080085,-,-,-,-,-,-,-,-,899.9863548,758.673343,0.842983162,0.195966324,6,0.5,0: Broadleaf,1565966867,398.357871,421.5769032,33.73270968,22.85802258,499.9923548,100.9353548,0.200032903,37.7042871,36.17074516,999.9,0,0,10000.80161,0,155.8013226,899.9863548,0.900005484,0.0999944,0,1223.912581,4.99911,11678.24194,8095.778387,48.062,50.806,49.74187097,50.681,49.812,805.4941935,89.49354839,0,473.4000001,1220.287692,-333.8830769,-4058.512821,11646.51923,15,1565953093,05:58:12,1,-1.433,0.172,398,13,0.07,0.14,-23.54990732,6.250356794,0.665262951,0,1244.752857,-373.3640803,37.90433828,0,10.82383659,1.028140767,0.101935768,0,0,3,0/3,1.88763,1.89333,1.89132,1.89126,1.88817,1.89098,1.88405,1.89088,5,0,0,0,11111111,oooooooo,off,off,off,off,0,100,100,-1.433,0.172,2,444.521,331.964,37.1095,37.4574,30.0001,37.2024,37.1532,19.6448,51.5539,60.5918,-999.9,422.314,22.269,99.5194,100.07
38,1565966986,6142.5,20190816 09:49:46,09:49:46,2,B2_R3,6,1565966978,0.007347343,17.30504586,398.8636774,274.2395873,27.73663958,40.34114174,0.268094853,2.274632266,0.251695984,0.158699704,148.6774026,36.54131834,36.38083548,6.094901686,49.70258872,3.279307339,6.597860238,2.815594347,-324.0178281,178.2826219,18.68311402,21.62531047,-0.041850198,0.046980514,3.499356327,50,10,1,0,51505.83251,RECT-775-20190815-08_30_09,0.219230769,2.3512,2.131969231,0.906757924,0.185509279,RECT-813-20190815-11_52_12,1074.476538,1698.45,0.367378175,0.5,758.6863746,17.30504586,139.3624079,1,0.022564708,-0.998615679,-,0,1698.45,0.367378175,-721.3758081,0.367425601,-795.5550087,-,-,-,-,-,-,-,-,900.0015161,758.6863746,0.842983441,0.195966881,6,0.5,0: Broadleaf,1565966978,398.8636774,423.1450645,32.42339032,23.89293226,500.0282903,100.9399355,0.200238516,37.83466129,36.38083548,999.9,0,0,9998.400323,0,101.0824194,900.0015161,0.899994387,0.10000541,0,1076.643871,4.99911,10926.97419,8095.891935,48.062,50.57622581,49.792,50.44106452,49.812,805.4977419,89.50322581,0,110.7,1074.476538,-235.994872,-2387.993163,10901.69231,15,1565953093,05:58:12,1,-1.433,0.172,398,13,0.07,0.14,-23.73024146,-9.404554704,1.082616251,0,1089.406571,-263.3935819,26.76142757,0,8.503820976,0.575378885,0.062375185,0,0,3,0/3,1.88766,1.89343,1.89133,1.89132,1.88827,1.89102,1.88416,1.89092,5,0,0,0,11111111,oooooooo,off,off,off,off,0,100,100,-1.433,0.172,2,441.524,334.601,37.2003,37.4274,29.9998,37.2296,37.1887,19.7283,41.9788,52.8035,-999.9,423.658,24.1005,99.5331,100.08
39,1565967069,6225.5,20190816 09:51:09,09:51:09,3,B2_R3,6,1565967061,0.007584965,15.89867662,399.1961613,286.6471181,28.99197368,40.37537401,0.278225187,2.274873477,0.260609023,0.164370347,148.67345,36.50575462,36.51764516,6.140767599,50.43215543,3.334956658,6.612758526,2.805810941,-334.4969542,166.6219599,17.47434146,-1.727202889,-0.041856758,0.046987877,3.499789493,40,8,1,0,51506.72214,RECT-775-20190815-08_30_09,0.219230769,2.3512,2.131969231,0.906757924,0.185509279,RECT-814-20190815-11_53_34,1156.554231,1720.93,0.327948126,0.5,758.6668072,15.89867662,124.401679,1,0.020711552,-0.998633762,-,0,1720.93,0.327948126,-730.9368833,0.327989909,-806.099251,-,-,-,-,-,-,-,-,899.9783871,758.6668072,0.842983363,0.195966726,6,0.5,0: Broadleaf,1565967061,399.1961613,421.9085161,32.97311613,24.17109355,499.9895161,100.9416774,0.200011613,37.87623871,36.51764516,999.9,0,0,9999.794839,0,550.2301935,899.9783871,0.899999,0.100000758,0,1160.295161,4.99911,10976.74194,8095.692903,48.125,50.625,49.74187097,50.47358065,49.81606452,805.4803226,89.49870968,0,82.5,1156.554231,-296.7107693,-2623.904273,10943.36154,15,1565953093,05:58:12,1,-1.433,0.172,398,13,0.07,0.14,-22.35385854,-8.041108014,0.816988565,0,1174.839714,-324.5625321,32.87469522,0,8.764535122,0.849981115,0.085905027,0,0,3,0/3,1.88766,1.89346,1.89134,1.89133,1.88827,1.89102,1.88416,1.89102,5,0,0,0,11111111,oooooooo,off,off,off,off,0,100,100,-1.433,0.172,2,453.067,338.458,37.2833,37.3936,29.9999,37.2148,37.1852,19.7063,39.0345,48.2031,-999.9,422.664,23.9799,99.5537,100.096
40,1565967231,6387.5,20190816 09:53:51,09:53:51,1,B2_R3,3,1565967223,0.007585,19.82019213,399.5142258,272.2108878,27.53465008,40.41162534,0.29859324,2.275232878,0.278406731,0.17570403,148.6739192,36.40920457,35.95466452,5.953927873,50.53836392,3.324506176,6.57818322,2.629421697,-334.4984797,223.8536538,23.39806228,61.42715564,-0.041866532,0.04699885,3.50043494,40,8,1,0,51534.4859,RECT-775-20190815-08_30_09,0.219230769,2.3512,2.131969231,0.906757924,0.185509279,RECT-815-20190815-11_56_17,974.4341538,1759.92,0.446319063,0.5,758.6675194,19.82019213,169.3038884,1,0.025880484,-0.99866403,-,0,1759.92,0.446319063,-747.5199047,0.446374668,-824.3875074,-,-,-,-,-,-,-,-,899.979,758.6675194,0.84298358,0.19596716,6,0.5,0: Broadleaf,1565967223,399.5142258,426.938129,32.86647097,24.06256452,499.9399355,100.9518065,0.200099355,37.77962258,35.95466452,999.9,0,0,10001.12645,0,1775.064516,899.979,0.899992548,0.100007297,0,974.6438065,4.99911,9325.855806,8095.685806,48.11687097,50.74593548,49.75,50.437,49.812,805.476129,89.50548387,0,161.5,974.4341538,-20.42010256,68.11829079,9326.02,15,1565953093,05:58:12,1,-1.433,0.172,398,13,0.07,0.14,-27.39353659,-1.194048084,0.166312986,0,976.0340286,-27.37723587,2.84097167,0,8.727852195,1.49528446,0.155255994,0,0,3,0/3,1.88766,1.89345,1.89133,1.89133,1.88827,1.89102,1.88416,1.89097,5,0,0,0,11111111,oooooooo,off,off,off,off,0,100,100,-1.433,0.172,2,453.19,337.242,37.2955,37.3371,30.0001,37.199,37.1806,19.9223,32.9821,41.759,-999.9,427.47,23.7917,99.5579,100.107
41,1565967428,6584,20190816 09:57:07,09:57:07,2,B2_R3,3,1565967420,0.00805729,18.33282616,397.3410968,285.8883409,28.91542217,40.1880172,0.323035201,2.275411497,0.299549642,0.189186125,148.6764581,36.41287526,36.01099355,5.972397053,50.91050016,3.377616892,6.634420957,2.594780162,-355.326494,236.2116336,24.71334731,54.27494508,-0.041871391,0.047004304,3.500755737,42,8,1,0,51514.01165,RECT-775-20190815-08_30_09,0.219230769,2.3512,2.131969231,0.906757924,0.185509279,RECT-816-20190815-11_59_33,1130.717692,1775.18,0.363040541,0.5,758.681439,18.33282616,137.71606,1,0.023919548,-0.998675515,-,0,1775.18,0.363040541,-754.0102076,0.363085381,-831.5452092,-,-,-,-,-,-,-,-,899.9956452,758.681439,0.842983456,0.195966911,6,0.5,0: Broadleaf,1565967420,397.3410968,423.1809355,33.39468065,24.04930323,500.026,100.9423226,0.200039806,37.93654839,36.01099355,999.9,0,0,10003.22677,0,350.9682258,899.9956452,0.899996581,0.100003216,0,1133.362258,4.99911,11776.92581,8095.845161,48.09858065,50.875,49.812,50.629,49.82012903,805.4932258,89.50322581,0,195.9000001,1130.717692,-242.2981193,-1667.360674,11783.30385,15,1565953093,05:58:12,1,-1.433,0.172,398,13,0.07,0.14,-25.17159512,-10.86624669,1.231733777,0,1148.62,-272.9400047,27.71446224,0,9.31331439,0.474873659,0.059777719,0,0,3,0/3,1.88766,1.89344,1.89134,1.89131,1.88826,1.89102,1.88415,1.89091,5,0,0,0,11111111,oooooooo,off,off,off,off,0,100,100,-1.433,0.172,2,451.441,337.421,37.3101,37.1706,29.9997,37.075,37.0526,19.8244,33.0312,42.1784,-999.9,424.292,23.6421,99.5916,100.135
42,1565967504,6660,20190816 09:58:23,09:58:23,3,B2_R3,3,1565967496,0.007794786,17.65094608,399.4176129,276.5827531,27.97309694,40.39640028,0.279613971,2.274698342,0.261826257,0.16514518,148.6816756,36.65816738,36.79360645,6.23419743,50.2991629,3.366132332,6.692223366,2.868065098,-343.750042,159.7958502,16.80000211,-18.47251407,-0.041851995,0.046982531,3.499474983,28,6,1,0,51464.54403,RECT-775-20190815-08_30_09,0.219230769,2.3512,2.131969231,0.906757924,0.185509279,RECT-817-20190815-12_00_49,1109.469615,1833.06,0.394744517,0.5,758.7088164,17.65094608,149.7480727,1,0.023019947,-0.998717336,-,0,1833.06,0.394744517,-778.6274243,0.394791734,-858.6938186,-,-,-,-,-,-,-,-,900.0282258,758.7088164,0.842983358,0.195966717,6,0.5,0: Broadleaf,1565967496,399.4176129,424.3313548,33.28248387,24.24130645,500.0690968,100.9383226,0.199932161,38.09664194,36.79360645,999.9,0,0,9998.989355,0,242.3102903,900.0282258,0.899999,0.100000929,0,1112.068387,4.99911,11367.92258,8096.143226,48.177,50.812,49.875,50.558,49.875,805.5254839,89.50354839,0,75.30000019,1109.469615,-241.7418803,-1293.360662,11376.16923,15,1565953093,05:58:12,1,-1.433,0.172,398,13,0.07,0.14,-24.64394634,-4.330068293,0.474004809,0,1126.773429,-264.5206108,26.83673665,0,8.981954146,1.009126202,0.105018249,0,0,3,0/3,1.88765,1.89342,1.89133,1.89132,1.88826,1.89102,1.88414,1.89091,5,0,0,0,11111111,oooooooo,off,off,off,off,0,100,100,-1.433,0.172,2,468.23,335.849,37.3481,37.0963,29.9998,36.9974,36.9853,19.8536,30.2936,40.3869,-999.9,424.861,24.1728,99.61,100.152
43,1565967752,6908.5,20190816 10:02:32,10:02:32,1,B2_R3,1,1565967744,0.008546071,16.00915996,399.2584516,295.3207935,29.86753551,40.37936455,0.311036941,2.274898874,0.289195848,0.182581772,148.6756845,36.6652432,36.80304194,6.237413622,49.98743739,3.390996175,6.783696769,2.846417447,-376.8817426,189.4261738,19.93850192,-18.84138246,-0.041857448,0.046988653,3.499835102,36,7,1,0,51429.44537,RECT-775-20190815-08_30_09,0.219230769,2.3512,2.131969231,0.906757924,0.185509279,RECT-818-20190815-12_04_58,984.6220769,1485.7,0.33726723,0.5,758.6759851,16.00915996,127.9382738,1,0.020856928,-0.998417446,-,0,1485.7,0.33726723,-630.8900987,0.337317004,-695.764638,-,-,-,-,-,-,-,-,899.9889677,758.6759851,0.84298365,0.1959673,6,0.5,0: Broadleaf,1565967744,399.2584516,422.5634839,33.52910323,23.61786774,500.0100645,100.9359355,0.199968806,38.34755806,36.80304194,999.9,0,0,10000.52871,0,121.7289677,899.9889677,0.899990226,0.100009658,0,986.0671613,4.99911,9817.580968,8095.770323,48.24593548,50.60467742,49.875,50.528,49.96748387,805.4812903,89.5083871,0,247.7,984.6220769,-240.1768207,-1941.928892,9798.343077,15,1565953093,05:58:12,1,-1.433,0.172,398,13,0.07,0.14,-23.93027073,9.706045296,1.206887506,0,1000.160086,-274.8486575,27.83447959,0,9.71420561,3.688576307,0.392342085,0,0,3,0/3,1.88763,1.89334,1.89132,1.89122,1.88817,1.89102,1.88403,1.89087,5,0,0,0,11111111,oooooooo,off,off,off,off,0,100,100,-1.433,0.172,2,458.45,318.657,37.4918,37.0836,30,36.9443,36.9247,19.4939,46.6006,59.0545,-999.9,423.533,23.3837,99.6014,100.141
44,1565967852,7008.5,20190816 10:04:12,10:04:12,2,B2_R3,1,1565967844,0.009203886,19.29469563,399.305129,287.3785962,29.06401051,40.38369113,0.343957158,2.274620465,0.317456113,0.200620659,148.6792519,36.48702735,36.73095161,6.21287732,50.32289003,3.420357124,6.796821729,2.792520196,-405.8913514,202.6287631,21.32705895,-33.25627742,-0.041849878,0.046980154,3.499335134,21,4,1,0,51414.59898,RECT-775-20190815-08_30_09,0.219230769,2.3512,2.131969231,0.906757924,0.185509279,RECT-819-20190815-12_06_37,1030.534231,1750.57,0.41131504,0.5,758.6948606,19.29469563,156.0313034,1,0.025186919,-0.998656895,-,0,1750.57,0.41131504,-743.543212,0.411366557,-820.0018906,-,-,-,-,-,-,-,-,900.0114516,758.6948606,0.842983563,0.195967127,6,0.5,0: Broadleaf,1565967844,399.305129,426.8595484,33.81974516,23.15225161,500.1706774,100.9350323,0.199884871,38.38331935,36.73095161,999.9,0,0,9998.809355,0,301.1166129,900.0114516,0.899993161,0.100006723,0,1031.734516,4.99911,10367.64194,8095.980645,48.187,50.437,49.812,50.292,49.879,805.5045161,89.50806452,0,99.0999999,1030.534231,-201.4540171,-1428.030771,10359.86538,15,1565953093,05:58:12,1,-1.433,0.172,398,13,0.07,0.14,-27.42313171,-2.515166551,0.305340418,0,1043.115143,-223.5308806,22.58541266,0,10.63901951,0.759967944,0.076160518,0,0,3,0/3,1.88762,1.89338,1.89133,1.89133,1.88818,1.89102,1.88412,1.89088,5,0,0,0,11111111,oooooooo,off,off,off,off,0,100,100,-1.433,0.172,2,476.914,330.074,37.5503,37.0495,29.9999,36.8976,36.8766,19.8396,44.1073,52.0029,-999.9,427.418,22.9368,99.6016,100.142
45,1565967939,7095.5,20190816 10:05:39,10:05:39,3,B2_R3,1,1565967931,0.009323142,18.86617423,396.8682903,283.2311582,28.64489022,40.13770476,0.331685685,2.274124276,0.306964133,0.193919943,148.6743262,36.55909259,37.17396129,6.364992584,50.34148535,3.442210989,6.837722339,2.922781595,-411.150572,161.8864346,17.08817538,-83.50163579,-0.041836387,0.046965009,3.498444141,37,7,1,0,51380.39704,RECT-775-20190815-08_30_09,0.219230769,2.3512,2.131969231,0.906757924,0.185509279,RECT-820-20190815-12_08_05,964.2651923,1564.34,0.383596154,0.5,758.6715604,18.86617423,145.5117464,1,0.024622862,-0.998497002,-,0,1564.34,0.383596154,-664.3368493,0.38364992,-732.6507238,-,-,-,-,-,-,-,-,899.9840645,758.6715604,0.842983326,0.195966653,6,0.5,0: Broadleaf,1565967931,396.8682903,423.9453548,34.03543871,23.2294129,500.0446129,100.9360645,0.200019516,38.49437742,37.17396129,999.9,0,0,9995.483871,0,185.6295484,899.9840645,0.900002,0.099997832,0,964.9985161,4.99911,10132.86387,8095.75,48.25,50.421,49.875,50.268,49.9756129,805.4883871,89.4983871,0,86.0999999,964.2651923,-177.840034,-351.5723003,10142.68423,15,1565953093,05:58:12,1,-1.433,0.172,398,13,0.07,0.14,-26.30279512,-8.727466202,1.640113504,0,973.7653429,-199.0016125,20.15120271,0,10.77206829,0.656385366,0.070012694,0,0,3,0/3,1.88764,1.89334,1.89133,1.89129,1.88814,1.89102,1.88406,1.89087,5,0,0,0,11111111,oooooooo,off,off,off,off,0,100,100,-1.433,0.172,2,456.493,332.935,37.6384,37.053,30.0001,36.8942,36.8715,19.7748,40.8419,46.9594,-999.9,424.545,23.1823,99.6089,100.15
