SysConst,AvgTime,Oxygen,Chamber,,,,,,,,,,,,,,,,,,,,,,,,,,,,,,,,,,,,,,,,,,,,,,,,,,,,,,,,,,,,,,,,,,,,,,,,,,,,,,,,,,,,,,,,,,,,,,,,,,,,,,,,,,,,,,,,,,,,,,,,,,,,,,,,,,,,,,,,,,,,,,,,,,,,,,,,,,,,
,4,21,6800-01A 6 cm²,,,,,,,,,,,,,,,,,,,,,,,,,,,,,,,,,,,,,,,,,,,,,,,,,,,,,,,,,,,,,,,,,,,,,,,,,,,,,,,,,,,,,,,,,,,,,,,,,,,,,,,,,,,,,,,,,,,,,,,,,,,,,,,,,,,,,,,,,,,,,,,,,,,,,,,,,,,,
Const,CustomBLC,,,,,,,,,,,,,,,,,,,,,,,,,,,,,,,,,,,,,,,,,,,,,,,,,,,,,,,,,,,,,,,,,,,,,,,,,,,,,,,,,,,,,,,,,,,,,,,,,,,,,,,,,,,,,,,,,,,,,,,,,,,,,,,,,,,,,,,,,,,,,,,,,,,,,,,,,,,,,,
,2,,,,,,,,,,,,,,,,,,,,,,,,,,,,,,,,,,,,,,,,,,,,,,,,,,,,,,,,,,,,,,,,,,,,,,,,,,,,,,,,,,,,,,,,,,,,,,,,,,,,,,,,,,,,,,,,,,,,,,,,,,,,,,,,,,,,,,,,,,,,,,,,,,,,,,,,,,,,,,
LTConst,deltaTw,fT1,fT2,fTeb,,,,,,,,,,,,,,,,,,,,,,,,,,,,,,,,,,,,,,,,,,,,,,,,,,,,,,,,,,,,,,,,,,,,,,,,,,,,,,,,,,,,,,,,,,,,,,,,,,,,,,,,,,,,,,,,,,,,,,,,,,,,,,,,,,,,,,,,,,,,,,,,,,,,,,,,,,,
,0,1,0,0,,,,,,,,,,,,,,,,,,,,,,,,,,,,,,,,,,,,,,,,,,,,,,,,,,,,,,,,,,,,,,,,,,,,,,,,,,,,,,,,,,,,,,,,,,,,,,,,,,,,,,,,,,,,,,,,,,,,,,,,,,,,,,,,,,,,,,,,,,,,,,,,,,,,,,,,,,,
LQConst,Leaf,Ambient,abs_ambient,abs_redLED,abs_greenLED,abs_blueLED,abs_whiteLED,abs_redFlr,abs_blueFlr,k_ambient,k_redLED,k_greenLED,k_blueLED,k_whiteLED,k_redFlr,k_blueFlr,,,,,,,,,,,,,,,,,,,,,,,,,,,,,,,,,,,,,,,,,,,,,,,,,,,,,,,,,,,,,,,,,,,,,,,,,,,,,,,,,,,,,,,,,,,,,,,,,,,,,,,,,,,,,,,,,,,,,,,,,,,,,,,,,,,,,,,,,,,,,,,
,standard,Sun+Sky,0.49,0.84,0.7,0.87,0.75,0.84,0.87,0.39,0.18,0.23,0.26,0.21,0.19,0.25,,,,,,,,,,,,,,,,,,,,,,,,,,,,,,,,,,,,,,,,,,,,,,,,,,,,,,,,,,,,,,,,,,,,,,,,,,,,,,,,,,,,,,,,,,,,,,,,,,,,,,,,,,,,,,,,,,,,,,,,,,,,,,,,,,,,,,,,,,,,,,,
QConst,fQ_Amb_in,fQ_Amb_out,fQ_HeadLS,fQ_ConsoleLS,fQ_Flr,,,,,,,,,,,,,,,,,,,,,,,,,,,,,,,,,,,,,,,,,,,,,,,,,,,,,,,,,,,,,,,,,,,,,,,,,,,,,,,,,,,,,,,,,,,,,,,,,,,,,,,,,,,,,,,,,,,,,,,,,,,,,,,,,,,,,,,,,,,,,,,,,,,,,,,,,,
,0,0,0,0,1,,,,,,,,,,,,,,,,,,,,,,,,,,,,,,,,,,,,,,,,,,,,,,,,,,,,,,,,,,,,,,,,,,,,,,,,,,,,,,,,,,,,,,,,,,,,,,,,,,,,,,,,,,,,,,,,,,,,,,,,,,,,,,,,,,,,,,,,,,,,,,,,,,,,,,,,,,
LeakConst,fan_a,fan_b,fan_c,fan_d,Fs_meas,Fs_true,leak_wt,,,,,,,,,,,,,,,,,,,,,,,,,,,,,,,,,,,,,,,,,,,,,,,,,,,,,,,,,,,,,,,,,,,,,,,,,,,,,,,,,,,,,,,,,,,,,,,,,,,,,,,,,,,,,,,,,,,,,,,,,,,,,,,,,,,,,,,,,,,,,,,,,,,,,,,,
,-6276,6.6,0.00001709,3.11,2.58333 77.0244 385.392 628.419 881.666 1078.49 1269.1 1439.7,-0.0442461 99.3535 402.83 601.275 800.324 1000.56 1200.23 1401.09,0,,,,,,,,,,,,,,,,,,,,,,,,,,,,,,,,,,,,,,,,,,,,,,,,,,,,,,,,,,,,,,,,,,,,,,,,,,,,,,,,,,,,,,,,,,,,,,,,,,,,,,,,,,,,,,,,,,,,,,,,,,,,,,,,,,,,,,,,,,,,,,,,,,,,,,,,
Sys,Sys,Sys,Sys,Sys,UserDefVar,UserDefVar,UserDefVar,GasEx,GasEx,GasEx,GasEx,GasEx,GasEx,GasEx,GasEx,GasEx,GasEx,GasEx,GasEx,GasEx,GasEx,GasEx,GasEx,GasEx,GasEx,GasEx,GasEx,GasEx,GasEx,GasEx,GasEx,GasEx,GasEx,Leak,Leak,Leak,Leak,Leak,FLR,FLR,FLR,FLR,FLR,FLR,FLR,FLR,FLR,FLR,FLR,FLR,FLR,FLR,FLR,FLR,FLR,FLR,FLR,FLR,FLR,FLR,FLR,FLR,MPF,MPF,MPF,MPF,MPF,MPF,MPF,MPF,LeafQ,LeafQ,LeafQ,LeafQ,Const,Const,Const,Meas,Meas,Meas,Meas,Meas,Meas,Meas,Meas,Meas,Meas,Meas,Meas,Meas,Meas,Meas,Meas,FlrLS,FlrLS,FlrLS,FlrLS,FlrLS,FlrLS,FlrLS,FlrLS,FlrLS,FlrLS,FlrLS,FlrLS,FlrLS,FlrLS,FlrLS,FlrLS,FlrLS,FlrStats,FlrStats,FlrStats,FlrStats,FlrStats,Match,Match,Match,Match,Match,Match,Match,Match,Match,Stability,Stability,Stability,Stability,Stability,Stability,Stability,Stability,Stability,Stability,Stability,Stability,Stability,Stability,Stability,Status,Status,Status,Status,Status,Status,Status,Status,Status,Status,Status,Status,Status,Status,Status,Status,Status,Status,Status,Status
obs,time,elapsed,date,hhmmss,BH_Leaf,BH_Vine,BH_Block,TIME,E,A,Ca,Ci,Pci,Pca,gsw,gbw,gtw,gtc,Rabs,TleafEB,TleafCnd,SVPleaf,RHcham,VPcham,SVPcham,VPDleaf,LatHFlux,SenHFlux,NetTherm,EBSum,blfa_1,blfa_2,blfa_3,Leak,LeakPct,CorrFact,CorrFactPct,Fan,DarkAdaptedID,Fo,Fm,Fv,Fv/Fm,Adark,LightAdaptedID,Fs,Fm',PhiPS2,PS2/1,Qabs_fs,Afs,ETR,Fv'/Fm',PhiCO2,NPQ,DarkPulseID,Fo',Fv',qP,qN,qP_Fo,qN_Fo,ID,P1_dur,P2_dur,P3_dur,P1_Qmax,P1_Fmax,P2_dQdt,P3_ΔF,Qin,Qabs,alpha,convert,S,K,Geometry,TIME,CO2_s,CO2_r,H2O_s,H2O_r,Flow,Pa,ΔPcham,Tair,Tleaf,Tleaf2,Offset,Offset2,Fan_speed,Qamb_in,Qamb_out,Q,f_red,f_blue,f_farred,F,Q_modavg,F_dc,Pc,Tled,TDigital,TPreamp,TPwrSpy,TDrive,Q_red,Q_blue,Q_farred,TSPF,F_avg,dF/dt,dF_dc/dt,F_dc_avg,period,time,hhmmss,count,co2_adj,h2o_adj,co2_at,h2o_at,co2_cv,h2o_cv,ΔCO2:MN,ΔCO2:SLP,ΔCO2:SD,ΔCO2:OK,F:MN,F:SLP,F:SD,F:OK,ΔH2O:MN,ΔH2O:SLP,ΔH2O:SD,ΔH2O:OK,Stable,Total,State,MatchValveR,MatchValveS,MatchCO2,MatchH2O,DIAG,Flow_s,Flow_r,Txchg,Tirga,Tchopper,Ts,Tr,CO2_%,Desiccant_%,Humidifier_%,Txchg_sp,CO2_r_sp,H2O_r_sp,SS_s,SS_r
,s,s,,,,,,s,mol m⁻² s⁻¹,µmol m⁻² s⁻¹,µmol mol⁻¹,µmol mol⁻¹,Pa,Pa,mol m⁻² s⁻¹,mol m⁻² s⁻¹,mol m⁻² s⁻¹,mol m⁻² s⁻¹,W m⁻²,°C,°C,kPa,%,kPa,kPa,kPa,W m⁻²,W m⁻²,W m⁻²,W m⁻²,,,,µmol s⁻¹,%,,%,µmol s⁻¹,,,,,,µmol m⁻² s⁻¹,,,,,,µmol m⁻² s⁻¹,µmol m⁻² s⁻¹,µmol m⁻² s⁻¹,,µmol µmol⁻¹,,,,,,,,,,ms,ms,ms,µmol m⁻² s⁻¹,,mol m⁻² s⁻²,,µmol m⁻² s⁻¹,µmol m⁻² s⁻¹,,J/µmol,cm²,,,s,µmol mol⁻¹,µmol mol⁻¹,mmol mol⁻¹,mmol mol⁻¹,µmol s⁻¹,kPa,kPa,°C,°C,°C,°C,°C,rpm,µmol m⁻² s⁻¹,µmol m⁻² s⁻¹,µmol m⁻² s⁻¹,,,,,µmol m⁻² s⁻¹,,,°C,°C,°C,°C,°C,µmol m⁻² s⁻¹,µmol m⁻² s⁻¹,µmol m⁻² s⁻¹,s,,min⁻¹,min⁻¹,,s,secs,,,µmol/mol,mmol/mol,µmol/mol,mmol/mol,%,%,µmol mol⁻¹,µmol mol⁻¹ min⁻¹,µmol mol⁻¹,,, min⁻¹,,,mmol mol⁻¹,mmol mol⁻¹ min⁻¹,mmol mol⁻¹,,,,,%,%,µmol/mol,mmol/mol,,µmol s⁻¹,µmol s⁻¹,°C,°C,°C,°C,°C,%,%,%,°C,µmol mol⁻¹,mmol mol⁻¹,%,%
1,1564077029,0,20190725 10:50:29,12:50:29,1,6,B1_R2,1564077021,0.014367365,20.67143451,396.751129,310.2104884,31.31386279,40.04961431,0.528285293,2.272969631,0.468373858,0.29754832,330.4288431,39.3009235,39.47339032,7.207609262,53.31381801,4.287460807,8.041931654,2.920148455,-633.6007896,252.1358387,27.31986299,-23.71624486,-0.041805004,0.046929779,3.496371087,0,0,1,0,50846.21248,0,792.1661538,4023.65,3231.483846,0.8031225,0.495463736,MPF-2557-20190725-10_50_30,927.5811923,1338.45,0.306973595,0.5,1685.987275,20.67143451,258.7767872,1,0.011966858,2.006201203,-,0,1338.45,0.306973595,0.667354268,0.752115975,0.830949535,2557,300,300,300,10552.9,1203.93,-0.00707121,-14.7139,2000.002258,1685.987275,0.842992686,0.195985372,6,0.5,0: Broadleaf,1564077021,396.751129,428.3969355,42.47369032,25.96525806,500.0037419,100.8617742,0.082146013,41.53096452,39.47339032,999.9,0,0,9995.342581,0,0.00191117,2000.002258,0.899993968,0.100005926,0,927.8986129,4.99961,18481.43871,16487.5129,50.30216129,52.07216129,50.60467742,51.60874194,52.155,1795.489677,199.5125806,0,1564077030,927.5811923,-84.11900854,-1574.14359,18475.18077,15,0,--:--:--,0,2.702,0.22,0,0,0,0,-31.87297317,3.959262021,0.418614334,0,918.552,0,0,0,16.55289024,-0.837367944,0.084740363,0,0,3,0/3,0,0,0,0,2,504.583,452.248,40.7409,42.7512,29.9981,42.2682,42.128,20.2789,46.0787,54.1857,-999.9,429.611,24.8483,99.1988,98.0293
2,1564077235,206,20190725 10:53:55,12:53:55,2,6,B1_R2,1564077227,0.013054428,19.34967015,398.371129,309.509154,31.24373637,40.21400457,0.474081746,2.273961707,0.425245858,0.269745933,330.4219063,40.1022737,39.44337742,7.196017312,52.0970691,4.273163241,8.202310255,2.92285407,-575.7002867,301.794752,32.74032877,89.25670041,-0.041831967,0.046960048,3.498152239,0,0,1,0,50817.24688,0,792.1661538,4023.65,3231.483846,0.8031225,0.495463736,MPF-2559-20190725-10_53_56,1170.131538,1457.4,0.197110238,0.5,1685.95533,19.34967015,166.1595286,1,0.0111831,1.760841224,-,0,1457.4,0.197110238,0.637791557,0.431830796,0.79413982,2559,300,300,300,10515.2,1402.84,-0.00704511,17.1792,1999.964839,1685.95533,0.842992485,0.195984971,6,0.5,0: Broadleaf,1564077227,398.371129,427.8310645,42.33114516,27.32910323,500.0047097,100.8632258,0.082855974,41.90512258,39.44337742,999.9,0,0,10001.64548,0,0.00191117,1999.964839,0.900000065,0.099999865,0,1172.763871,4.99961,23843.0129,16487.24194,51.61687097,52.812,51.85874194,52.155,53.397,1795.469355,199.4954839,0,115.2,1170.131538,-441.2970939,-8845.261537,23789.37308,15,0,--:--:--,0,2.702,0.22,0,0,0,0,-29.75188537,5.352687805,0.560878703,0,1123.84,0,0,0,15.01146829,-0.351102439,0.051710623,0,0,3,0/3,0,0,0,0,2,508.248,456.909,41.1724,42.2511,29.9989,42.0774,41.9967,20.3811,45.9844,63.0452,-999.9,428.255,26.7937,99.3312,98.1761
3,1564077290,261,20190725 10:54:50,12:54:50,3,6,B1_R2,1564077282,0.010775035,24.28896866,397.9629355,265.144924,26.76691608,40.17516285,0.360839563,2.272723285,0.331768668,0.209771803,330.4257184,40.6483266,39.45159355,7.199189037,50.54503808,4.104065384,8.119620718,3.095123654,-475.1790284,277.0846646,30.04951129,162.3808659,-0.04179831,0.046922265,3.495928852,0,0,1,0,50809.11976,0,792.1661538,4023.65,3231.483846,0.8031225,0.495463736,MPF-2560-20190725-10_54_51,1189.988846,1735.82,0.314451472,0.5,1685.974896,24.28896866,265.0786438,1,0.014112609,1.318011084,-,0,1735.82,0.314451472,0.568595678,0.578423069,0.707981258,2560,300,300,300,10605.2,1595.98,-0.00710788,-4.5625,1999.988065,1685.974896,0.842992479,0.195984958,6,0.5,0: Broadleaf,1564077282,397.9629355,432.2550323,40.65362258,28.24935806,500.005,100.8678387,0.084182861,41.71300968,39.45159355,999.9,0,0,9993.14129,0,0.00191117,1999.988065,0.900001387,0.0999983,0,1191.506452,4.99961,23693.46452,16487.4129,51.762,52.937,52.026,52.20732258,53.562,1795.49129,199.4974194,0,54,1189.988846,-378.5104273,-7401.921367,23663.40769,15,0,--:--:--,0,2.702,0.22,0,0,0,0,-33.06285122,-12.96626551,2.647858394,0,1148.03,0,0,0,11.70555463,13.34803045,1.346322989,0,0,3,0/3,0,0,0,0,2,513.059,457.14,41.1083,42.1165,29.9989,41.9899,41.9113,20.6023,41.8437,58.4041,-999.9,430.983,27.1411,99.365,98.2076
4,1564077358,329,20190725 10:55:58,12:55:58,1,3,B1_R2,1564077350,0.003529045,11.89342912,402.598,151.9367411,15.33731011,40.64040291,0.083598636,2.272713738,0.08192712,0.051351845,330.4254982,43.30648903,41.6468129,8.091295914,48.51211655,4.003526474,8.252632041,4.08776944,-155.630894,45.87433296,5.03478962,225.7037268,-0.04179805,0.046921973,3.495911714,10,2,1,0,50759.02366,0,792.1661538,4023.65,3231.483846,0.8031225,0.495463736,MPF-2561-20190725-10_55_59,902.1249615,1130.6,0.202082999,0.5,1685.972099,11.89342912,170.3531489,1,0.006760471,2.558862551,-,0,1130.6,0.202082999,0.719011345,0.675095121,0.895269832,2561,300,300,300,10510.7,1107.94,-0.00704165,18.886,1999.984516,1685.972099,0.842992576,0.195985152,6,0.5,0: Broadleaf,1564077350,402.598,418.5757742,39.66032903,35.59324839,499.9776129,100.8637419,0.081625181,42.02121613,41.6468129,999.9,0,0,9993.485161,0,0.00191117,1999.984516,0.899997097,0.10000291,0,902.4067097,4.99961,18402.06129,16487.38065,51.937,53.07012903,52.24187097,52.286,53.687,1795.481613,199.5035484,0,67.4000001,902.1249615,-31.30697439,-612.5675218,18396.36923,15,0,--:--:--,0,2.702,0.22,0,0,0,0,-16.63081707,17.6690885,2.223999855,0,899.287,0,0,0,3.280952088,14.14141921,1.450870188,0,0,3,0/3,0,0,0,0,2,492.144,467.052,41.0883,41.9625,29.999,41.8745,41.8077,20.4006,21.9644,58.4838,-999.9,416.006,35.4038,99.3968,98.2487
5,1564077425,395.5,20190725 10:57:04,12:57:04,2,3,B1_R2,1564077417,0.003122165,10.10394165,401.3137419,158.0831734,15.95843837,40.51247506,0.073315966,2.273060055,0.072027132,0.045130867,330.4233892,43.59026582,42.07147742,8.274501021,50.10571034,4.168310004,8.319031853,4.106191017,-137.6874785,12.49842588,1.375288319,206.609625,-0.041807461,0.046932537,3.496533419,1,0,1,0,50745.55017,0,792.1661538,4023.65,3231.483846,0.8031225,0.495463736,MPF-2562-20190725-10_57_06,1339.831154,1487.13,0.099049072,0.5,1685.96367,10.10394165,83.49656832,1,0.005699101,1.705647791,-,0,1487.13,0.099049072,0.630402744,0.211951812,0.784939712,2562,300,300,300,10486.6,1487.13,-0.00702488,62.7585,1999.974839,1685.96367,0.84299244,0.195984881,6,0.5,0: Broadleaf,1564077417,401.3137419,414.942129,41.2909871,37.69906452,499.9964839,100.868129,0.081504213,42.17346774,42.07147742,999.9,0,0,9995.300323,0,0.00191117,1999.974839,0.900001903,0.099998139,0,1347.987097,4.99961,27438.51935,16487.31613,52.155,53.20325806,52.437,52.44309677,53.875,1795.481935,199.4935484,0,65.79999995,1339.831154,-882.3702566,-17384.44103,27278.06538,15,0,--:--:--,0,2.702,0.22,0,0,0,0,-13.67445854,4.036808362,0.65894551,0,1246.15,0,0,0,2.828493888,15.21527377,1.562287461,0,0,3,0/3,0,0,0,0,2,503.54,469.397,41.1457,41.8377,29.9994,41.7672,41.7051,20.3698,21.0549,63.069,-999.9,413.771,36.6985,99.4114,98.2686
6,1564077495,466,20190725 10:58:15,12:58:15,3,3,B1_R2,1564077487,0.003917371,11.00331241,400.1726129,178.7590854,18.04516154,40.39615343,0.089344865,2.273160058,0.087438854,0.054817145,330.4234583,43.56459057,42.58672258,8.501596752,50.6458775,4.265032852,8.421283356,4.2365639,-172.7560395,-22.16228861,-2.447251769,133.0578784,-0.041810178,0.046935588,3.49671295,1,0,1,0,50711.27411,0,792.1661538,4023.65,3231.483846,0.8031225,0.495463736,MPF-2563-20190725-10_58_16,1492.503462,1818.96,0.179474281,0.5,1685.962732,11.00331241,151.2934747,1,0.006232551,1.212060738,-,0,1818.96,0.179474281,0.547932847,0.317937763,0.68225314,2563,300,300,300,10499,1800.3,-0.00703404,44.3297,1999.973548,1685.962732,0.842992515,0.195985031,6,0.5,0: Broadleaf,1564077487,400.1726129,415.258871,42.25029355,37.74772258,499.9624194,100.8659355,0.080886284,42.40588065,42.58672258,999.9,0,0,9996.167419,0,0.00191117,1999.973548,0.899999581,0.100000355,0,1500.142581,4.99961,30103.96452,16487.29355,52.411,53.427,52.673,52.673,54.10670968,1795.475484,199.4983871,0,70,1492.503462,-707.1914535,-13863.3983,29954.10769,15,0,--:--:--,0,2.702,0.22,0,0,0,0,-15.68684878,12.99953728,1.43631043,0,1420.64,0,0,0,3.876030488,10.76690697,1.1480244,0,0,3,0/3,0,0,0,0,2,503.205,470.647,41.2599,41.7585,29.9999,41.6874,41.6299,20.3953,22.3513,67.5049,-999.9,414.437,37.3414,99.4344,98.2866
7,1564077568,539,20190725 10:59:28,12:59:28,1,2,B1_R2,1564077560,0.004851051,13.97867104,396.6750968,179.8966891,18.1604205,40.04401968,0.116251505,2.273303072,0.113046995,0.070934927,330.421511,43.38961747,42.61117742,8.512508069,52.59408885,4.458910603,8.477969103,4.053597466,-213.9313373,-9.498664777,-1.049575251,105.9419337,-0.041814065,0.046939951,3.496969703,2,0,1,0,50695.27341,0,792.1661538,4023.65,3231.483846,0.8031225,0.495463736,MPF-2564-20190725-10_59_29,1284.140769,1631.05,0.21269074,0.5,1685.954146,13.97867104,179.2934171,1,0.007997375,1.46690782,-,0,1631.05,0.21269074,0.594634225,0.413536668,0.740402897,2564,300,300,300,10502.1,1577.97,-0.00703631,22.6989,1999.963548,1685.954146,0.842992437,0.195984874,6,0.5,0: Broadleaf,1564077560,396.6750968,415.7600968,44.16986129,38.60530323,499.962129,100.8668065,0.082358261,42.53367419,42.61117742,999.9,0,0,9997.010323,0,0.00191117,1999.963548,0.900002161,0.099997742,0,1286.314839,4.99961,26021.05484,16487.23226,52.72764516,53.72358065,52.99383871,52.99383871,54.419,1795.472581,199.4922581,0,72,1284.140769,-531.5090602,-11276.97779,25975.20769,15,0,--:--:--,0,2.702,0.22,0,0,0,0,-18.65670732,2.451865505,2.343589036,0,1224.74,0,0,0,4.141503415,22.78095291,2.515513714,0,0,3,0/3,0,0,0,0,2,501.458,469.777,41.3995,41.7422,30.0001,41.6546,41.5921,20.4166,28.4999,74.898,-999.9,415.505,36.9455,99.4431,98.2899
8,1564077640,610.5,20190725 11:00:39,13:00:39,2,2,B1_R2,1564077632,0.005107435,9.040131097,400.1591935,247.9522577,25.03011386,40.39499486,0.115131226,2.273696892,0.11198781,0.070267656,330.4178236,43.52804913,42.4172,8.426291036,47.89718473,4.108211716,8.577146527,4.31807932,-225.2378799,41.46786987,4.581894757,151.2297083,-0.041824769,0.046951967,3.497676765,0,0,1,0,50672.09704,0,792.1661538,4023.65,3231.483846,0.8031225,0.495463736,MPF-2565-20190725-11_00_41,1222.098462,1292.26,0.05429367,0.5,1685.933184,9.040131097,45.76775028,1,0.005068212,2.113653599,-,0,1292.26,0.05429367,0.678833895,0.140296744,0.845243278,2565,300,300,300,10471.8,1292.26,-0.00701473,42.5513,1999.938387,1685.933184,0.842992562,0.195985124,6,0.5,0: Broadleaf,1564077632,400.1591935,413.46,40.69659355,34.81705161,499.9960645,100.8667419,0.080569819,42.75549355,42.4172,999.9,0,0,9999.575806,0,0.00191117,1999.938387,0.899998194,0.100001816,0,1231.562903,4.99961,25385.55806,16486.99677,52.99796774,54.12290323,53.254,53.302,54.687,1795.441613,199.4980645,0,70.69999981,1222.098462,-1021.57812,-20941.97265,25192.27308,15,0,--:--:--,0,2.702,0.22,0,0,0,0,-13.76160488,10.27748571,1.057437544,0,1115.21,0,0,0,5.515450732,6.892296585,0.736713026,0,0,3,0/3,0,0,0,0,2,505.003,466.312,41.561,41.7507,30.0001,41.6309,41.5721,20.2484,32.91,73.2127,-999.9,412.902,33.8299,99.4389,98.291
9,1564077710,680.5,20190725 11:01:49,13:01:49,3,2,B1_R2,1564077702,0.007730926,12.98088522,399.5188065,287.7501409,29.04673238,40.32914048,0.234815706,2.272718565,0.222121967,0.139909499,330.4277661,42.67672445,40.72537097,7.705815438,51.34051473,4.403188759,8.576440618,3.30262668,-340.9338546,248.5519445,27.25471108,265.300567,-0.041798182,0.046922121,3.49592038,10,2,1,0,50641.36679,0,792.1661538,4023.65,3231.483846,0.8031225,0.495463736,MPF-2566-20190725-11_01_51,1093.107308,1629.01,0.328974464,0.5,1685.985485,12.98088522,277.323086,1,0.007405415,1.469997115,-,0,1629.01,0.328974464,0.595141227,0.640385533,0.741034186,2566,300,300,300,10571.7,1439.71,-0.00708518,-24.5779,2000.000645,1685.985485,0.842992471,0.195984941,6,0.5,0: Broadleaf,1564077702,399.5188065,418.8040323,43.61999032,34.74672581,499.9537742,100.8626129,0.081672642,42.75392258,40.72537097,999.9,0,0,9993.628387,0,0.00191117,2000.000645,0.900000774,0.099999032,0,1094.627742,4.99961,21895.53226,16487.51935,53.187,54.399,53.508,53.59451613,54.935,1795.502581,199.4980645,0,69.5,1093.107308,-124.9200001,-2448.652993,21865.59615,15,0,--:--:--,0,2.702,0.22,0,0,0,0,-19.95360244,15.04806481,1.529898601,0,1078.19,0,0,0,8.299305854,11.60477519,1.18776233,0,0,3,0/3,0,0,0,0,2,492.129,464.893,41.6581,41.7507,30,41.6246,41.5585,20.504,31.4448,71.5971,-999.9,418.214,33.4535,99.4448,98.2971
10,1564077937,907.5,20190725 11:05:36,13:05:36,1,5,B2_R1,1564077929,0.011251499,18.60220578,397.4244839,285.2633547,28.79338884,40.11450301,0.342999824,2.273820652,0.31663153,0.200094602,330.4214052,41.24731349,40.95744839,7.801372775,52.46449773,4.431962734,8.447546294,3.369410041,-496.1910997,184.8271968,20.25165129,39.3091536,-0.041828133,0.046955743,3.497898973,0,0,1,0,50722.4115,0,792.1661538,4023.65,3231.483846,0.8031225,0.495463736,MPF-2567-20190725-11_05_38,1345.735385,1592.88,0.155155828,0.5,1685.952141,18.60220578,130.7926502,1,0.010739772,1.526022048,-,0,1592.88,0.155155828,0.604120637,0.308655354,0.752214808,2567,300,300,300,10516.4,1561.07,-0.00704619,33.4246,1999.960968,1685.952141,0.842992522,0.195985044,6,0.5,0: Broadleaf,1564077929,397.4244839,425.1133548,43.90857097,30.9994871,499.9949677,100.8555484,0.080615929,42.46518065,40.95744839,999.9,0,0,10001.49,0,0.00191117,1999.960968,0.899999516,0.10000061,0,1352.802581,4.99961,27560.76452,16487.18387,53.49187097,54.125,53.75,53.437,55.125,1795.465161,199.4977419,0,226.1999998,1345.735385,-936.1729916,-18877.44958,27417.43077,15,0,--:--:--,0,2.702,0.22,0,0,0,0,-27.44559024,-1.92557561,0.597552571,0,1245.92,0,0,0,12.94389024,-0.713667596,0.072146733,0,0,3,0/3,0,0,0,0,2,509.763,461.86,41.5479,41.6321,29.9997,41.4848,41.4183,20.7231,42.9601,91.6725,-999.9,425.501,30.143,99.4551,98.3181
11,1564078013,983.5,20190725 11:06:52,13:06:52,2,5,B2_R1,1564078005,0.009697763,19.1777583,398.6426129,269.0101316,27.15320266,40.23797763,0.293574023,2.273649205,0.274024019,0.172912893,330.4179696,41.70632605,40.56589677,7.640741672,50.77729773,4.279474334,8.427928474,3.361267338,-427.6713558,227.3806857,24.86449815,154.9917977,-0.041823473,0.046950512,3.497591144,0,0,1,0,50724.13783,0,792.1661538,4023.65,3231.483846,0.8031225,0.495463736,MPF-2568-20190725-11_06_54,1367.992308,1763.98,0.224485364,0.5,1685.936185,19.1777583,189.2339991,1,0.011081258,1.281006587,-,0,1763.98,0.224485364,0.561597057,0.407472783,0.699266995,2568,300,300,300,10594.9,1655.25,-0.00710065,-0.942139,1999.942258,1685.936185,0.842992431,0.195984861,6,0.5,0: Broadleaf,1564078005,398.6426129,426.2936774,42.39728065,31.25390968,500.024871,100.8568387,0.080633423,42.4209,40.56589677,999.9,0,0,10000.24774,0,0.00191117,1999.942258,0.900002516,0.099997303,0,1373.76871,4.99961,27824.9871,16487.03548,53.437,54.187,53.75,53.407,55.12093548,1795.453548,199.4896774,0,75.20000005,1367.992308,-790.3384605,-16115.54528,27707.86538,15,0,--:--:--,0,2.702,0.22,0,0,0,0,-29.60206341,39.92257422,4.145283147,0,1279.13,0,0,0,10.73781732,7.75995784,0.818142678,0,0,3,0/3,0,0,0,0,2,505.526,461.781,41.5367,41.5804,29.9998,41.4377,41.3702,20.8129,38.9168,86.4828,-999.9,425.804,30.676,99.4725,98.3339
12,1564078097,1067.9,20190725 11:08:17,13:08:17,3,5,B2_R1,1564078089,0.011451742,18.64281722,400.0980968,292.3367688,29.50816674,40.38548214,0.360875931,2.273015503,0.331802844,0.20979335,330.4243896,40.86565957,40.38050645,7.565691778,51.59167839,4.286446137,8.308406067,3.27924564,-505.0218309,216.7375182,23.65558708,65.79566398,-0.04180625,0.046931178,3.496453437,0,0,1,0,50747.81136,0,792.1661538,4023.65,3231.483846,0.8031225,0.495463736,MPF-2569-20190725-11_08_18,1124.346923,1402.91,0.198560903,0.5,1685.9681,18.64281722,167.3836744,1,0.010763759,1.868074217,-,0,1402.91,0.198560903,0.651333988,0.456104599,0.811002043,2569,300,300,300,10532.5,1367.8,-0.00705698,21.2313,1999.98,1685.9681,0.84299248,0.195984959,6,0.5,0: Broadleaf,1564078089,400.0980968,427.9680645,42.46572903,29.30701613,499.9927742,100.8563871,0.082563794,42.14917419,40.38050645,999.9,0,0,9996.174516,0,0.00191117,1999.98,0.900001097,0.099998845,0,1128.255161,4.99961,22841.85161,16487.36774,53.32216129,54.129,53.659,53.32622581,55.018,1795.484839,199.4967742,0,83.70000005,1124.346923,-514.7931617,-10191.40853,22764.31154,15,0,--:--:--,0,2.702,0.22,0,0,0,0,-28.21991707,6.578460627,0.732446244,0,1069.22,0,0,0,12.80984878,6.491910105,0.689026137,0,0,3,0/3,0,0,0,0,2,509.261,458.555,41.4289,41.521,29.9997,41.386,41.3202,20.8931,40.2312,80.2861,-999.9,427.577,28.4493,99.4768,98.3386
13,1564078272,1242.4,20190725 11:11:11,13:11:11,1,3,B2_R1,1564078264,0.00615436,12.6356185,398.3694839,243.3873344,24.56705178,40.21065337,0.155736234,2.273913411,0.150044071,0.094271629,330.4233911,42.75023723,41.80526452,8.159238651,50.99149918,4.274047765,8.381882931,3.885190885,-271.4072746,62.68721797,6.891285804,128.5946202,-0.041830654,0.046958574,3.498065521,6,1,1,0,50749.27566,0,792.1661538,4023.65,3231.483846,0.8031225,0.495463736,MPF-2570-20190725-11_11_13,1401.232308,2141.15,0.345570227,0.5,1685.963671,12.6356185,291.3094246,1,0.007200721,0.87920043,-,0,2141.15,0.345570227,0.467858785,0.548500039,0.582549717,2570,300,300,300,10490.9,2141.15,-0.00694682,-61.6449,1999.974839,1685.963671,0.842992441,0.195984882,6,0.5,0: Broadleaf,1564078264,398.3694839,416.4721935,42.34326129,35.27155806,500.0575484,100.8570968,0.0809896,42.31661613,41.80526452,999.9,0,0,10001.93935,0,0.00191117,1999.974839,0.900001903,0.099998206,0,1406.367419,4.99961,28718.47419,16487.33226,53.125,53.937,53.4613871,53.10264516,54.812,1795.481613,199.4935484,0,173.7,1401.232308,-674.7309393,-13740.97092,28614.38462,15,0,--:--:--,0,2.702,0.22,0,0,0,0,-18.08414634,0.3916223,0.176366831,1,1333.29,0,0,0,7.116954634,-0.839296098,0.085644318,0,1,3,3-Jan,0,0,0,0,2,496.593,467.432,41.2466,41.355,29.9999,41.2315,41.1712,20.6688,30.9946,98.8793,-999.9,416.677,34.9344,99.4949,98.3629
14,1564078466,1436.4,20190725 11:14:25,13:14:25,2,3,B2_R1,1564078458,0.005831016,13.1870777,396.0065806,241.5033368,24.3761799,39.97099079,0.161044765,2.274327634,0.154967144,0.097381405,330.4155992,42.85503075,41.44249355,8.004409064,52.97825812,4.44061472,8.38195682,3.563794344,-257.1478145,107.1998414,11.76215491,192.229781,-0.041841915,0.046971216,3.498809296,0,0,1,0,50762.30067,0,792.1661538,4023.65,3231.483846,0.8031225,0.495463736,MPF-2571-20190725-11_14_27,1462.141538,1537.71,0.049143507,0.5,1685.922501,13.1870777,41.42607179,1,0.007527994,1.616650734,-,0,1537.71,0.049143507,0.617832068,0.101360184,0.76928746,2571,300,300,300,10536.6,1537.71,-0.00705952,39.3672,1999.925806,1685.922501,0.842992523,0.195985046,6,0.5,0: Broadleaf,1564078458,396.0065806,414.6032258,43.99472258,37.30490968,499.9675484,100.8546452,0.080522952,42.31678387,41.44249355,999.9,0,0,10004.87516,0,0.00191117,1999.925806,0.899999452,0.100000606,0,1477.676129,4.99961,30349.45161,16486.90968,53.11687097,53.94512903,53.437,53.12093548,54.794,1795.432581,199.4941935,0,193.3,1462.141538,-1428.764445,-29168.28036,30032.27692,15,0,--:--:--,0,2.702,0.22,0,0,0,0,-19.28185854,18.43737491,2.29236728,0,1321.67,0,0,0,6.102509024,9.872939164,1.065412528,0,0,3,0/3,0,0,0,0,2,509.947,468.922,41.2355,41.2592,30,41.128,41.0648,20.6308,28.8151,99.62,-999.9,414.173,35.4768,99.5005,98.374
15,1564078535,1505.4,20190725 11:15:34,13:15:34,3,3,B2_R1,1564078527,0.005872139,12.96604104,399.6578387,236.6696023,23.88819946,40.33938483,0.150189594,2.273037752,0.144886281,0.091014806,330.4238689,42.86781461,41.76249355,8.140850316,51.25725328,4.302187372,8.39332406,3.838662945,-258.9613465,71.08540913,7.816895839,150.3648274,-0.041806855,0.046931857,3.49649338,0,0,1,0,50717.36012,0,792.1661538,4023.65,3231.483846,0.8031225,0.495463736,MPF-2572-20190725-11_15_36,1236.530385,1460.15,0.153148386,0.5,1685.966118,12.96604104,129.1014946,1,0.007396695,1.755641544,-,0,1460.15,0.153148386,0.637108098,0.334767999,0.793288818,2572,300,300,300,10476.7,1460.15,-0.00701853,53.5684,1999.977742,1685.966118,0.842992441,0.195984881,6,0.5,0: Broadleaf,1564078527,399.6578387,418.032129,42.62342903,35.87764194,500.0319677,100.854871,0.079931074,42.34257419,41.76249355,999.9,0,0,9996.469355,0,0.00191117,1999.977742,0.900001774,0.099998342,0,1241.235806,4.99961,25378.79355,16487.33226,53.125,54.046,53.44106452,53.183,54.812,1795.484839,199.493871,0,68.19999981,1236.530385,-620.8598292,-12310.14359,25285.15769,15,0,--:--:--,0,2.702,0.22,0,0,0,0,-18.67575366,4.254081533,0.548560016,0,1175.44,0,0,0,6.487177073,4.640397491,0.483520529,0,0,3,0/3,0,0,0,0,2,509.66,467.493,41.2391,41.2509,30,41.1167,41.0555,20.7941,29.0163,99.6193,-999.9,418.118,34.9929,99.4991,98.3724
16,1564078625,1595.9,20190725 11:17:05,13:17:05,1,1,B2_R1,1564078617,0.005445026,13.03056915,396.3428065,213.1853999,21.5173292,40.00385884,0.131861156,2.272634656,0.127753497,0.080204333,330.4247597,43.02968154,42.47636129,8.452505943,52.65657777,4.425057628,8.403617963,4.027448315,-240.1256509,-13.53357386,-1.493710565,75.27182439,-0.041795902,0.046919561,3.495769753,1,0,1,0,50700.79603,0,792.1661538,4023.65,3231.483846,0.8031225,0.495463736,MPF-2573-20190725-11_17_06,1441.872692,1714.51,0.159017625,0.5,1685.96854,13.03056915,134.0493562,1,0.007434958,1.346822124,-,0,1714.51,0.159017625,0.573891864,0.295591833,0.714575752,2573,300,300,300,10581.1,1714.51,-0.00709002,41.0046,1999.980323,1685.96854,0.842992564,0.195985128,6,0.5,0: Broadleaf,1564078617,396.3428065,414.5701935,43.84176452,37.59385806,499.9729032,100.8515806,0.080890416,42.36590323,42.47636129,999.9,0,0,9994.176452,0,0.00191117,1999.980323,0.899997968,0.1000022,0,1445.243226,4.99961,29113.67742,16487.33548,53.20122581,54.125,53.562,53.312,54.875,1795.478065,199.5022581,0,89.79999995,1441.872692,-445.5982906,-8718.051282,29047.28462,15,0,--:--:--,0,2.702,0.22,0,0,0,0,-18.87670488,23.35167805,2.833435495,0,1391.55,0,0,0,5.767319756,8.748010453,0.954838683,0,0,3,0/3,0,0,0,0,2,503.57,468.937,41.2196,41.2135,29.9999,41.0873,41.0264,20.6478,25.412,100,-999.9,413.347,36.1571,99.4921,98.3797
17,1564078695,1665.9,20190725 11:18:15,13:18:15,2,1,B2_R1,1564078687,0.006766023,14.95169841,399.1448387,255.7319049,25.811624,40.28662948,0.199496321,2.273342914,0.190255687,0.119704364,330.4255596,42.6232738,40.74870645,7.715377686,51.58873362,4.340308206,8.413286974,3.37506948,-298.3816309,200.8872738,21.98600332,254.9172058,-0.041815148,0.046941167,3.497041233,0,0,1,0,50719.69725,0,792.1661538,4023.65,3231.483846,0.8031225,0.495463736,MPF-2574-20190725-11_18_16,970.7335385,7817.23,0.87582129,0.5,1685.971888,14.95169841,738.3050369,1,0.008574422,-0.485284429,-,0,7817.23,0.87582129,-0.942820573,0.974581386,-1.173943668,2574,300,300,300,10575.1,1247.8,-0.00758049,-1223.56,1999.984194,1685.971888,0.842992606,0.195985213,6,0.5,0: Broadleaf,1564078687,399.1448387,420.3284516,43.00214839,35.23176129,499.9804839,100.8529355,0.079421826,42.38779355,40.74870645,999.9,0,0,9998.644194,0,0.00191117,1999.984194,0.899996323,0.100003642,0,971.9167097,4.99961,19555.38065,16487.37419,53.312,54.25,53.675,53.389,54.97154839,1795.47871,199.5054839,0,69.19999981,970.7335385,-153.6985983,-3080.410257,19531.65385,15,0,--:--:--,0,2.702,0.22,0,0,0,0,-21.44084634,4.311296864,0.497808857,0,953.486,0,0,0,7.364360976,8.290768223,0.845477758,0,0,3,0/3,0,0,0,0,2,505.252,466.894,41.2634,41.2088,30.0004,41.0816,41.0188,20.8848,29.8589,99.2257,-999.9,420.272,34.0353,99.4892,98.3824
18,1564078799,1769.9,20190725 11:19:59,13:19:59,3,1,B2_R1,1564078791,0.005583652,11.48539769,398.1995806,230.8583087,23.30049529,40.19022537,0.130045724,2.272833077,0.126048885,0.079129421,330.4193029,43.16326861,41.76125484,8.140318299,46.40982395,3.936871497,8.482840834,4.203446802,-246.2390606,95.98838136,10.56640102,190.7350247,-0.041801293,0.046925613,3.496125945,2,0,1,0,50678.31736,0,792.1661538,4023.65,3231.483846,0.8031225,0.495463736,MPF-2575-20190725-11_20_00,1295.915385,1471.36,0.119239761,0.5,1685.942497,11.48539769,100.5156906,1,0.00651857,1.734646857,-,0,1471.36,0.119239761,0.634322071,0.258313023,0.789819823,2575,300,300,300,10507.2,1471.36,-0.00703958,36.2323,1999.949677,1685.942497,0.842992459,0.195984919,6,0.5,0: Broadleaf,1564078791,398.1995806,414.6490968,39.00601613,32.5674,500.0319355,100.85,0.079853584,42.54462258,41.76125484,999.9,0,0,9995.622258,0,0.00191117,1999.949677,0.90000129,0.099998623,0,1304.4,4.99961,26785.54194,16487.1129,53.4756129,54.51,53.81403226,53.639,55.125,1795.457742,199.4922581,0,103.5999999,1295.915385,-779.2793168,-15826.69745,26613.68077,15,0,--:--:--,0,2.702,0.22,0,0,0,0,-16.13522195,-4.596020906,0.624969004,0,1212.89,0,0,0,6.662555366,-4.136677003,0.443566675,0,0,3,0/3,0,0,0,0,2,501.721,464.239,41.3624,41.2888,30.0005,41.1213,41.063,20.6362,32.1443,98.0085,-999.9,414.831,32.7453,99.4915,98.3645
