date,day,year,Time ,round,BH_Block,BH_Vine,BH_Leaf,Leaf_wp_bar,leaf_temp_C,Stem_wp_bar,Leak,wrong_vine,pixel_number
7/25/2019,206,2019,NA,1,B1_R2,1,1,NA,NA,NA,No,No,34
7/25/2019,206,2019,5:17:02,1,B1_R2,2,1,-2.9,NA,NA,No,No,34
7/25/2019,206,2019,5:20:06,1,B1_R2,3,1,-4.2,NA,NA,No,No,34
7/25/2019,206,2019,NA,1,B1_R2,4,1,NA,NA,NA,No,No,34
7/25/2019,206,2019,NA,1,B1_R2,5,1,NA,NA,NA,No,No,34
7/25/2019,206,2019,5:23:42,1,B1_R2,6,1,-2.4,NA,NA,Yes,No,34
7/25/2019,206,2019,5:51:16,1,B1_R3,1,1,-4.6,NA,NA,No,No,55
7/25/2019,206,2019,NA,1,B1_R3,2,1,NA,NA,NA,No,No,55
7/25/2019,206,2019,NA,1,B1_R3,3,1,NA,NA,NA,No,No,55
7/25/2019,206,2019,5:54:35,1,B1_R3,4,1,-4.5,NA,NA,No,No,55
7/25/2019,206,2019,5:58:19,1,B1_R3,5,1,-3.5,NA,NA,No,No,55
7/25/2019,206,2019,NA,1,B1_R3,6,1,NA,NA,NA,No,No,55
7/25/2019,206,2019,NA,1,B1_R4,1,1,NA,NA,NA,No,No,67
7/25/2019,206,2019,5:25:17,1,B1_R4,2,1,-2.1,NA,NA,No,No,67
7/25/2019,206,2019,5:30:47,1,B1_R4,3,1,-2.3,NA,NA,No,No,67
7/25/2019,206,2019,NA,1,B1_R4,4,1,NA,NA,NA,No,No,67
7/25/2019,206,2019,5:36:41,1,B1_R4,5,1,-2.4,NA,NA,No,No,67
7/25/2019,206,2019,NA,1,B1_R4,6,1,NA,NA,NA,No,No,67
7/25/2019,206,2019,10:44:57,1,B2_R1,1,1,-3.3,NA,NA,No,No,23
7/25/2019,206,2019,NA,1,B2_R1,2,1,NA,NA,NA,No,No,23
7/25/2019,206,2019,10:48:52,1,B2_R1,3,1,-1.6,NA,NA,No,No,23
7/25/2019,206,2019,NA,1,B2_R1,4,1,NA,NA,NA,No,No,23
7/25/2019,206,2019,10:51:43,1,B2_R1,5,1,-2.5,NA,NA,No,No,23
7/25/2019,206,2019,NA,1,B2_R1,6,1,NA,NA,NA,No,No,23
7/25/2019,206,2019,NA,1,B2_R2,1,1,NA,NA,NA,No,No,35
7/25/2019,206,2019,5:21:35,1,B2_R2,2,1,-3.9,NA,NA,No,No,35
7/25/2019,206,2019,5:27:13,1,B2_R2,3,1,-2.3,NA,NA,No,No,35
7/25/2019,206,2019,NA,1,B2_R2,4,1,NA,NA,NA,No,No,35
7/25/2019,206,2019,5:31:20,1,B2_R2,5,1,-2.1,NA,NA,No,No,35
7/25/2019,206,2019,NA,1,B2_R2,6,1,NA,NA,NA,No,No,35
7/25/2019,206,2019,NA,1,B2_R3,1,1,NA,NA,NA,No,No,48
7/25/2019,206,2019,5:43:31,1,B2_R3,2,1,-3.2,NA,NA,No,No,48
7/25/2019,206,2019,NA,1,B2_R3,3,1,NA,NA,NA,No,No,48
7/25/2019,206,2019,5:47:05,1,B2_R3,4,1,-2.2,NA,NA,No,No,48
7/25/2019,206,2019,5:49:58,1,B2_R3,5,1,-2.9,NA,NA,No,No,48
7/25/2019,206,2019,NA,1,B2_R3,6,1,NA,NA,NA,No,No,48
7/25/2019,206,2019,5:56:22,1,B3_R1,1,1,-3.2,NA,NA,No,No,27
7/25/2019,206,2019,NA,1,B3_R1,2,1,NA,NA,NA,No,No,27
7/25/2019,206,2019,5:58:58,1,B3_R1,3,1,-2.3,NA,NA,No,No,27
7/25/2019,206,2019,NA,1,B3_R1,4,1,NA,NA,NA,No,No,27
7/25/2019,206,2019,NA,1,B3_R1,5,1,NA,NA,NA,No,No,27
7/25/2019,206,2019,6:02:41,1,B3_R1,6,1,-3.6,NA,NA,No,No,27
7/25/2019,206,2019,NA,1,B3_R2,1,1,NA,NA,NA,No,No,45
7/25/2019,206,2019,5:38:04,1,B3_R2,2,1,-4.1,NA,NA,No,No,45
7/25/2019,206,2019,5:41:33,1,B3_R2,3,1,-2.1,NA,NA,No,No,45
7/25/2019,206,2019,NA,1,B3_R2,4,1,NA,NA,NA,No,No,45
7/25/2019,206,2019,5:44:43,1,B3_R2,5,1,-2.7,NA,NA,No,No,45
7/25/2019,206,2019,NA,1,B3_R2,6,1,NA,NA,NA,No,No,45
7/25/2019,206,2019,NA,1,B3_R3,1,1,NA,NA,NA,No,No,54
7/25/2019,206,2019,5:31:04,1,B3_R3,2,1,-3,NA,NA,No,No,54
7/25/2019,206,2019,NA,1,B3_R3,3,1,NA,NA,NA,No,No,54
7/25/2019,206,2019,5:35:05,1,B3_R3,4,1,-2.9,NA,NA,No,No,54
7/25/2019,206,2019,NA,1,B3_R3,5,1,NA,NA,NA,No,No,54
7/25/2019,206,2019,5:38:24,1,B3_R3,6,1,-2.5,NA,NA,No,No,54
7/25/2019,206,2019,NA,2,B1_R2,1,1,NA,NA,NA,No,No,34
7/25/2019,206,2019,8:00,2,B1_R2,2,1,-6.2,28.8,NA,No,No,34
7/25/2019,206,2019,8:00,2,B1_R2,3,1,-5.1,27.6,NA,No,No,34
7/25/2019,206,2019,NA,2,B1_R2,4,1,NA,NA,NA,No,No,34
7/25/2019,206,2019,NA,2,B1_R2,5,1,NA,NA,NA,No,No,34
7/25/2019,206,2019,8:00,2,B1_R2,6,1,-3.9,24.6,NA,Yes,No,34
7/25/2019,206,2019,8:00,2,B1_R3,1,1,-7,24.1,NA,No,No,55
7/25/2019,206,2019,NA,2,B1_R3,2,1,NA,NA,NA,No,No,55
7/25/2019,206,2019,NA,2,B1_R3,3,1,NA,NA,NA,No,No,55
7/25/2019,206,2019,8:00,2,B1_R3,4,1,-8,25.1,NA,No,No,55
7/25/2019,206,2019,8:00,2,B1_R3,5,1,-7.4,26.7,NA,No,No,55
7/25/2019,206,2019,NA,2,B1_R3,6,1,NA,NA,NA,No,No,55
7/25/2019,206,2019,NA,2,B1_R4,1,1,NA,NA,NA,No,No,67
7/25/2019,206,2019,8:00,2,B1_R4,2,1,-7.1,26.6,NA,No,No,67
7/25/2019,206,2019,8:00,2,B1_R4,3,1,-7.5,27.5,NA,No,No,67
7/25/2019,206,2019,NA,2,B1_R4,4,1,NA,NA,NA,No,No,67
7/25/2019,206,2019,8:00,2,B1_R4,5,1,-8,26.2,NA,No,No,67
7/25/2019,206,2019,NA,2,B1_R4,6,1,NA,NA,NA,No,No,67
7/25/2019,206,2019,8:00,2,B2_R1,1,1,-6.4,28.4,NA,No,No,23
7/25/2019,206,2019,NA,2,B2_R1,2,1,NA,NA,NA,No,No,23
7/25/2019,206,2019,8:00,2,B2_R1,3,1,-6.1,26.8,NA,No,No,23
7/25/2019,206,2019,NA,2,B2_R1,4,1,NA,NA,NA,No,No,23
7/25/2019,206,2019,8:00,2,B2_R1,5,1,-6,25.5,NA,No,No,23
7/25/2019,206,2019,NA,2,B2_R1,6,1,NA,NA,NA,No,No,23
7/25/2019,206,2019,NA,2,B2_R2,1,1,NA,NA,NA,No,No,35
7/25/2019,206,2019,8:00,2,B2_R2,2,1,-8.2,27,NA,No,No,35
7/25/2019,206,2019,8:00,2,B2_R2,3,1,-7.5,26.6,NA,No,No,35
7/25/2019,206,2019,NA,2,B2_R2,4,1,NA,NA,NA,No,No,35
7/25/2019,206,2019,8:00,2,B2_R2,5,1,-8.1,25.4,NA,No,No,35
7/25/2019,206,2019,NA,2,B2_R2,6,1,NA,NA,NA,No,No,35
7/25/2019,206,2019,NA,2,B2_R3,1,1,NA,NA,NA,No,No,48
7/25/2019,206,2019,8:00,2,B2_R3,2,1,-6.6,24.9,NA,No,No,48
7/25/2019,206,2019,NA,2,B2_R3,3,1,NA,NA,NA,No,No,48
7/25/2019,206,2019,8:00,2,B2_R3,4,1,-5.5,25,NA,No,No,48
7/25/2019,206,2019,8:00,2,B2_R3,5,1,-6,27.7,NA,No,No,48
7/25/2019,206,2019,NA,2,B2_R3,6,1,NA,NA,NA,No,No,48
7/25/2019,206,2019,8:00,2,B3_R1,1,1,-6,27.5,NA,No,No,27
7/25/2019,206,2019,NA,2,B3_R1,2,1,NA,NA,NA,No,No,27
7/25/2019,206,2019,8:00,2,B3_R1,3,1,-6.9,25.9,NA,No,No,27
7/25/2019,206,2019,NA,2,B3_R1,4,1,NA,NA,NA,No,No,27
7/25/2019,206,2019,NA,2,B3_R1,5,1,NA,NA,NA,No,No,27
7/25/2019,206,2019,8:00,2,B3_R1,6,1,-6.2,26.7,NA,No,No,27
7/25/2019,206,2019,NA,2,B3_R2,1,1,NA,NA,NA,No,No,45
7/25/2019,206,2019,8:00,2,B3_R2,2,1,-6.4,23.4,NA,No,No,45
7/25/2019,206,2019,8:00,2,B3_R2,3,1,-6.8,26.2,NA,No,No,45
7/25/2019,206,2019,NA,2,B3_R2,4,1,NA,NA,NA,No,No,45
7/25/2019,206,2019,8:00,2,B3_R2,5,1,-4,27.8,NA,No,No,45
7/25/2019,206,2019,NA,2,B3_R2,6,1,NA,NA,NA,No,No,45
7/25/2019,206,2019,NA,2,B3_R3,1,1,NA,NA,NA,No,No,54
7/25/2019,206,2019,8:00,2,B3_R3,2,1,-6.1,24.2,NA,No,No,54
7/25/2019,206,2019,NA,2,B3_R3,3,1,NA,NA,NA,No,No,54
7/25/2019,206,2019,8:00,2,B3_R3,4,1,-6.3,26.5,NA,No,No,54
7/25/2019,206,2019,NA,2,B3_R3,5,1,NA,NA,NA,No,No,54
7/25/2019,206,2019,8:00,2,B3_R3,6,1,-4.7,25.9,NA,No,No,54
7/25/2019,206,2019,NA,3,B1_R2,1,1,NA,NA,NA,No,No,34
7/25/2019,206,2019,10:00,3,B1_R2,2,1,-13.6,28.8,NA,No,No,34
7/25/2019,206,2019,10:00,3,B1_R2,3,1,-13.5,30.8,NA,No,No,34
7/25/2019,206,2019,NA,3,B1_R2,4,1,NA,NA,NA,No,No,34
7/25/2019,206,2019,NA,3,B1_R2,5,1,NA,NA,NA,No,No,34
7/25/2019,206,2019,10:00,3,B1_R2,6,1,-9.9,27.8,NA,Yes,No,34
7/25/2019,206,2019,10:00,3,B1_R3,1,1,-13.5,30,NA,No,No,55
7/25/2019,206,2019,NA,3,B1_R3,2,1,NA,NA,NA,No,No,55
7/25/2019,206,2019,NA,3,B1_R3,3,1,NA,NA,NA,No,No,55
7/25/2019,206,2019,10:00,3,B1_R3,4,1,-13.8,34.5,NA,No,No,55
7/25/2019,206,2019,10:00,3,B1_R3,5,1,-13.4,34.1,NA,No,No,55
7/25/2019,206,2019,NA,3,B1_R3,6,1,NA,NA,NA,No,No,55
7/25/2019,206,2019,NA,3,B1_R4,1,1,NA,NA,NA,No,No,67
7/25/2019,206,2019,10:00,3,B1_R4,2,1,-13.4,30.4,NA,No,No,67
7/25/2019,206,2019,10:00,3,B1_R4,3,1,-14,31.2,NA,No,No,67
7/25/2019,206,2019,NA,3,B1_R4,4,1,NA,NA,NA,No,No,67
7/25/2019,206,2019,10:00,3,B1_R4,5,1,-7.1,29.6,NA,No,No,67
7/25/2019,206,2019,NA,3,B1_R4,6,1,NA,NA,NA,No,No,67
7/25/2019,206,2019,10:00,3,B2_R1,1,1,-11.1,30.2,NA,No,No,23
7/25/2019,206,2019,NA,3,B2_R1,2,1,NA,NA,NA,No,No,23
7/25/2019,206,2019,10:00,3,B2_R1,3,1,-11.3,29.8,NA,No,No,23
7/25/2019,206,2019,NA,3,B2_R1,4,1,NA,NA,NA,No,No,23
7/25/2019,206,2019,10:00,3,B2_R1,5,1,-9.8,30,NA,No,No,23
7/25/2019,206,2019,NA,3,B2_R1,6,1,NA,NA,NA,No,No,23
7/25/2019,206,2019,NA,3,B2_R2,1,1,NA,NA,NA,No,No,35
7/25/2019,206,2019,10:00,3,B2_R2,2,1,-11.7,32.8,NA,No,No,35
7/25/2019,206,2019,10:00,3,B2_R2,3,1,-13.1,30.5,NA,No,No,35
7/25/2019,206,2019,NA,3,B2_R2,4,1,NA,NA,NA,No,No,35
7/25/2019,206,2019,10:00,3,B2_R2,5,1,-11.5,30.6,NA,No,No,35
7/25/2019,206,2019,NA,3,B2_R2,6,1,NA,NA,NA,No,No,35
7/25/2019,206,2019,NA,3,B2_R3,1,1,NA,NA,NA,No,No,48
7/25/2019,206,2019,10:00,3,B2_R3,2,1,-14.2,33.4,NA,No,No,48
7/25/2019,206,2019,NA,3,B2_R3,3,1,NA,NA,NA,No,No,48
7/25/2019,206,2019,10:00,3,B2_R3,4,1,-13,30,NA,No,No,48
7/25/2019,206,2019,10:00,3,B2_R3,5,1,-13.3,34.2,NA,No,No,48
7/25/2019,206,2019,NA,3,B2_R3,6,1,NA,NA,NA,No,No,48
7/25/2019,206,2019,10:00,3,B3_R1,1,1,-15.6,31.9,NA,No,No,27
7/25/2019,206,2019,NA,3,B3_R1,2,1,NA,NA,NA,No,No,27
7/25/2019,206,2019,10:00,3,B3_R1,3,1,-15,30.4,NA,No,No,27
7/25/2019,206,2019,NA,3,B3_R1,4,1,NA,NA,NA,No,No,27
7/25/2019,206,2019,NA,3,B3_R1,5,1,NA,NA,NA,No,No,27
7/25/2019,206,2019,10:00,3,B3_R1,6,1,-14.9,32.6,NA,No,No,27
7/25/2019,206,2019,NA,3,B3_R2,1,1,NA,NA,NA,No,No,45
7/25/2019,206,2019,10:00,3,B3_R2,2,1,-11.9,31.3,NA,No,No,45
7/25/2019,206,2019,10:00,3,B3_R2,3,1,-9.8,28.4,NA,No,No,45
7/25/2019,206,2019,NA,3,B3_R2,4,1,NA,NA,NA,No,No,45
7/25/2019,206,2019,10:00,3,B3_R2,5,1,-9.9,29.3,NA,No,No,45
7/25/2019,206,2019,NA,3,B3_R2,6,1,NA,NA,NA,No,No,45
7/25/2019,206,2019,NA,3,B3_R3,1,1,NA,NA,NA,No,No,54
7/25/2019,206,2019,10:00,3,B3_R3,2,1,-13.9,32.8,NA,No,No,54
7/25/2019,206,2019,NA,3,B3_R3,3,1,NA,NA,NA,No,No,54
7/25/2019,206,2019,10:00,3,B3_R3,4,1,-13,31,NA,No,No,54
7/25/2019,206,2019,NA,3,B3_R3,5,1,NA,NA,NA,No,No,54
7/25/2019,206,2019,10:00,3,B3_R3,6,1,-10.8,30.6,NA,No,No,54
7/25/2019,206,2019,NA,4,B1_R2,1,1,NA,NA,NA,No,No,34
7/25/2019,206,2019,12:00,4,B1_R2,2,1,-16.4,35.2,-10.1,No,No,34
7/25/2019,206,2019,12:00,4,B1_R2,3,1,-14.5,36.6,-9.9,No,No,34
7/25/2019,206,2019,NA,4,B1_R2,4,1,NA,NA,NA,No,No,34
7/25/2019,206,2019,NA,4,B1_R2,5,1,NA,NA,NA,No,No,34
7/25/2019,206,2019,12:00,4,B1_R2,6,1,-14.5,34.6,-7.8,Yes,No,34
7/25/2019,206,2019,12:00,4,B1_R3,1,1,-15.3,37,-14.2,No,No,55
7/25/2019,206,2019,NA,4,B1_R3,2,1,NA,NA,NA,No,No,55
7/25/2019,206,2019,NA,4,B1_R3,3,1,NA,NA,NA,No,No,55
7/25/2019,206,2019,12:00,4,B1_R3,4,1,-15.4,41,-13.8,No,No,55
7/25/2019,206,2019,12:00,4,B1_R3,5,1,-14.9,40,NA,No,No,55
7/25/2019,206,2019,NA,4,B1_R3,6,1,NA,NA,NA,No,No,55
7/25/2019,206,2019,NA,4,B1_R4,1,1,NA,NA,NA,No,No,67
7/25/2019,206,2019,12:00,4,B1_R4,2,1,-15.2,38.2,-10.2,No,No,67
7/25/2019,206,2019,12:00,4,B1_R4,3,1,-14.2,37.6,-11.2,No,No,67
7/25/2019,206,2019,NA,4,B1_R4,4,1,NA,NA,NA,No,No,67
7/25/2019,206,2019,12:00,4,B1_R4,5,1,-14.8,38.2,-11.5,No,No,67
7/25/2019,206,2019,NA,4,B1_R4,6,1,NA,NA,NA,No,No,67
7/25/2019,206,2019,12:00,4,B2_R1,1,1,-7.5,41.4,-9.5,No,No,23
7/25/2019,206,2019,NA,4,B2_R1,2,1,NA,NA,NA,No,No,23
7/25/2019,206,2019,12:00,4,B2_R1,3,1,-10.2,35.6,-9.9,No,No,23
7/25/2019,206,2019,NA,4,B2_R1,4,1,NA,NA,NA,No,No,23
7/25/2019,206,2019,12:00,4,B2_R1,5,1,-15.8,33.4,-6.5,No,No,23
7/25/2019,206,2019,NA,4,B2_R1,6,1,NA,NA,NA,No,No,23
7/25/2019,206,2019,NA,4,B2_R2,1,1,NA,NA,NA,No,No,35
7/25/2019,206,2019,12:00,4,B2_R2,2,1,-14.5,32.5,-9.6,No,No,35
7/25/2019,206,2019,12:00,4,B2_R2,3,1,-15.2,33.5,-9,No,No,35
7/25/2019,206,2019,NA,4,B2_R2,4,1,NA,NA,NA,No,No,35
7/25/2019,206,2019,12:00,4,B2_R2,5,1,-13.9,35.8,-10.6,No,No,35
7/25/2019,206,2019,NA,4,B2_R2,6,1,NA,NA,NA,No,No,35
7/25/2019,206,2019,NA,4,B2_R3,1,1,NA,NA,NA,No,No,48
7/25/2019,206,2019,12:00,4,B2_R3,2,1,-15.1,35.3,-10.5,No,No,48
7/25/2019,206,2019,NA,4,B2_R3,3,1,NA,NA,NA,No,No,48
7/25/2019,206,2019,12:00,4,B2_R3,4,1,-15.5,35.5,-11.5,No,No,48
7/25/2019,206,2019,12:00,4,B2_R3,5,1,-15.2,37.7,-10.8,No,No,48
7/25/2019,206,2019,NA,4,B2_R3,6,1,NA,NA,NA,No,No,48
7/25/2019,206,2019,12:00,4,B3_R1,1,1,-14.8,36.4,-10.4,No,No,27
7/25/2019,206,2019,NA,4,B3_R1,2,1,NA,NA,NA,No,No,27
7/25/2019,206,2019,12:00,4,B3_R1,3,1,-14.1,33.1,-9.9,No,No,27
7/25/2019,206,2019,NA,4,B3_R1,4,1,NA,NA,NA,No,No,27
7/25/2019,206,2019,NA,4,B3_R1,5,1,NA,NA,NA,No,No,27
7/25/2019,206,2019,12:00,4,B3_R1,6,1,-15.2,34.6,-10.4,No,No,27
7/25/2019,206,2019,NA,4,B3_R2,1,1,NA,NA,NA,No,No,45
7/25/2019,206,2019,12:00,4,B3_R2,2,1,-15,34,-11.8,No,No,45
7/25/2019,206,2019,12:00,4,B3_R2,3,1,-15,32.8,-10.3,No,No,45
7/25/2019,206,2019,NA,4,B3_R2,4,1,NA,NA,NA,No,No,45
7/25/2019,206,2019,12:00,4,B3_R2,5,1,-15.2,35,-10.1,No,No,45
7/25/2019,206,2019,NA,4,B3_R2,6,1,NA,NA,NA,No,No,45
7/25/2019,206,2019,NA,4,B3_R3,1,1,NA,NA,NA,No,No,54
7/25/2019,206,2019,12:00,4,B3_R3,2,1,-17.9,32.2,-10.8,No,No,54
7/25/2019,206,2019,NA,4,B3_R3,3,1,NA,NA,NA,No,No,54
7/25/2019,206,2019,12:00,4,B3_R3,4,1,-16.1,35.1,-10.1,No,No,54
7/25/2019,206,2019,NA,4,B3_R3,5,1,NA,NA,NA,No,No,54
7/25/2019,206,2019,12:00,4,B3_R3,6,1,-10.1,31.3,-6.9,No,No,54
7/25/2019,206,2019,NA,5,B1_R2,1,1,NA,NA,NA,No,No,34
7/25/2019,206,2019,16:00,5,B1_R2,2,1,-16.5,37.9,NA,No,No,34
7/25/2019,206,2019,16:00,5,B1_R2,3,1,-16,37.2,NA,No,No,34
7/25/2019,206,2019,NA,5,B1_R2,4,1,NA,NA,NA,No,No,34
7/25/2019,206,2019,NA,5,B1_R2,5,1,NA,NA,NA,No,No,34
7/25/2019,206,2019,16:00,5,B1_R2,6,1,-17,32.1,NA,Yes,No,34
7/25/2019,206,2019,16:00,5,B1_R3,1,1,-16,36.3,NA,No,No,55
7/25/2019,206,2019,NA,5,B1_R3,2,1,NA,NA,NA,No,No,55
7/25/2019,206,2019,NA,5,B1_R3,3,1,NA,NA,NA,No,No,55
7/25/2019,206,2019,16:00,5,B1_R3,4,1,-20,35.6,NA,No,No,55
7/25/2019,206,2019,16:00,5,B1_R3,5,1,-18,37.5,NA,No,No,55
7/25/2019,206,2019,NA,5,B1_R3,6,1,NA,NA,NA,No,No,55
7/25/2019,206,2019,NA,5,B1_R4,1,1,NA,NA,NA,No,No,67
7/25/2019,206,2019,16:00,5,B1_R4,2,1,-18,39.3,NA,No,No,67
7/25/2019,206,2019,16:00,5,B1_R4,3,1,-16.5,33.5,NA,No,No,67
7/25/2019,206,2019,NA,5,B1_R4,4,1,NA,NA,NA,No,No,67
7/25/2019,206,2019,16:00,5,B1_R4,5,1,-18.5,39,NA,No,No,67
7/25/2019,206,2019,NA,5,B1_R4,6,1,NA,NA,NA,No,No,67
7/25/2019,206,2019,16:00,5,B2_R1,1,1,-17,38,NA,No,No,23
7/25/2019,206,2019,NA,5,B2_R1,2,1,NA,NA,NA,No,No,23
7/25/2019,206,2019,16:00,5,B2_R1,3,1,-15.5,35,NA,No,No,23
7/25/2019,206,2019,NA,5,B2_R1,4,1,NA,NA,NA,No,No,23
7/25/2019,206,2019,16:00,5,B2_R1,5,1,-17.5,32.4,NA,No,No,23
7/25/2019,206,2019,NA,5,B2_R1,6,1,NA,NA,NA,No,No,23
7/25/2019,206,2019,NA,5,B2_R2,1,1,NA,NA,NA,No,No,35
7/25/2019,206,2019,16:00,5,B2_R2,2,1,-13.5,37.5,NA,No,No,35
7/25/2019,206,2019,16:00,5,B2_R2,3,1,-15.6,33.7,NA,No,No,35
7/25/2019,206,2019,NA,5,B2_R2,4,1,NA,NA,NA,No,No,35
7/25/2019,206,2019,16:00,5,B2_R2,5,1,-16,32.1,NA,No,No,35
7/25/2019,206,2019,NA,5,B2_R2,6,1,NA,NA,NA,No,No,35
7/25/2019,206,2019,NA,5,B2_R3,1,1,NA,NA,NA,No,No,48
7/25/2019,206,2019,16:00,5,B2_R3,2,1,-8.5,35.7,NA,No,No,48
7/25/2019,206,2019,NA,5,B2_R3,3,1,NA,NA,NA,No,No,48
7/25/2019,206,2019,16:00,5,B2_R3,4,1,-9.5,34.5,NA,No,No,48
7/25/2019,206,2019,16:00,5,B2_R3,5,1,-19.5,34.7,NA,No,No,48
7/25/2019,206,2019,NA,5,B2_R3,6,1,NA,NA,NA,No,No,48
7/25/2019,206,2019,16:00,5,B3_R1,1,1,-14.5,32.9,NA,No,No,27
7/25/2019,206,2019,NA,5,B3_R1,2,1,NA,NA,NA,No,No,27
7/25/2019,206,2019,16:00,5,B3_R1,3,1,-15,32.1,NA,No,No,27
7/25/2019,206,2019,NA,5,B3_R1,4,1,NA,NA,NA,No,No,27
7/25/2019,206,2019,NA,5,B3_R1,5,1,NA,NA,NA,No,No,27
7/25/2019,206,2019,16:00,5,B3_R1,6,1,-16.5,32.5,NA,No,No,27
7/25/2019,206,2019,NA,5,B3_R2,1,1,NA,NA,NA,No,No,45
7/25/2019,206,2019,16:00,5,B3_R2,2,1,-9,36.2,NA,No,No,45
7/25/2019,206,2019,16:00,5,B3_R2,3,1,-18.1,33.2,NA,No,No,45
7/25/2019,206,2019,NA,5,B3_R2,4,1,NA,NA,NA,No,No,45
7/25/2019,206,2019,16:00,5,B3_R2,5,1,-17,33.2,NA,No,No,45
7/25/2019,206,2019,NA,5,B3_R2,6,1,NA,NA,NA,No,No,45
7/25/2019,206,2019,NA,5,B3_R3,1,1,NA,NA,NA,No,No,54
7/25/2019,206,2019,16:00,5,B3_R3,2,1,-18,35.2,NA,No,No,54
7/25/2019,206,2019,NA,5,B3_R3,3,1,NA,NA,NA,No,No,54
7/25/2019,206,2019,16:00,5,B3_R3,4,1,-16,37.7,NA,No,No,54
7/25/2019,206,2019,NA,5,B3_R3,5,1,NA,NA,NA,No,No,54
7/25/2019,206,2019,16:00,5,B3_R3,6,1,-15,32.7,NA,No,No,54
7/28/2019,209,2019,5:15,1,B1_R2,1,1,-3.7,NA,NA,No,No,34
7/28/2019,209,2019,NA,1,B1_R2,2,1,NA,NA,NA,No,No,34
7/28/2019,209,2019,NA,1,B1_R2,3,1,NA,NA,NA,No,No,34
7/28/2019,209,2019,5:15,1,B1_R2,4,1,-3,NA,NA,No,No,34
7/28/2019,209,2019,5:15,1,B1_R2,5,1,-1.5,NA,NA,No,No,34
7/28/2019,209,2019,NA,1,B1_R2,6,1,NA,NA,NA,Yes,No,34
7/28/2019,209,2019,NA,1,B1_R3,1,1,NA,NA,NA,No,No,55
7/28/2019,209,2019,5:15,1,B1_R3,2,1,-1.5,NA,NA,No,No,55
7/28/2019,209,2019,5:15,1,B1_R3,3,1,-1.4,NA,NA,No,No,55
7/28/2019,209,2019,NA,1,B1_R3,4,1,NA,NA,NA,No,No,55
7/28/2019,209,2019,NA,1,B1_R3,5,1,NA,NA,NA,No,No,55
7/28/2019,209,2019,5:15,1,B1_R3,6,1,-1.7,NA,NA,No,No,55
7/28/2019,209,2019,5:15,1,B1_R4,1,1,-2.4,NA,NA,No,No,67
7/28/2019,209,2019,NA,1,B1_R4,2,1,NA,NA,NA,No,No,67
7/28/2019,209,2019,NA,1,B1_R4,3,1,NA,NA,NA,No,No,67
7/28/2019,209,2019,5:15,1,B1_R4,4,1,-4.6,NA,NA,No,No,67
7/28/2019,209,2019,NA,1,B1_R4,5,1,NA,NA,NA,No,No,67
7/28/2019,209,2019,5:15,1,B1_R4,6,1,-1.4,NA,NA,No,No,67
7/28/2019,209,2019,NA,1,B2_R1,1,1,NA,NA,NA,No,No,23
7/28/2019,209,2019,5:15,1,B2_R1,2,1,-3.5,NA,NA,No,No,23
7/28/2019,209,2019,NA,1,B2_R1,3,1,NA,NA,NA,No,No,23
7/28/2019,209,2019,5:15,1,B2_R1,4,1,-1.2,NA,NA,No,No,23
7/28/2019,209,2019,NA,1,B2_R1,5,1,NA,NA,NA,No,No,23
7/28/2019,209,2019,5:15,1,B2_R1,6,1,-3.2,NA,NA,No,No,23
7/28/2019,209,2019,5:15,1,B2_R2,1,1,-1.1,NA,NA,No,No,35
7/28/2019,209,2019,NA,1,B2_R2,2,1,NA,NA,NA,No,No,35
7/28/2019,209,2019,NA,1,B2_R2,3,1,NA,NA,NA,No,No,35
7/28/2019,209,2019,5:15,1,B2_R2,4,1,-1.3,NA,NA,No,No,35
7/28/2019,209,2019,NA,1,B2_R2,5,1,NA,NA,NA,No,No,35
7/28/2019,209,2019,5:15,1,B2_R2,6,1,-1.4,NA,NA,No,No,35
7/28/2019,209,2019,5:15,1,B2_R3,1,1,-1.4,NA,NA,No,No,48
7/28/2019,209,2019,NA,1,B2_R3,2,1,NA,NA,NA,No,No,48
7/28/2019,209,2019,5:15,1,B2_R3,3,1,-1,NA,NA,No,No,48
7/28/2019,209,2019,NA,1,B2_R3,4,1,NA,NA,NA,No,No,48
7/28/2019,209,2019,NA,1,B2_R3,5,1,NA,NA,NA,No,No,48
7/28/2019,209,2019,5:15,1,B2_R3,6,1,-1.1,NA,NA,No,No,48
7/28/2019,209,2019,NA,1,B3_R1,1,1,NA,NA,NA,No,No,27
7/28/2019,209,2019,5:15,1,B3_R1,2,1,-1.6,NA,NA,No,No,27
7/28/2019,209,2019,NA,1,B3_R1,3,1,NA,NA,NA,No,No,27
7/28/2019,209,2019,5:15,1,B3_R1,4,1,-1.6,NA,NA,No,No,27
7/28/2019,209,2019,5:15,1,B3_R1,5,1,-1.1,NA,NA,No,No,27
7/28/2019,209,2019,NA,1,B3_R1,6,1,NA,NA,NA,No,No,27
7/28/2019,209,2019,5:15,1,B3_R2,1,1,-1.6,NA,NA,No,No,45
7/28/2019,209,2019,NA,1,B3_R2,2,1,NA,NA,NA,No,No,45
7/28/2019,209,2019,NA,1,B3_R2,3,1,NA,NA,NA,No,No,45
7/28/2019,209,2019,5:15,1,B3_R2,4,1,-1.9,NA,NA,No,No,45
7/28/2019,209,2019,NA,1,B3_R2,5,1,NA,NA,NA,No,No,45
7/28/2019,209,2019,5:15,1,B3_R2,6,1,-1.5,NA,NA,No,No,45
7/28/2019,209,2019,5:15,1,B3_R3,1,1,-1.3,NA,NA,No,No,54
7/28/2019,209,2019,NA,1,B3_R3,2,1,NA,NA,NA,No,No,54
7/28/2019,209,2019,5:15,1,B3_R3,3,1,-2.3,NA,NA,No,No,54
7/28/2019,209,2019,NA,1,B3_R3,4,1,NA,NA,NA,No,No,54
7/28/2019,209,2019,5:15,1,B3_R3,5,1,-2.5,NA,NA,No,No,54
7/28/2019,209,2019,NA,1,B3_R3,6,1,NA,NA,NA,No,No,54
7/28/2019,209,2019,8:15,2,B1_R2,1,1,-10.2,30.1,NA,No,No,34
7/28/2019,209,2019,NA,2,B1_R2,2,1,NA,NA,NA,No,No,34
7/28/2019,209,2019,NA,2,B1_R2,3,1,NA,NA,NA,No,No,34
7/28/2019,209,2019,8:15,2,B1_R2,4,1,-6.9,31.4,NA,No,No,34
7/28/2019,209,2019,8:15,2,B1_R2,5,1,-5.8,27.5,NA,No,No,34
7/28/2019,209,2019,NA,2,B1_R2,6,1,NA,NA,NA,Yes,No,34
7/28/2019,209,2019,NA,2,B1_R3,1,1,NA,NA,NA,No,No,55
7/28/2019,209,2019,8:15,2,B1_R3,2,1,-14,31.3,NA,No,No,55
7/28/2019,209,2019,8:15,2,B1_R3,3,1,-13.5,30.6,NA,No,No,55
7/28/2019,209,2019,NA,2,B1_R3,4,1,NA,NA,NA,No,No,55
7/28/2019,209,2019,NA,2,B1_R3,5,1,NA,NA,NA,No,No,55
7/28/2019,209,2019,8:15,2,B1_R3,6,1,-14,29.6,NA,No,No,55
7/28/2019,209,2019,8:15,2,B1_R4,1,1,-10.9,34.8,NA,No,No,67
7/28/2019,209,2019,NA,2,B1_R4,2,1,NA,NA,NA,No,No,67
7/28/2019,209,2019,NA,2,B1_R4,3,1,NA,NA,NA,No,No,67
7/28/2019,209,2019,8:15,2,B1_R4,4,1,-11.8,30.8,NA,No,No,67
7/28/2019,209,2019,NA,2,B1_R4,5,1,NA,NA,NA,No,No,67
7/28/2019,209,2019,8:15,2,B1_R4,6,1,-11,29.6,NA,No,No,67
7/28/2019,209,2019,NA,2,B2_R1,1,1,NA,NA,NA,No,No,23
7/28/2019,209,2019,8:15,2,B2_R1,2,1,-5.6,31.3,NA,No,No,23
7/28/2019,209,2019,NA,2,B2_R1,3,1,NA,NA,NA,No,No,23
7/28/2019,209,2019,8:15,2,B2_R1,4,1,-5.9,29.8,NA,No,No,23
7/28/2019,209,2019,NA,2,B2_R1,5,1,NA,NA,NA,No,No,23
7/28/2019,209,2019,8:15,2,B2_R1,6,1,-5.8,32.5,NA,No,No,23
7/28/2019,209,2019,8:15,2,B2_R2,1,1,-8.7,28.3,NA,No,No,35
7/28/2019,209,2019,NA,2,B2_R2,2,1,NA,NA,NA,No,No,35
7/28/2019,209,2019,NA,2,B2_R2,3,1,NA,NA,NA,No,No,35
7/28/2019,209,2019,8:15,2,B2_R2,4,1,-8,26.7,NA,No,No,35
7/28/2019,209,2019,NA,2,B2_R2,5,1,NA,NA,NA,No,No,35
7/28/2019,209,2019,8:15,2,B2_R2,6,1,-7.8,27,NA,No,No,35
7/28/2019,209,2019,8:15,2,B2_R3,1,1,-12.4,28.3,NA,No,No,48
7/28/2019,209,2019,NA,2,B2_R3,2,1,NA,NA,NA,No,No,48
7/28/2019,209,2019,8:15,2,B2_R3,3,1,-12.2,28.4,NA,No,No,48
7/28/2019,209,2019,NA,2,B2_R3,4,1,NA,NA,NA,No,No,48
7/28/2019,209,2019,NA,2,B2_R3,5,1,NA,NA,NA,No,No,48
7/28/2019,209,2019,8:15,2,B2_R3,6,1,-13,27.8,NA,No,No,48
7/28/2019,209,2019,NA,2,B3_R1,1,1,NA,NA,NA,No,No,27
7/28/2019,209,2019,8:15,2,B3_R1,2,1,-11.5,29.7,NA,No,No,27
7/28/2019,209,2019,NA,2,B3_R1,3,1,NA,NA,NA,No,No,27
7/28/2019,209,2019,8:15,2,B3_R1,4,1,-13.8,31.1,NA,No,No,27
7/28/2019,209,2019,8:15,2,B3_R1,5,1,-15,29.7,NA,No,No,27
7/28/2019,209,2019,NA,2,B3_R1,6,1,NA,NA,NA,No,No,27
7/28/2019,209,2019,8:15,2,B3_R2,1,1,-10,27.2,NA,No,No,45
7/28/2019,209,2019,NA,2,B3_R2,2,1,NA,NA,NA,No,No,45
7/28/2019,209,2019,NA,2,B3_R2,3,1,NA,NA,NA,No,No,45
7/28/2019,209,2019,8:15,2,B3_R2,4,1,-9.3,29.2,NA,No,No,45
7/28/2019,209,2019,NA,2,B3_R2,5,1,NA,NA,NA,No,No,45
7/28/2019,209,2019,8:15,2,B3_R2,6,1,-9.1,27.4,NA,No,No,45
7/28/2019,209,2019,8:15,2,B3_R3,1,1,-8.3,27.7,NA,No,No,54
7/28/2019,209,2019,NA,2,B3_R3,2,1,NA,NA,NA,No,No,54
7/28/2019,209,2019,8:15,2,B3_R3,3,1,-7.9,30.3,NA,No,No,54
7/28/2019,209,2019,NA,2,B3_R3,4,1,NA,NA,NA,No,No,54
7/28/2019,209,2019,8:15,2,B3_R3,5,1,-6.1,28.8,NA,No,No,54
7/28/2019,209,2019,NA,2,B3_R3,6,1,NA,NA,NA,No,No,54
7/28/2019,209,2019,11:00,3,B1_R2,1,1,-14.8,38,NA,No,No,34
7/28/2019,209,2019,NA,3,B1_R2,2,1,NA,NA,NA,No,No,34
7/28/2019,209,2019,NA,3,B1_R2,3,1,NA,NA,NA,No,No,34
7/28/2019,209,2019,11:00,3,B1_R2,4,1,-15,32.2,NA,No,No,34
7/28/2019,209,2019,11:00,3,B1_R2,5,1,-11.9,29.3,NA,No,No,34
7/28/2019,209,2019,NA,3,B1_R2,6,1,NA,NA,NA,Yes,No,34
7/28/2019,209,2019,NA,3,B1_R3,1,1,NA,NA,NA,No,No,55
7/28/2019,209,2019,11:00,3,B1_R3,2,1,-13.8,38.4,NA,No,No,55
7/28/2019,209,2019,11:00,3,B1_R3,3,1,-13,36.6,NA,No,No,55
7/28/2019,209,2019,NA,3,B1_R3,4,1,NA,NA,NA,No,No,55
7/28/2019,209,2019,NA,3,B1_R3,5,1,NA,NA,NA,No,No,55
7/28/2019,209,2019,11:00,3,B1_R3,6,1,-14.8,16.9,NA,No,No,55
7/28/2019,209,2019,11:00,3,B1_R4,1,1,-15.1,36.7,NA,No,No,67
7/28/2019,209,2019,NA,3,B1_R4,2,1,NA,NA,NA,No,No,67
7/28/2019,209,2019,NA,3,B1_R4,3,1,NA,NA,NA,No,No,67
7/28/2019,209,2019,11:00,3,B1_R4,4,1,-15,33.6,NA,No,No,67
7/28/2019,209,2019,NA,3,B1_R4,5,1,NA,NA,NA,No,No,67
7/28/2019,209,2019,11:00,3,B1_R4,6,1,-15.7,34,NA,No,No,67
7/28/2019,209,2019,NA,3,B2_R1,1,1,NA,NA,NA,No,No,23
7/28/2019,209,2019,11:00,3,B2_R1,2,1,-14.5,32.5,NA,No,No,23
7/28/2019,209,2019,NA,3,B2_R1,3,1,NA,NA,NA,No,No,23
7/28/2019,209,2019,11:00,3,B2_R1,4,1,-15,33.2,NA,No,No,23
7/28/2019,209,2019,NA,3,B2_R1,5,1,NA,NA,NA,No,No,23
7/28/2019,209,2019,11:00,3,B2_R1,6,1,-13.2,30.1,NA,No,No,23
7/28/2019,209,2019,11:00,3,B2_R2,1,1,-11.2,34.5,NA,No,No,35
7/28/2019,209,2019,NA,3,B2_R2,2,1,NA,NA,NA,No,No,35
7/28/2019,209,2019,NA,3,B2_R2,3,1,NA,NA,NA,No,No,35
7/28/2019,209,2019,11:00,3,B2_R2,4,1,-13.3,32.4,NA,No,No,35
7/28/2019,209,2019,NA,3,B2_R2,5,1,NA,NA,NA,No,No,35
7/28/2019,209,2019,11:00,3,B2_R2,6,1,-9.5,35.9,NA,No,No,35
7/28/2019,209,2019,11:00,3,B2_R3,1,1,-12.5,31.9,NA,No,No,48
7/28/2019,209,2019,NA,3,B2_R3,2,1,NA,NA,NA,No,No,48
7/28/2019,209,2019,11:00,3,B2_R3,3,1,-11.4,31.8,NA,No,No,48
7/28/2019,209,2019,NA,3,B2_R3,4,1,NA,NA,NA,No,No,48
7/28/2019,209,2019,NA,3,B2_R3,5,1,NA,NA,NA,No,No,48
7/28/2019,209,2019,11:00,3,B2_R3,6,1,-13.1,31.6,NA,No,No,48
7/28/2019,209,2019,NA,3,B3_R1,1,1,NA,NA,NA,No,No,27
7/28/2019,209,2019,11:00,3,B3_R1,2,1,-11,34,NA,No,No,27
7/28/2019,209,2019,NA,3,B3_R1,3,1,NA,NA,NA,No,No,27
7/28/2019,209,2019,11:00,3,B3_R1,4,1,-12.1,34.5,NA,No,No,27
7/28/2019,209,2019,11:00,3,B3_R1,5,1,-11.2,33.2,NA,No,No,27
7/28/2019,209,2019,NA,3,B3_R1,6,1,NA,NA,NA,No,No,27
7/28/2019,209,2019,11:00,3,B3_R2,1,1,-11.3,29,NA,No,No,45
7/28/2019,209,2019,NA,3,B3_R2,2,1,NA,NA,NA,No,No,45
7/28/2019,209,2019,NA,3,B3_R2,3,1,NA,NA,NA,No,No,45
7/28/2019,209,2019,11:00,3,B3_R2,4,1,-11.7,33.7,NA,No,No,45
7/28/2019,209,2019,NA,3,B3_R2,5,1,NA,NA,NA,No,No,45
7/28/2019,209,2019,11:00,3,B3_R2,6,1,-10,34.5,NA,No,No,45
7/28/2019,209,2019,11:00,3,B3_R3,1,1,-14,32.8,NA,No,No,54
7/28/2019,209,2019,NA,3,B3_R3,2,1,NA,NA,NA,No,No,54
7/28/2019,209,2019,11:00,3,B3_R3,3,1,-14,33,NA,No,No,54
7/28/2019,209,2019,NA,3,B3_R3,4,1,NA,NA,NA,No,No,54
7/28/2019,209,2019,11:00,3,B3_R3,5,1,-11.5,31.7,NA,No,No,54
7/28/2019,209,2019,NA,3,B3_R3,6,1,NA,NA,NA,No,No,54
7/28/2019,209,2019,13:00,4,B1_R2,1,1,-14.5,41.1,-9.4,No,No,34
7/28/2019,209,2019,NA,4,B1_R2,2,1,NA,NA,NA,No,No,34
7/28/2019,209,2019,NA,4,B1_R2,3,1,NA,NA,NA,No,No,34
7/28/2019,209,2019,13:00,4,B1_R2,4,1,-13.4,37.9,-9.4,No,No,34
7/28/2019,209,2019,13:00,4,B1_R2,5,1,-12,33,-6.3,No,No,34
7/28/2019,209,2019,NA,4,B1_R2,6,1,NA,NA,NA,Yes,No,34
7/28/2019,209,2019,NA,4,B1_R3,1,1,NA,NA,NA,No,No,55
7/28/2019,209,2019,13:00,4,B1_R3,2,1,-15.8,37.5,-13.6,No,No,55
7/28/2019,209,2019,13:00,4,B1_R3,3,1,-16.6,38.7,-13.6,No,No,55
7/28/2019,209,2019,NA,4,B1_R3,4,1,NA,NA,NA,No,No,55
7/28/2019,209,2019,NA,4,B1_R3,5,1,NA,NA,NA,No,No,55
7/28/2019,209,2019,13:00,4,B1_R3,6,1,-15,37.7,-12.6,No,No,55
7/28/2019,209,2019,13:00,4,B1_R4,1,1,-14.6,41.5,-8.2,No,No,67
7/28/2019,209,2019,NA,4,B1_R4,2,1,NA,NA,NA,No,No,67
7/28/2019,209,2019,NA,4,B1_R4,3,1,NA,NA,NA,No,No,67
7/28/2019,209,2019,13:00,4,B1_R4,4,1,-14.1,39.5,-10.6,No,No,67
7/28/2019,209,2019,NA,4,B1_R4,5,1,NA,NA,NA,No,No,67
7/28/2019,209,2019,13:00,4,B1_R4,6,1,-14.4,40.1,-12.5,No,No,67
7/28/2019,209,2019,NA,4,B2_R1,1,1,NA,NA,NA,No,No,23
7/28/2019,209,2019,13:00,4,B2_R1,2,1,-12.8,36.1,-7.5,No,No,23
7/28/2019,209,2019,NA,4,B2_R1,3,1,NA,NA,NA,No,No,23
7/28/2019,209,2019,13:00,4,B2_R1,4,1,-13.2,38.8,-11.8,No,No,23
7/28/2019,209,2019,NA,4,B2_R1,5,1,NA,NA,NA,No,No,23
7/28/2019,209,2019,13:00,4,B2_R1,6,1,-10.2,34.3,-5.7,No,No,23
7/28/2019,209,2019,13:00,4,B2_R2,1,1,-15,34.4,-12.8,No,No,35
7/28/2019,209,2019,NA,4,B2_R2,2,1,NA,NA,NA,No,No,35
7/28/2019,209,2019,NA,4,B2_R2,3,1,NA,NA,NA,No,No,35
7/28/2019,209,2019,13:00,4,B2_R2,4,1,-15.5,34.7,-13.5,No,No,35
7/28/2019,209,2019,NA,4,B2_R2,5,1,NA,NA,NA,No,No,35
7/28/2019,209,2019,13:00,4,B2_R2,6,1,-16.7,32.7,-11.2,No,No,35
7/28/2019,209,2019,13:00,4,B2_R3,1,1,-16.6,35.5,-12.6,No,No,48
7/28/2019,209,2019,NA,4,B2_R3,2,1,NA,NA,NA,No,No,48
7/28/2019,209,2019,13:00,4,B2_R3,3,1,-17,34.5,-15.5,No,No,48
7/28/2019,209,2019,NA,4,B2_R3,4,1,NA,NA,NA,No,No,48
7/28/2019,209,2019,NA,4,B2_R3,5,1,NA,NA,NA,No,No,48
7/28/2019,209,2019,13:00,4,B2_R3,6,1,-16.1,34.7,-12.7,No,No,48
7/28/2019,209,2019,NA,4,B3_R1,1,1,NA,NA,NA,No,No,27
7/28/2019,209,2019,13:00,4,B3_R1,2,1,-16.9,30.8,-11,No,No,27
7/28/2019,209,2019,NA,4,B3_R1,3,1,NA,NA,NA,No,No,27
7/28/2019,209,2019,13:00,4,B3_R1,4,1,-14.8,37.1,-11.5,No,No,27
7/28/2019,209,2019,13:00,4,B3_R1,5,1,-16.1,31,-12,No,No,27
7/28/2019,209,2019,NA,4,B3_R1,6,1,NA,NA,NA,No,No,27
7/28/2019,209,2019,13:00,4,B3_R2,1,1,-16,30.8,-9.2,No,No,45
7/28/2019,209,2019,NA,4,B3_R2,2,1,NA,NA,NA,No,No,45
7/28/2019,209,2019,NA,4,B3_R2,3,1,NA,NA,NA,No,No,45
7/28/2019,209,2019,13:00,4,B3_R2,4,1,-14.1,35.1,-10,No,No,45
7/28/2019,209,2019,NA,4,B3_R2,5,1,NA,NA,NA,No,No,45
7/28/2019,209,2019,13:00,4,B3_R2,6,1,-14.5,35.2,-10.9,No,No,45
7/28/2019,209,2019,13:00,4,B3_R3,1,1,-12.9,35.3,-8.8,No,No,54
7/28/2019,209,2019,NA,4,B3_R3,2,1,NA,NA,NA,No,No,54
7/28/2019,209,2019,13:00,4,B3_R3,3,1,-13.4,35.2,-8.4,No,No,54
7/28/2019,209,2019,NA,4,B3_R3,4,1,NA,NA,NA,No,No,54
7/28/2019,209,2019,13:00,4,B3_R3,5,1,-10.9,34.9,-6.8,No,No,54
7/28/2019,209,2019,NA,4,B3_R3,6,1,NA,NA,NA,No,No,54
7/28/2019,209,2019,16:00,5,B1_R2,1,1,-13.2,37.4,NA,No,No,34
7/28/2019,209,2019,NA,5,B1_R2,2,1,NA,NA,NA,No,No,34
7/28/2019,209,2019,NA,5,B1_R2,3,1,NA,NA,NA,No,No,34
7/28/2019,209,2019,16:00,5,B1_R2,4,1,-14.8,34.2,NA,No,No,34
7/28/2019,209,2019,16:00,5,B1_R2,5,1,-13,33.5,NA,No,No,34
7/28/2019,209,2019,NA,5,B1_R2,6,1,NA,NA,NA,Yes,No,34
7/28/2019,209,2019,NA,5,B1_R3,1,1,NA,NA,NA,No,No,55
7/28/2019,209,2019,16:00,5,B1_R3,2,1,-11.7,35.3,NA,No,No,55
7/28/2019,209,2019,16:00,5,B1_R3,3,1,-13,37.9,NA,No,No,55
7/28/2019,209,2019,NA,5,B1_R3,4,1,NA,NA,NA,No,No,55
7/28/2019,209,2019,NA,5,B1_R3,5,1,NA,NA,NA,No,No,55
7/28/2019,209,2019,16:00,5,B1_R3,6,1,-13.2,36.7,NA,No,No,55
7/28/2019,209,2019,16:00,5,B1_R4,1,1,-15.3,37.2,NA,No,No,67
7/28/2019,209,2019,NA,5,B1_R4,2,1,NA,NA,NA,No,No,67
7/28/2019,209,2019,NA,5,B1_R4,3,1,NA,NA,NA,No,No,67
7/28/2019,209,2019,16:00,5,B1_R4,4,1,-15.9,37.1,NA,No,No,67
7/28/2019,209,2019,NA,5,B1_R4,5,1,NA,NA,NA,No,No,67
7/28/2019,209,2019,16:00,5,B1_R4,6,1,-15.1,35.6,NA,No,No,67
7/28/2019,209,2019,NA,5,B2_R1,1,1,NA,NA,NA,No,No,23
7/28/2019,209,2019,16:00,5,B2_R1,2,1,-15,34.6,NA,No,No,23
7/28/2019,209,2019,NA,5,B2_R1,3,1,NA,NA,NA,No,No,23
7/28/2019,209,2019,16:00,5,B2_R1,4,1,-15.1,35.1,NA,No,No,23
7/28/2019,209,2019,NA,5,B2_R1,5,1,NA,NA,NA,No,No,23
7/28/2019,209,2019,16:00,5,B2_R1,6,1,-13.5,34.8,NA,No,No,23
7/28/2019,209,2019,16:00,5,B2_R2,1,1,-12.1,37.9,NA,No,No,35
7/28/2019,209,2019,NA,5,B2_R2,2,1,NA,NA,NA,No,No,35
7/28/2019,209,2019,NA,5,B2_R2,3,1,NA,NA,NA,No,No,35
7/28/2019,209,2019,16:00,5,B2_R2,4,1,-14.1,37.9,NA,No,No,35
7/28/2019,209,2019,NA,5,B2_R2,5,1,NA,NA,NA,No,No,35
7/28/2019,209,2019,16:00,5,B2_R2,6,1,-11.7,35.7,NA,No,No,35
7/28/2019,209,2019,16:00,5,B2_R3,1,1,-10.5,37.1,NA,No,No,48
7/28/2019,209,2019,NA,5,B2_R3,2,1,NA,NA,NA,No,No,48
7/28/2019,209,2019,16:00,5,B2_R3,3,1,-11.1,37.4,NA,No,No,48
7/28/2019,209,2019,NA,5,B2_R3,4,1,NA,NA,NA,No,No,48
7/28/2019,209,2019,NA,5,B2_R3,5,1,NA,NA,NA,No,No,48
7/28/2019,209,2019,16:00,5,B2_R3,6,1,-11.2,34.1,NA,No,No,48
7/28/2019,209,2019,NA,5,B3_R1,1,1,NA,NA,NA,No,No,27
7/28/2019,209,2019,16:00,5,B3_R1,2,1,-8.2,32,NA,No,No,27
7/28/2019,209,2019,NA,5,B3_R1,3,1,NA,NA,NA,No,No,27
7/28/2019,209,2019,16:00,5,B3_R1,4,1,-9.9,34.8,NA,No,No,27
7/28/2019,209,2019,16:00,5,B3_R1,5,1,-11.7,32.6,NA,No,No,27
7/28/2019,209,2019,NA,5,B3_R1,6,1,NA,NA,NA,No,No,27
7/28/2019,209,2019,16:00,5,B3_R2,1,1,-11.7,36.3,NA,No,No,45
7/28/2019,209,2019,NA,5,B3_R2,2,1,NA,NA,NA,No,No,45
7/28/2019,209,2019,NA,5,B3_R2,3,1,NA,NA,NA,No,No,45
7/28/2019,209,2019,16:00,5,B3_R2,4,1,-10.6,33.5,NA,No,No,45
7/28/2019,209,2019,NA,5,B3_R2,5,1,NA,NA,NA,No,No,45
7/28/2019,209,2019,16:00,5,B3_R2,6,1,-13.6,35.7,NA,No,No,45
7/28/2019,209,2019,16:00,5,B3_R3,1,1,-12.5,34.2,NA,No,No,54
7/28/2019,209,2019,NA,5,B3_R3,2,1,NA,NA,NA,No,No,54
7/28/2019,209,2019,16:00,5,B3_R3,3,1,-12,36.2,NA,No,No,54
7/28/2019,209,2019,NA,5,B3_R3,4,1,NA,NA,NA,No,No,54
7/28/2019,209,2019,16:00,5,B3_R3,5,1,-12,34.3,NA,No,No,54
7/28/2019,209,2019,NA,5,B3_R3,6,1,NA,NA,NA,No,No,54
8/1/2019,213,2019,NA,1,B1_R2,1,1,NA,NA,NA,No,No,34
8/1/2019,213,2019,5:00,1,B1_R2,2,1,-2.5,NA,NA,No,No,34
8/1/2019,213,2019,5:00,1,B1_R2,3,1,-2,NA,NA,No,No,34
8/1/2019,213,2019,NA,1,B1_R2,4,1,NA,NA,NA,No,No,34
8/1/2019,213,2019,NA,1,B1_R2,5,1,NA,NA,NA,No,No,34
8/1/2019,213,2019,5:00,1,B1_R2,6,1,-2,NA,NA,No,No,34
8/1/2019,213,2019,5:00,1,B1_R3,1,1,-4.3,NA,NA,No,No,55
8/1/2019,213,2019,NA,1,B1_R3,2,1,NA,NA,NA,No,No,55
8/1/2019,213,2019,NA,1,B1_R3,3,1,NA,NA,NA,No,No,55
8/1/2019,213,2019,5:00,1,B1_R3,4,1,-3.5,NA,NA,No,No,55
8/1/2019,213,2019,5:00,1,B1_R3,5,1,-3,NA,NA,No,No,55
8/1/2019,213,2019,NA,1,B1_R3,6,1,NA,NA,NA,No,No,55
8/1/2019,213,2019,NA,1,B1_R4,1,1,NA,NA,NA,No,No,67
8/1/2019,213,2019,5:00,1,B1_R4,2,1,-2.5,NA,NA,No,No,67
8/1/2019,213,2019,5:00,1,B1_R4,3,1,-3,NA,NA,No,No,67
8/1/2019,213,2019,NA,1,B1_R4,4,1,NA,NA,NA,No,No,67
8/1/2019,213,2019,5:00,1,B1_R4,5,1,-2.5,NA,NA,No,No,67
8/1/2019,213,2019,NA,1,B1_R4,6,1,NA,NA,NA,No,No,67
8/1/2019,213,2019,5:00,1,B2_R1,1,1,-1,NA,NA,No,No,23
8/1/2019,213,2019,NA,1,B2_R1,2,1,NA,NA,NA,No,No,23
8/1/2019,213,2019,5:00,1,B2_R1,3,1,-1.5,NA,NA,No,No,23
8/1/2019,213,2019,NA,1,B2_R1,4,1,NA,NA,NA,No,No,23
8/1/2019,213,2019,5:00,1,B2_R1,5,1,-3,NA,NA,No,No,23
8/1/2019,213,2019,NA,1,B2_R1,6,1,NA,NA,NA,No,No,23
8/1/2019,213,2019,NA,1,B2_R2,1,1,NA,NA,NA,No,No,35
8/1/2019,213,2019,5:00,1,B2_R2,2,1,-2.5,NA,NA,No,No,35
8/1/2019,213,2019,5:00,1,B2_R2,3,1,-1.8,NA,NA,No,No,35
8/1/2019,213,2019,NA,1,B2_R2,4,1,NA,NA,NA,No,No,35
8/1/2019,213,2019,5:00,1,B2_R2,5,1,-1.5,NA,NA,No,No,35
8/1/2019,213,2019,NA,1,B2_R2,6,1,NA,NA,NA,No,No,35
8/1/2019,213,2019,NA,1,B2_R3,1,1,NA,NA,NA,No,No,48
8/1/2019,213,2019,5:00,1,B2_R3,2,1,-3.2,NA,NA,No,No,48
8/1/2019,213,2019,NA,1,B2_R3,3,1,NA,NA,NA,No,No,48
8/1/2019,213,2019,5:00,1,B2_R3,4,1,-2.7,NA,NA,No,No,48
8/1/2019,213,2019,5:00,1,B2_R3,5,1,-1.9,NA,NA,No,No,48
8/1/2019,213,2019,NA,1,B2_R3,6,1,NA,NA,NA,No,No,48
8/1/2019,213,2019,5:00,1,B3_R1,1,1,-3,NA,NA,No,No,27
8/1/2019,213,2019,NA,1,B3_R1,2,1,NA,NA,NA,No,No,27
8/1/2019,213,2019,5:00,1,B3_R1,3,1,-3.5,NA,NA,No,No,27
8/1/2019,213,2019,NA,1,B3_R1,4,1,NA,NA,NA,No,No,27
8/1/2019,213,2019,NA,1,B3_R1,5,1,NA,NA,NA,No,No,27
8/1/2019,213,2019,5:00,1,B3_R1,6,1,-1.8,NA,NA,No,No,27
8/1/2019,213,2019,NA,1,B3_R2,1,1,NA,NA,NA,No,No,45
8/1/2019,213,2019,5:00,1,B3_R2,2,1,-2,NA,NA,No,No,45
8/1/2019,213,2019,5:00,1,B3_R2,3,1,-2,NA,NA,No,No,45
8/1/2019,213,2019,NA,1,B3_R2,4,1,NA,NA,NA,No,No,45
8/1/2019,213,2019,5:00,1,B3_R2,5,1,-1.9,NA,NA,No,No,45
8/1/2019,213,2019,NA,1,B3_R2,6,1,NA,NA,NA,No,No,45
8/1/2019,213,2019,NA,1,B3_R3,1,1,NA,NA,NA,No,No,54
8/1/2019,213,2019,5:00,1,B3_R3,2,1,-1,NA,NA,No,No,54
8/1/2019,213,2019,NA,1,B3_R3,3,1,NA,NA,NA,No,No,54
8/1/2019,213,2019,5:00,1,B3_R3,4,1,-3,NA,NA,No,No,54
8/1/2019,213,2019,NA,1,B3_R3,5,1,NA,NA,NA,No,No,54
8/1/2019,213,2019,5:00,1,B3_R3,6,1,-1,NA,NA,No,No,54
8/1/2019,213,2019,NA,2,B1_R2,1,1,NA,NA,NA,No,No,34
8/1/2019,213,2019,7:40,2,B1_R2,2,1,-5.4,22.1,NA,No,No,34
8/1/2019,213,2019,7:40,2,B1_R2,3,1,-6.6,22.2,NA,No,No,34
8/1/2019,213,2019,NA,2,B1_R2,4,1,NA,NA,NA,No,No,34
8/1/2019,213,2019,NA,2,B1_R2,5,1,NA,NA,NA,No,No,34
8/1/2019,213,2019,7:40,2,B1_R2,6,1,-3.6,19.8,NA,No,No,34
8/1/2019,213,2019,7:40,2,B1_R3,1,1,-8.9,26.4,NA,No,No,55
8/1/2019,213,2019,NA,2,B1_R3,2,1,NA,NA,NA,No,No,55
8/1/2019,213,2019,NA,2,B1_R3,3,1,NA,NA,NA,No,No,55
8/1/2019,213,2019,7:40,2,B1_R3,4,1,-7.5,25,NA,No,No,55
8/1/2019,213,2019,7:40,2,B1_R3,5,1,-8.5,19.2,NA,No,No,55
8/1/2019,213,2019,NA,2,B1_R3,6,1,NA,NA,NA,No,No,55
8/1/2019,213,2019,NA,2,B1_R4,1,1,NA,NA,NA,No,No,67
8/1/2019,213,2019,7:40,2,B1_R4,2,1,-6.1,22.4,NA,No,No,67
8/1/2019,213,2019,7:40,2,B1_R4,3,1,-6.8,25.1,NA,No,No,67
8/1/2019,213,2019,NA,2,B1_R4,4,1,NA,NA,NA,No,No,67
8/1/2019,213,2019,7:40,2,B1_R4,5,1,-5.4,22.3,NA,No,No,67
8/1/2019,213,2019,NA,2,B1_R4,6,1,NA,NA,NA,No,No,67
8/1/2019,213,2019,7:40,2,B2_R1,1,1,-5.3,20.7,NA,No,No,23
8/1/2019,213,2019,NA,2,B2_R1,2,1,NA,NA,NA,No,No,23
8/1/2019,213,2019,7:40,2,B2_R1,3,1,-3.7,18.7,NA,No,No,23
8/1/2019,213,2019,NA,2,B2_R1,4,1,NA,NA,NA,No,No,23
8/1/2019,213,2019,7:40,2,B2_R1,5,1,-5.7,20,NA,No,No,23
8/1/2019,213,2019,NA,2,B2_R1,6,1,NA,NA,NA,No,No,23
8/1/2019,213,2019,NA,2,B2_R2,1,1,NA,NA,NA,No,No,35
8/1/2019,213,2019,7:40,2,B2_R2,2,1,-3.8,17.1,NA,No,No,35
8/1/2019,213,2019,7:40,2,B2_R2,3,1,-4.5,17.8,NA,No,No,35
8/1/2019,213,2019,NA,2,B2_R2,4,1,NA,NA,NA,No,No,35
8/1/2019,213,2019,7:40,2,B2_R2,5,1,-3.5,17.4,NA,No,No,35
8/1/2019,213,2019,NA,2,B2_R2,6,1,NA,NA,NA,No,No,35
8/1/2019,213,2019,NA,2,B2_R3,1,1,NA,NA,NA,No,No,48
8/1/2019,213,2019,7:40,2,B2_R3,2,1,-6.3,26.4,NA,No,No,48
8/1/2019,213,2019,NA,2,B2_R3,3,1,NA,NA,NA,No,No,48
8/1/2019,213,2019,7:40,2,B2_R3,4,1,-5,22.5,NA,No,No,48
8/1/2019,213,2019,7:40,2,B2_R3,5,1,-4.5,23.3,NA,No,No,48
8/1/2019,213,2019,NA,2,B2_R3,6,1,NA,NA,NA,No,No,48
8/1/2019,213,2019,7:40,2,B3_R1,1,1,-6.3,-,NA,No,No,27
8/1/2019,213,2019,NA,2,B3_R1,2,1,NA,NA,NA,No,No,27
8/1/2019,213,2019,7:40,2,B3_R1,3,1,-5.5,22,NA,No,No,27
8/1/2019,213,2019,NA,2,B3_R1,4,1,NA,NA,NA,No,No,27
8/1/2019,213,2019,NA,2,B3_R1,5,1,NA,NA,NA,No,No,27
8/1/2019,213,2019,7:40,2,B3_R1,6,1,-6.5,22.2,NA,No,No,27
8/1/2019,213,2019,NA,2,B3_R2,1,1,NA,NA,NA,No,No,45
8/1/2019,213,2019,7:40,2,B3_R2,2,1,-4.6,22.3,NA,No,No,45
8/1/2019,213,2019,7:40,2,B3_R2,3,1,-4.9,23.3,NA,No,No,45
8/1/2019,213,2019,NA,2,B3_R2,4,1,NA,NA,NA,No,No,45
8/1/2019,213,2019,7:40,2,B3_R2,5,1,-3,16.6,NA,No,No,45
8/1/2019,213,2019,NA,2,B3_R2,6,1,NA,NA,NA,No,No,45
8/1/2019,213,2019,NA,2,B3_R3,1,1,NA,NA,NA,No,No,54
8/1/2019,213,2019,7:40,2,B3_R3,2,1,-5.6,24.8,NA,No,No,54
8/1/2019,213,2019,NA,2,B3_R3,3,1,NA,NA,NA,No,No,54
8/1/2019,213,2019,7:40,2,B3_R3,4,1,-4.9,22.5,NA,No,No,54
8/1/2019,213,2019,NA,2,B3_R3,5,1,NA,NA,NA,No,No,54
8/1/2019,213,2019,7:40,2,B3_R3,6,1,-4.2,21.6,NA,No,No,54
8/1/2019,213,2019,NA,3,B1_R2,1,1,NA,NA,NA,No,No,34
8/1/2019,213,2019,10:00,3,B1_R2,2,1,-9.5,26.4,NA,No,No,34
8/1/2019,213,2019,10:00,3,B1_R2,3,1,-10,27.7,NA,No,No,34
8/1/2019,213,2019,NA,3,B1_R2,4,1,NA,NA,NA,No,No,34
8/1/2019,213,2019,NA,3,B1_R2,5,1,NA,NA,NA,No,No,34
8/1/2019,213,2019,10:00,3,B1_R2,6,1,-6,23.2,NA,No,No,34
8/1/2019,213,2019,10:00,3,B1_R3,1,1,-10.6,28.4,NA,No,No,55
8/1/2019,213,2019,NA,3,B1_R3,2,1,NA,NA,NA,No,No,55
8/1/2019,213,2019,NA,3,B1_R3,3,1,NA,NA,NA,No,No,55
8/1/2019,213,2019,10:00,3,B1_R3,4,1,-10.5,30.4,NA,No,No,55
8/1/2019,213,2019,10:00,3,B1_R3,5,1,-10,28,NA,No,No,55
8/1/2019,213,2019,NA,3,B1_R3,6,1,NA,NA,NA,No,No,55
8/1/2019,213,2019,NA,3,B1_R4,1,1,NA,NA,NA,No,No,67
8/1/2019,213,2019,10:00,3,B1_R4,2,1,-9.5,26.6,NA,No,No,67
8/1/2019,213,2019,10:00,3,B1_R4,3,1,-10.5,27.3,NA,No,No,67
8/1/2019,213,2019,NA,3,B1_R4,4,1,NA,NA,NA,No,No,67
8/1/2019,213,2019,10:00,3,B1_R4,5,1,-9.5,25.4,NA,No,No,67
8/1/2019,213,2019,NA,3,B1_R4,6,1,NA,NA,NA,No,No,67
8/1/2019,213,2019,10:00,3,B2_R1,1,1,-9.5,26.7,NA,No,No,23
8/1/2019,213,2019,NA,3,B2_R1,2,1,NA,NA,NA,No,No,23
8/1/2019,213,2019,10:00,3,B2_R1,3,1,-6.5,25.4,NA,No,No,23
8/1/2019,213,2019,NA,3,B2_R1,4,1,NA,NA,NA,No,No,23
8/1/2019,213,2019,10:00,3,B2_R1,5,1,-6,26.2,NA,No,No,23
8/1/2019,213,2019,NA,3,B2_R1,6,1,NA,NA,NA,No,No,23
8/1/2019,213,2019,NA,3,B2_R2,1,1,NA,NA,NA,No,No,35
8/1/2019,213,2019,10:00,3,B2_R2,2,1,-7.8,28.3,NA,No,No,35
8/1/2019,213,2019,10:00,3,B2_R2,3,1,-8.5,29.4,NA,No,No,35
8/1/2019,213,2019,NA,3,B2_R2,4,1,NA,NA,NA,No,No,35
8/1/2019,213,2019,10:00,3,B2_R2,5,1,-6.3,27.1,NA,No,No,35
8/1/2019,213,2019,NA,3,B2_R2,6,1,NA,NA,NA,No,No,35
8/1/2019,213,2019,NA,3,B2_R3,1,1,NA,NA,NA,No,No,48
8/1/2019,213,2019,10:00,3,B2_R3,2,1,-9.6,30.2,NA,No,No,48
8/1/2019,213,2019,NA,3,B2_R3,3,1,NA,NA,NA,No,No,48
8/1/2019,213,2019,10:00,3,B2_R3,4,1,-8.6,29.6,NA,No,No,48
8/1/2019,213,2019,10:00,3,B2_R3,5,1,-8.7,26.5,NA,No,No,48
8/1/2019,213,2019,NA,3,B2_R3,6,1,NA,NA,NA,No,No,48
8/1/2019,213,2019,10:00,3,B3_R1,1,1,-9.3,28.8,NA,No,No,27
8/1/2019,213,2019,NA,3,B3_R1,2,1,NA,NA,NA,No,No,27
8/1/2019,213,2019,10:00,3,B3_R1,3,1,-9.9,30.2,NA,No,No,27
8/1/2019,213,2019,NA,3,B3_R1,4,1,NA,NA,NA,No,No,27
8/1/2019,213,2019,NA,3,B3_R1,5,1,NA,NA,NA,No,No,27
8/1/2019,213,2019,10:00,3,B3_R1,6,1,-7.7,28.4,NA,No,No,27
8/1/2019,213,2019,NA,3,B3_R2,1,1,NA,NA,NA,No,No,45
8/1/2019,213,2019,10:00,3,B3_R2,2,1,-6.9,31.4,NA,No,No,45
8/1/2019,213,2019,10:00,3,B3_R2,3,1,-8,30.5,NA,No,No,45
8/1/2019,213,2019,NA,3,B3_R2,4,1,NA,NA,NA,No,No,45
8/1/2019,213,2019,10:00,3,B3_R2,5,1,-7,26.9,NA,No,No,45
8/1/2019,213,2019,NA,3,B3_R2,6,1,NA,NA,NA,No,No,45
8/1/2019,213,2019,NA,3,B3_R3,1,1,NA,NA,NA,No,No,54
8/1/2019,213,2019,10:00,3,B3_R3,2,1,-7,28.5,NA,No,No,54
8/1/2019,213,2019,NA,3,B3_R3,3,1,NA,NA,NA,No,No,54
8/1/2019,213,2019,10:00,3,B3_R3,4,1,-8,26.1,NA,No,No,54
8/1/2019,213,2019,NA,3,B3_R3,5,1,NA,NA,NA,No,No,54
8/1/2019,213,2019,10:00,3,B3_R3,6,1,-6.5,27.2,NA,No,No,54
8/1/2019,213,2019,NA,4,B1_R2,1,1,NA,NA,NA,No,No,34
8/1/2019,213,2019,12:30,4,B1_R2,2,1,-11.8,29.6,-6.8,No,No,34
8/1/2019,213,2019,12:30,4,B1_R2,3,1,-12.4,31.4,-9.4,No,No,34
8/1/2019,213,2019,NA,4,B1_R2,4,1,NA,NA,NA,No,No,34
8/1/2019,213,2019,NA,4,B1_R2,5,1,NA,NA,NA,No,No,34
8/1/2019,213,2019,12:30,4,B1_R2,6,1,-8.8,30.2,-4.9,No,No,34
8/1/2019,213,2019,12:30,4,B1_R3,1,1,-12.5,29.8,-8.5,No,No,55
8/1/2019,213,2019,NA,4,B1_R3,2,1,NA,NA,NA,No,No,55
8/1/2019,213,2019,NA,4,B1_R3,3,1,NA,NA,NA,No,No,55
8/1/2019,213,2019,12:30,4,B1_R3,4,1,-13,30.1,-9,No,No,55
8/1/2019,213,2019,12:30,4,B1_R3,5,1,-11.5,29.1,-8,No,No,55
8/1/2019,213,2019,NA,4,B1_R3,6,1,NA,NA,NA,No,No,55
8/1/2019,213,2019,NA,4,B1_R4,1,1,NA,NA,NA,No,No,67
8/1/2019,213,2019,12:30,4,B1_R4,2,1,-12.4,31.8,-9.1,No,No,67
8/1/2019,213,2019,12:30,4,B1_R4,3,1,-12.5,30.9,-7,No,No,67
8/1/2019,213,2019,NA,4,B1_R4,4,1,NA,NA,NA,No,No,67
8/1/2019,213,2019,12:30,4,B1_R4,5,1,-13.6,31,-8.7,No,No,67
8/1/2019,213,2019,NA,4,B1_R4,6,1,NA,NA,NA,No,No,67
8/1/2019,213,2019,12:30,4,B2_R1,1,1,-9.9,27.9,-7.8,No,Yes (stem),23
8/1/2019,213,2019,NA,4,B2_R1,2,1,NA,NA,NA,No,No,23
8/1/2019,213,2019,12:30,4,B2_R1,3,1,-8.6,30.8,-6,No,No,23
8/1/2019,213,2019,NA,4,B2_R1,4,1,NA,NA,NA,No,No,23
8/1/2019,213,2019,12:30,4,B2_R1,5,1,-7.6,29.8,-4.4,No,No,23
8/1/2019,213,2019,NA,4,B2_R1,6,1,NA,NA,NA,No,No,23
8/1/2019,213,2019,NA,4,B2_R2,1,1,NA,NA,NA,No,No,35
8/1/2019,213,2019,12:30,4,B2_R2,2,1,-9.5,27.7,-7,No,No,35
8/1/2019,213,2019,12:30,4,B2_R2,3,1,-9,30.1,-6,No,No,35
8/1/2019,213,2019,NA,4,B2_R2,4,1,NA,NA,NA,No,No,35
8/1/2019,213,2019,12:30,4,B2_R2,5,1,-9.5,29.5,-6,No,No,35
8/1/2019,213,2019,NA,4,B2_R2,6,1,NA,NA,NA,No,No,35
8/1/2019,213,2019,NA,4,B2_R3,1,1,NA,NA,NA,No,No,48
8/1/2019,213,2019,12:30,4,B2_R3,2,1,-11,26.1,-8.5,No,No,48
8/1/2019,213,2019,NA,4,B2_R3,3,1,NA,NA,NA,No,No,48
8/1/2019,213,2019,12:30,4,B2_R3,4,1,-11.5,28.9,-5.5,No,No,48
8/1/2019,213,2019,12:30,4,B2_R3,5,1,-11,30.3,-6,No,No,48
8/1/2019,213,2019,NA,4,B2_R3,6,1,NA,NA,NA,No,No,48
8/1/2019,213,2019,12:30,4,B3_R1,1,1,-9,28.9,-6.5,No,No,27
8/1/2019,213,2019,NA,4,B3_R1,2,1,NA,NA,NA,No,No,27
8/1/2019,213,2019,12:30,4,B3_R1,3,1,-10,30.1,-6.5,No,No,27
8/1/2019,213,2019,NA,4,B3_R1,4,1,NA,NA,NA,No,No,27
8/1/2019,213,2019,NA,4,B3_R1,5,1,NA,NA,NA,No,No,27
8/1/2019,213,2019,12:30,4,B3_R1,6,1,-10.5,29.3,-6.5,No,No,27
8/1/2019,213,2019,NA,4,B3_R2,1,1,NA,NA,NA,No,No,45
8/1/2019,213,2019,12:30,4,B3_R2,2,1,-9.5,26.7,-6,No,No,45
8/1/2019,213,2019,12:30,4,B3_R2,3,1,-8.5,28.1,-3.5,No,No,45
8/1/2019,213,2019,NA,4,B3_R2,4,1,NA,NA,NA,No,No,45
8/1/2019,213,2019,12:30,4,B3_R2,5,1,-7.5,25.1,-5,No,No,45
8/1/2019,213,2019,NA,4,B3_R2,6,1,NA,NA,NA,No,No,45
8/1/2019,213,2019,NA,4,B3_R3,1,1,NA,NA,NA,No,No,54
8/1/2019,213,2019,12:30,4,B3_R3,2,1,-11.1,28.6,-6.2,No,No,54
8/1/2019,213,2019,NA,4,B3_R3,3,1,NA,NA,NA,No,No,54
8/1/2019,213,2019,12:30,4,B3_R3,4,1,-10.2,31.7,-4.6,No,No,54
8/1/2019,213,2019,NA,4,B3_R3,5,1,NA,NA,NA,No,No,54
8/1/2019,213,2019,12:30,4,B3_R3,6,1,-8.6,32.3,-5.1,No,No,54
8/1/2019,213,2019,NA,5,B1_R2,1,1,NA,NA,NA,No,No,34
8/1/2019,213,2019,16:00,5,B1_R2,2,1,-12,29.4,NA,No,No,34
8/1/2019,213,2019,16:00,5,B1_R2,3,1,-11.5,31.5,NA,No,No,34
8/1/2019,213,2019,NA,5,B1_R2,4,1,NA,NA,NA,No,No,34
8/1/2019,213,2019,NA,5,B1_R2,5,1,NA,NA,NA,No,No,34
8/1/2019,213,2019,16:00,5,B1_R2,6,1,-10.5,28.2,NA,No,No,34
8/1/2019,213,2019,16:00,5,B1_R3,1,1,-10.3,32.2,NA,No,No,55
8/1/2019,213,2019,NA,5,B1_R3,2,1,NA,NA,NA,No,No,55
8/1/2019,213,2019,NA,5,B1_R3,3,1,NA,NA,NA,No,No,55
8/1/2019,213,2019,16:00,5,B1_R3,4,1,-11.3,31.7,NA,No,No,55
8/1/2019,213,2019,16:00,5,B1_R3,5,1,-10.7,30.4,NA,No,No,55
8/1/2019,213,2019,NA,5,B1_R3,6,1,NA,NA,NA,No,No,55
8/1/2019,213,2019,NA,5,B1_R4,1,1,NA,NA,NA,No,No,67
8/1/2019,213,2019,16:00,5,B1_R4,2,1,-11,32.1,NA,No,No,67
8/1/2019,213,2019,16:00,5,B1_R4,3,1,-12.5,31.3,NA,No,No,67
8/1/2019,213,2019,NA,5,B1_R4,4,1,NA,NA,NA,No,No,67
8/1/2019,213,2019,16:00,5,B1_R4,5,1,-11,31.8,NA,No,No,67
8/1/2019,213,2019,NA,5,B1_R4,6,1,NA,NA,NA,No,No,67
8/1/2019,213,2019,16:00,5,B2_R1,1,1,-11.5,29.8,NA,No,No,23
8/1/2019,213,2019,NA,5,B2_R1,2,1,NA,NA,NA,No,No,23
8/1/2019,213,2019,16:00,5,B2_R1,3,1,-10,27.5,NA,No,No,23
8/1/2019,213,2019,NA,5,B2_R1,4,1,NA,NA,NA,No,No,23
8/1/2019,213,2019,16:00,5,B2_R1,5,1,-8,28.4,NA,No,No,23
8/1/2019,213,2019,NA,5,B2_R1,6,1,NA,NA,NA,No,No,23
8/1/2019,213,2019,NA,5,B2_R2,1,1,NA,NA,NA,No,No,35
8/1/2019,213,2019,16:00,5,B2_R2,2,1,-10.5,30.4,NA,No,No,35
8/1/2019,213,2019,16:00,5,B2_R2,3,1,-10.4,31.7,NA,No,No,35
8/1/2019,213,2019,NA,5,B2_R2,4,1,NA,NA,NA,No,No,35
8/1/2019,213,2019,16:00,5,B2_R2,5,1,-9.5,29.9,NA,No,No,35
8/1/2019,213,2019,NA,5,B2_R2,6,1,NA,NA,NA,No,No,35
8/1/2019,213,2019,NA,5,B2_R3,1,1,NA,NA,NA,No,No,48
8/1/2019,213,2019,16:00,5,B2_R3,2,1,-10.5,30.7,NA,No,No,48
8/1/2019,213,2019,NA,5,B2_R3,3,1,NA,NA,NA,No,No,48
8/1/2019,213,2019,16:00,5,B2_R3,4,1,-10.5,31.1,NA,No,No,48
8/1/2019,213,2019,16:00,5,B2_R3,5,1,-10,29.6,NA,No,No,48
8/1/2019,213,2019,NA,5,B2_R3,6,1,NA,NA,NA,No,No,48
8/1/2019,213,2019,16:00,5,B3_R1,1,1,-8,28.1,NA,No,No,27
8/1/2019,213,2019,NA,5,B3_R1,2,1,NA,NA,NA,No,No,27
8/1/2019,213,2019,16:00,5,B3_R1,3,1,-8.6,31.6,NA,No,No,27
8/1/2019,213,2019,NA,5,B3_R1,4,1,NA,NA,NA,No,No,27
8/1/2019,213,2019,NA,5,B3_R1,5,1,NA,NA,NA,No,No,27
8/1/2019,213,2019,16:00,5,B3_R1,6,1,-8.5,27.8,NA,No,No,27
8/1/2019,213,2019,NA,5,B3_R2,1,1,NA,NA,NA,No,No,45
8/1/2019,213,2019,16:00,5,B3_R2,2,1,-9.3,29.2,NA,No,No,45
8/1/2019,213,2019,16:00,5,B3_R2,3,1,-8.8,29.9,NA,No,No,45
8/1/2019,213,2019,NA,5,B3_R2,4,1,NA,NA,NA,No,No,45
8/1/2019,213,2019,16:00,5,B3_R2,5,1,-9.8,27.6,NA,No,No,45
8/1/2019,213,2019,NA,5,B3_R2,6,1,NA,NA,NA,No,No,45
8/1/2019,213,2019,NA,5,B3_R3,1,1,NA,NA,NA,No,No,54
8/1/2019,213,2019,16:00,5,B3_R3,2,1,-9.5,29.5,NA,No,No,54
8/1/2019,213,2019,NA,5,B3_R3,3,1,NA,NA,NA,No,No,54
8/1/2019,213,2019,16:00,5,B3_R3,4,1,-9.5,28.7,NA,No,No,54
8/1/2019,213,2019,NA,5,B3_R3,5,1,NA,NA,NA,No,No,54
8/1/2019,213,2019,16:00,5,B3_R3,6,1,-6.5,29.6,NA,No,No,54
8/15/2019,227,2019,5:30,1,B1_R2,1,1,-2.4,NA,NA,No,No,34
8/15/2019,227,2019,NA,1,B1_R2,2,1,NA,NA,NA,No,No,34
8/15/2019,227,2019,NA,1,B1_R2,3,1,NA,NA,NA,No,No,34
8/15/2019,227,2019,5:30,1,B1_R2,4,1,-1.7,NA,NA,No,No,34
8/15/2019,227,2019,5:30,1,B1_R2,5,1,-2.4,NA,NA,No,No,34
8/15/2019,227,2019,NA,1,B1_R2,6,1,NA,NA,NA,No,No,34
8/15/2019,227,2019,NA,1,B1_R3,1,1,NA,NA,NA,No,No,55
8/15/2019,227,2019,5:30,1,B1_R3,2,1,-2.2,NA,NA,No,No,55
8/15/2019,227,2019,5:30,1,B1_R3,3,1,-2.6,NA,NA,No,No,55
8/15/2019,227,2019,NA,1,B1_R3,4,1,NA,NA,NA,No,No,55
8/15/2019,227,2019,NA,1,B1_R3,5,1,NA,NA,NA,No,No,55
8/15/2019,227,2019,5:30,1,B1_R3,6,1,-2,NA,NA,No,No,55
8/15/2019,227,2019,5:30,1,B1_R4,1,1,-3,NA,NA,No,No,67
8/15/2019,227,2019,NA,1,B1_R4,2,1,NA,NA,NA,No,No,67
8/15/2019,227,2019,NA,1,B1_R4,3,1,NA,NA,NA,No,No,67
8/15/2019,227,2019,5:30,1,B1_R4,4,1,-3.5,NA,NA,No,No,67
8/15/2019,227,2019,NA,1,B1_R4,5,1,NA,NA,NA,No,No,67
8/15/2019,227,2019,5:30,1,B1_R4,6,1,-4,NA,NA,No,No,67
8/15/2019,227,2019,NA,1,B2_R1,1,1,NA,NA,NA,No,No,23
8/15/2019,227,2019,5:30,1,B2_R1,2,1,-2.3,NA,NA,No,No,23
8/15/2019,227,2019,NA,1,B2_R1,3,1,NA,NA,NA,No,No,23
8/15/2019,227,2019,5:30,1,B2_R1,4,1,-1.9,NA,NA,No,No,23
8/15/2019,227,2019,NA,1,B2_R1,5,1,NA,NA,NA,No,No,23
8/15/2019,227,2019,5:30,1,B2_R1,6,1,-1.9,NA,NA,No,No,23
8/15/2019,227,2019,5:30,1,B2_R2,1,1,-3,NA,NA,No,No,35
8/15/2019,227,2019,NA,1,B2_R2,2,1,NA,NA,NA,No,No,35
8/15/2019,227,2019,NA,1,B2_R2,3,1,NA,NA,NA,No,No,35
8/15/2019,227,2019,5:30,1,B2_R2,4,1,-1.1,NA,NA,No,No,35
8/15/2019,227,2019,NA,1,B2_R2,5,1,NA,NA,NA,No,No,35
8/15/2019,227,2019,5:30,1,B2_R2,6,1,-2.5,NA,NA,No,No,35
8/15/2019,227,2019,5:30,1,B2_R3,1,1,-1.4,NA,NA,No,No,48
8/15/2019,227,2019,NA,1,B2_R3,2,1,NA,NA,NA,No,No,48
8/15/2019,227,2019,5:30,1,B2_R3,3,1,-2.2,NA,NA,No,No,48
8/15/2019,227,2019,NA,1,B2_R3,4,1,NA,NA,NA,No,No,48
8/15/2019,227,2019,NA,1,B2_R3,5,1,NA,NA,NA,No,No,48
8/15/2019,227,2019,5:30,1,B2_R3,6,1,-2,NA,NA,No,No,48
8/15/2019,227,2019,NA,1,B3_R1,1,1,NA,NA,NA,No,No,27
8/15/2019,227,2019,5:30,1,B3_R1,2,1,-1.6,NA,NA,No,No,27
8/15/2019,227,2019,NA,1,B3_R1,3,1,NA,NA,NA,No,No,27
8/15/2019,227,2019,5:30,1,B3_R1,4,1,-1.5,NA,NA,No,No,27
8/15/2019,227,2019,5:30,1,B3_R1,5,1,-1.9,NA,NA,No,No,27
8/15/2019,227,2019,NA,1,B3_R1,6,1,NA,NA,NA,No,No,27
8/15/2019,227,2019,5:30,1,B3_R2,1,1,-3.2,NA,NA,No,No,45
8/15/2019,227,2019,NA,1,B3_R2,2,1,NA,NA,NA,No,No,45
8/15/2019,227,2019,NA,1,B3_R2,3,1,NA,NA,NA,No,No,45
8/15/2019,227,2019,5:30,1,B3_R2,4,1,-1,NA,NA,No,No,45
8/15/2019,227,2019,NA,1,B3_R2,5,1,NA,NA,NA,No,No,45
8/15/2019,227,2019,5:30,1,B3_R2,6,1,-2.2,NA,NA,No,No,45
8/15/2019,227,2019,5:30,1,B3_R3,1,1,-3.5,NA,NA,No,No,54
8/15/2019,227,2019,NA,1,B3_R3,2,1,NA,NA,NA,No,No,54
8/15/2019,227,2019,5:30,1,B3_R3,3,1,-3.3,NA,NA,No,No,54
8/15/2019,227,2019,NA,1,B3_R3,4,1,NA,NA,NA,No,No,54
8/15/2019,227,2019,5:30,1,B3_R3,5,1,-2.6,NA,NA,No,No,54
8/15/2019,227,2019,NA,1,B3_R3,6,1,NA,NA,NA,No,No,54
8/15/2019,227,2019,8:00,2,B1_R2,1,1,-9.4,22.6,NA,No,No,34
8/15/2019,227,2019,NA,2,B1_R2,2,1,NA,NA,NA,No,No,34
8/15/2019,227,2019,NA,2,B1_R2,3,1,NA,NA,NA,No,No,34
8/15/2019,227,2019,8:00,2,B1_R2,4,1,-11.1,18.4,NA,No,No,34
8/15/2019,227,2019,8:00,2,B1_R2,5,1,-7.5,22,NA,No,No,34
8/15/2019,227,2019,NA,2,B1_R2,6,1,NA,NA,NA,No,No,34
8/15/2019,227,2019,NA,2,B1_R3,1,1,NA,NA,NA,No,No,55
8/15/2019,227,2019,8:00,2,B1_R3,2,1,-10.8,27,NA,No,No,55
8/15/2019,227,2019,8:00,2,B1_R3,3,1,-10.6,27,NA,No,No,55
8/15/2019,227,2019,NA,2,B1_R3,4,1,NA,NA,NA,No,No,55
8/15/2019,227,2019,NA,2,B1_R3,5,1,NA,NA,NA,No,No,55
8/15/2019,227,2019,8:00,2,B1_R3,6,1,-11.5,29.5,NA,No,No,55
8/15/2019,227,2019,8:00,2,B1_R4,1,1,-12.7,29.6,NA,No,No,67
8/15/2019,227,2019,NA,2,B1_R4,2,1,NA,NA,NA,No,No,67
8/15/2019,227,2019,NA,2,B1_R4,3,1,NA,NA,NA,No,No,67
8/15/2019,227,2019,8:00,2,B1_R4,4,1,-12.9,27.8,NA,No,No,67
8/15/2019,227,2019,NA,2,B1_R4,5,1,NA,NA,NA,No,No,67
8/15/2019,227,2019,8:00,2,B1_R4,6,1,-10.5,28.6,NA,No,No,67
8/15/2019,227,2019,NA,2,B2_R1,1,1,NA,NA,NA,No,No,23
8/15/2019,227,2019,8:00,2,B2_R1,2,1,-10.6,24.6,NA,No,No,23
8/15/2019,227,2019,NA,2,B2_R1,3,1,NA,NA,NA,No,No,23
8/15/2019,227,2019,8:00,2,B2_R1,4,1,-5.8,19.2,NA,No,No,23
8/15/2019,227,2019,NA,2,B2_R1,5,1,NA,NA,NA,No,No,23
8/15/2019,227,2019,8:00,2,B2_R1,6,1,-7.5,20.1,NA,No,No,23
8/15/2019,227,2019,8:00,2,B2_R2,1,1,-6.5,25.9,NA,No,No,35
8/15/2019,227,2019,NA,2,B2_R2,2,1,NA,NA,NA,No,No,35
8/15/2019,227,2019,NA,2,B2_R2,3,1,NA,NA,NA,No,No,35
8/15/2019,227,2019,8:00,2,B2_R2,4,1,-3.8,23.8,NA,No,No,35
8/15/2019,227,2019,NA,2,B2_R2,5,1,NA,NA,NA,No,No,35
8/15/2019,227,2019,8:00,2,B2_R2,6,1,-5,25,NA,No,No,35
8/15/2019,227,2019,8:00,2,B2_R3,1,1,-11.5,31,NA,No,No,48
8/15/2019,227,2019,NA,2,B2_R3,2,1,NA,NA,NA,No,No,48
8/15/2019,227,2019,8:00,2,B2_R3,3,1,-11.6,27.3,NA,No,No,48
8/15/2019,227,2019,NA,2,B2_R3,4,1,NA,NA,NA,No,No,48
8/15/2019,227,2019,NA,2,B2_R3,5,1,NA,NA,NA,No,No,48
8/15/2019,227,2019,8:00,2,B2_R3,6,1,-10.5,26.7,NA,No,No,48
8/15/2019,227,2019,NA,2,B3_R1,1,1,NA,NA,NA,No,No,27
8/15/2019,227,2019,8:00,2,B3_R1,2,1,-8.4,27.6,NA,No,No,27
8/15/2019,227,2019,NA,2,B3_R1,3,1,NA,NA,NA,No,No,27
8/15/2019,227,2019,8:00,2,B3_R1,4,1,-10.3,26.6,NA,No,No,27
8/15/2019,227,2019,8:00,2,B3_R1,5,1,-9,27.8,NA,No,No,27
8/15/2019,227,2019,NA,2,B3_R1,6,1,NA,NA,NA,No,No,27
8/15/2019,227,2019,8:00,2,B3_R2,1,1,-7.2,25.6,NA,No,No,45
8/15/2019,227,2019,NA,2,B3_R2,2,1,NA,NA,NA,No,No,45
8/15/2019,227,2019,NA,2,B3_R2,3,1,NA,NA,NA,No,No,45
8/15/2019,227,2019,8:00,2,B3_R2,4,1,-6.5,25.8,NA,No,No,45
8/15/2019,227,2019,NA,2,B3_R2,5,1,NA,NA,NA,No,No,45
8/15/2019,227,2019,8:00,2,B3_R2,6,1,-6.5,29.3,NA,No,No,45
8/15/2019,227,2019,8:00,2,B3_R3,1,1,-10.8,28.1,NA,No,No,54
8/15/2019,227,2019,NA,2,B3_R3,2,1,NA,NA,NA,No,No,54
8/15/2019,227,2019,8:00,2,B3_R3,3,1,-11.7,21.2,NA,No,No,54
8/15/2019,227,2019,NA,2,B3_R3,4,1,NA,NA,NA,No,No,54
8/15/2019,227,2019,8:00,2,B3_R3,5,1,-9.2,23,NA,No,No,54
8/15/2019,227,2019,NA,2,B3_R3,6,1,NA,NA,NA,No,No,54
8/15/2019,227,2019,10:40,3,B1_R2,1,1,-14.6,34.3,NA,No,No,34
8/15/2019,227,2019,NA,3,B1_R2,2,1,NA,NA,NA,No,No,34
8/15/2019,227,2019,NA,3,B1_R2,3,1,NA,NA,NA,No,No,34
8/15/2019,227,2019,10:40,3,B1_R2,4,1,-13.4,32.3,NA,No,No,34
8/15/2019,227,2019,10:40,3,B1_R2,5,1,-12.1,28.4,NA,No,No,34
8/15/2019,227,2019,NA,3,B1_R2,6,1,NA,NA,NA,No,No,34
8/15/2019,227,2019,NA,3,B1_R3,1,1,NA,NA,NA,No,No,55
8/15/2019,227,2019,10:40,3,B1_R3,2,1,-14.6,34.9,NA,No,No,55
8/15/2019,227,2019,10:40,3,B1_R3,3,1,-12.7,34.1,NA,No,No,55
8/15/2019,227,2019,NA,3,B1_R3,4,1,NA,NA,NA,No,No,55
8/15/2019,227,2019,NA,3,B1_R3,5,1,NA,NA,NA,No,No,55
8/15/2019,227,2019,10:40,3,B1_R3,6,1,-14.6,34.3,NA,No,No,55
8/15/2019,227,2019,10:40,3,B1_R4,1,1,-16.5,32.6,NA,No,No,67
8/15/2019,227,2019,NA,3,B1_R4,2,1,NA,NA,NA,No,No,67
8/15/2019,227,2019,NA,3,B1_R4,3,1,NA,NA,NA,No,No,67
8/15/2019,227,2019,10:40,3,B1_R4,4,1,-15.2,33,NA,No,No,67
8/15/2019,227,2019,NA,3,B1_R4,5,1,NA,NA,NA,No,No,67
8/15/2019,227,2019,10:40,3,B1_R4,6,1,-16.1,34.2,NA,No,No,67
8/15/2019,227,2019,NA,3,B2_R1,1,1,NA,NA,NA,No,No,23
8/15/2019,227,2019,10:40,3,B2_R1,2,1,-12.5,30.4,NA,No,No,23
8/15/2019,227,2019,NA,3,B2_R1,3,1,NA,NA,NA,No,No,23
8/15/2019,227,2019,10:40,3,B2_R1,4,1,-9.8,29.3,NA,No,No,23
8/15/2019,227,2019,NA,3,B2_R1,5,1,NA,NA,NA,No,No,23
8/15/2019,227,2019,10:40,3,B2_R1,6,1,-11.8,31.4,NA,No,No,23
8/15/2019,227,2019,10:40,3,B2_R2,1,1,-10.9,31.5,NA,No,No,35
8/15/2019,227,2019,NA,3,B2_R2,2,1,NA,NA,NA,No,No,35
8/15/2019,227,2019,NA,3,B2_R2,3,1,NA,NA,NA,No,No,35
8/15/2019,227,2019,10:40,3,B2_R2,4,1,-10.6,31.9,NA,No,No,35
8/15/2019,227,2019,NA,3,B2_R2,5,1,NA,NA,NA,No,No,35
8/15/2019,227,2019,10:40,3,B2_R2,6,1,-8.7,32.2,NA,No,No,35
8/15/2019,227,2019,10:40,3,B2_R3,1,1,-12,32,NA,No,No,48
8/15/2019,227,2019,NA,3,B2_R3,2,1,NA,NA,NA,No,No,48
8/15/2019,227,2019,10:40,3,B2_R3,3,1,-14.2,32.1,NA,No,No,48
8/15/2019,227,2019,NA,3,B2_R3,4,1,NA,NA,NA,No,No,48
8/15/2019,227,2019,NA,3,B2_R3,5,1,NA,NA,NA,No,No,48
8/15/2019,227,2019,10:40,3,B2_R3,6,1,-12.6,33.6,NA,No,No,48
8/15/2019,227,2019,NA,3,B3_R1,1,1,NA,NA,NA,No,No,27
8/15/2019,227,2019,10:40,3,B3_R1,2,1,-9.5,31.9,NA,No,No,27
8/15/2019,227,2019,NA,3,B3_R1,3,1,NA,NA,NA,No,No,27
8/15/2019,227,2019,10:40,3,B3_R1,4,1,-10,33.2,NA,No,No,27
8/15/2019,227,2019,10:40,3,B3_R1,5,1,-11.1,30.6,NA,No,No,27
8/15/2019,227,2019,NA,3,B3_R1,6,1,NA,NA,NA,No,No,27
8/15/2019,227,2019,10:40,3,B3_R2,1,1,-11.3,33.4,NA,No,No,45
8/15/2019,227,2019,NA,3,B3_R2,2,1,NA,NA,NA,No,No,45
8/15/2019,227,2019,NA,3,B3_R2,3,1,NA,NA,NA,No,No,45
8/15/2019,227,2019,10:40,3,B3_R2,4,1,-8.7,31.3,NA,No,No,45
8/15/2019,227,2019,NA,3,B3_R2,5,1,NA,NA,NA,No,No,45
8/15/2019,227,2019,10:40,3,B3_R2,6,1,-9.1,31.1,NA,No,No,45
8/15/2019,227,2019,10:40,3,B3_R3,1,1,-12.1,30.9,NA,No,No,54
8/15/2019,227,2019,NA,3,B3_R3,2,1,NA,NA,NA,No,No,54
8/15/2019,227,2019,10:40,3,B3_R3,3,1,-11.9,29.8,NA,No,No,54
8/15/2019,227,2019,NA,3,B3_R3,4,1,NA,NA,NA,No,No,54
8/15/2019,227,2019,10:40,3,B3_R3,5,1,-10.9,30,NA,No,No,54
8/15/2019,227,2019,NA,3,B3_R3,6,1,NA,NA,NA,No,No,54
8/15/2019,227,2019,13:00,4,B1_R2,1,1,-12.1,40.1,-8.4,No,No,34
8/15/2019,227,2019,NA,4,B1_R2,2,1,NA,NA,NA,No,No,34
8/15/2019,227,2019,NA,4,B1_R2,3,1,NA,NA,NA,No,No,34
8/15/2019,227,2019,13:00,4,B1_R2,4,1,-13.1,40.8,-9.5,No,No,34
8/15/2019,227,2019,13:00,4,B1_R2,5,1,-12.9,36.4,-8.5,No,No,34
8/15/2019,227,2019,NA,4,B1_R2,6,1,NA,NA,NA,No,No,34
8/15/2019,227,2019,NA,4,B1_R3,1,1,NA,NA,NA,No,No,55
8/15/2019,227,2019,13:00,4,B1_R3,2,1,-17.5,39.8,-12.1,No,No,55
8/15/2019,227,2019,13:00,4,B1_R3,3,1,-18.4,38.1,-11.5,No,No,55
8/15/2019,227,2019,NA,4,B1_R3,4,1,NA,NA,NA,No,No,55
8/15/2019,227,2019,NA,4,B1_R3,5,1,NA,NA,NA,No,No,55
8/15/2019,227,2019,13:00,4,B1_R3,6,1,-17.6,38.3,-14.5,No,No,55
8/15/2019,227,2019,13:00,4,B1_R4,1,1,-14.4,42,-9,No,No,67
8/15/2019,227,2019,NA,4,B1_R4,2,1,NA,NA,NA,No,No,67
8/15/2019,227,2019,NA,4,B1_R4,3,1,NA,NA,NA,No,No,67
8/15/2019,227,2019,13:00,4,B1_R4,4,1,-14.2,43.1,-9.3,No,No,67
8/15/2019,227,2019,NA,4,B1_R4,5,1,NA,NA,NA,No,No,67
8/15/2019,227,2019,13:00,4,B1_R4,6,1,-15,40.1,-10,No,No,67
8/15/2019,227,2019,NA,4,B2_R1,1,1,NA,NA,NA,No,No,23
8/15/2019,227,2019,13:00,4,B2_R1,2,1,-11.6,35.1,-10,No,Yes (stem),23
8/15/2019,227,2019,NA,4,B2_R1,3,1,NA,NA,NA,No,No,23
8/15/2019,227,2019,13:00,4,B2_R1,4,1,-12,34.6,-5.3,No,No,23
8/15/2019,227,2019,NA,4,B2_R1,5,1,NA,NA,NA,No,No,23
8/15/2019,227,2019,13:00,4,B2_R1,6,1,-12.4,34.1,-5.3,No,No,23
8/15/2019,227,2019,13:00,4,B2_R2,1,1,-13.9,34.3,-6.5,No,No,35
8/15/2019,227,2019,NA,4,B2_R2,2,1,NA,NA,NA,No,No,35
8/15/2019,227,2019,NA,4,B2_R2,3,1,NA,NA,NA,No,No,35
8/15/2019,227,2019,13:00,4,B2_R2,4,1,-10.8,35.1,-10.5,No,No,35
8/15/2019,227,2019,NA,4,B2_R2,5,1,NA,NA,NA,No,No,35
8/15/2019,227,2019,13:00,4,B2_R2,6,1,-18.5,34.1,-6.2,No,No,35
8/15/2019,227,2019,13:00,4,B2_R3,1,1,-14.9,35.8,-10.2,No,No,48
8/15/2019,227,2019,NA,4,B2_R3,2,1,NA,NA,NA,No,No,48
8/15/2019,227,2019,13:00,4,B2_R3,3,1,-15.6,35.8,-13.1,No,No,48
8/15/2019,227,2019,NA,4,B2_R3,4,1,NA,NA,NA,No,No,48
8/15/2019,227,2019,NA,4,B2_R3,5,1,NA,NA,NA,No,No,48
8/15/2019,227,2019,13:00,4,B2_R3,6,1,-16.1,36.3,-10.1,No,No,48
8/15/2019,227,2019,NA,4,B3_R1,1,1,NA,NA,NA,No,No,27
8/15/2019,227,2019,13:00,4,B3_R1,2,1,-15.1,31.4,-9.8,No,No,27
8/15/2019,227,2019,NA,4,B3_R1,3,1,NA,NA,NA,No,No,27
8/15/2019,227,2019,13:00,4,B3_R1,4,1,-14.8,32.8,-9.2,No,No,27
8/15/2019,227,2019,13:00,4,B3_R1,5,1,-14.4,31.5,-9.7,No,No,27
8/15/2019,227,2019,NA,4,B3_R1,6,1,NA,NA,NA,No,No,27
8/15/2019,227,2019,13:00,4,B3_R2,1,1,-16.9,33.4,-11.9,No,No,45
8/15/2019,227,2019,NA,4,B3_R2,2,1,NA,NA,NA,No,No,45
8/15/2019,227,2019,NA,4,B3_R2,3,1,NA,NA,NA,No,No,45
8/15/2019,227,2019,13:00,4,B3_R2,4,1,-13.1,33.5,-7.8,No,No,45
8/15/2019,227,2019,NA,4,B3_R2,5,1,NA,NA,NA,No,No,45
8/15/2019,227,2019,13:00,4,B3_R2,6,1,-14.1,32.1,-7.9,No,No,45
8/15/2019,227,2019,13:00,4,B3_R3,1,1,-13.6,36.4,-5.3,No,No,54
8/15/2019,227,2019,NA,4,B3_R3,2,1,NA,NA,NA,No,No,54
8/15/2019,227,2019,13:00,4,B3_R3,3,1,-15,36.3,-5.5,No,No,54
8/15/2019,227,2019,NA,4,B3_R3,4,1,NA,NA,NA,No,No,54
8/15/2019,227,2019,13:00,4,B3_R3,5,1,-12.2,35,-5.3,No,No,54
8/15/2019,227,2019,NA,4,B3_R3,6,1,NA,NA,NA,No,No,54
8/15/2019,227,2019,16:00,5,B1_R2,1,1,-15.2,37.5,NA,No,No,34
8/15/2019,227,2019,NA,5,B1_R2,2,1,NA,NA,NA,No,No,34
8/15/2019,227,2019,NA,5,B1_R2,3,1,NA,NA,NA,No,No,34
8/15/2019,227,2019,16:00,5,B1_R2,4,1,-13.1,36.1,NA,No,No,34
8/15/2019,227,2019,16:00,5,B1_R2,5,1,-11.5,34.6,NA,No,No,34
8/15/2019,227,2019,NA,5,B1_R2,6,1,NA,NA,NA,No,No,34
8/15/2019,227,2019,NA,5,B1_R3,1,1,NA,NA,NA,No,No,55
8/15/2019,227,2019,16:00,5,B1_R3,2,1,-12.6,38.7,NA,No,No,55
8/15/2019,227,2019,16:00,5,B1_R3,3,1,-10,37.9,NA,No,No,55
8/15/2019,227,2019,NA,5,B1_R3,4,1,NA,NA,NA,No,No,55
8/15/2019,227,2019,NA,5,B1_R3,5,1,NA,NA,NA,No,No,55
8/15/2019,227,2019,16:00,5,B1_R3,6,1,-13.4,41,NA,No,No,55
8/15/2019,227,2019,16:00,5,B1_R4,1,1,-13.1,37.1,NA,No,No,67
8/15/2019,227,2019,NA,5,B1_R4,2,1,NA,NA,NA,No,No,67
8/15/2019,227,2019,NA,5,B1_R4,3,1,NA,NA,NA,No,No,67
8/15/2019,227,2019,16:00,5,B1_R4,4,1,-13.5,36.1,NA,No,No,67
8/15/2019,227,2019,NA,5,B1_R4,5,1,NA,NA,NA,No,No,67
8/15/2019,227,2019,16:00,5,B1_R4,6,1,-15.9,37.2,NA,No,No,67
8/15/2019,227,2019,NA,5,B2_R1,1,1,NA,NA,NA,No,No,23
8/15/2019,227,2019,16:00,5,B2_R1,2,1,-12.1,35.2,NA,No,No,23
8/15/2019,227,2019,NA,5,B2_R1,3,1,NA,NA,NA,No,No,23
8/15/2019,227,2019,16:00,5,B2_R1,4,1,-12.5,32.7,NA,No,No,23
8/15/2019,227,2019,NA,5,B2_R1,5,1,NA,NA,NA,No,No,23
8/15/2019,227,2019,16:00,5,B2_R1,6,1,-13.4,32.5,NA,No,No,23
8/15/2019,227,2019,16:00,5,B2_R2,1,1,-11.7,34,NA,No,No,35
8/15/2019,227,2019,NA,5,B2_R2,2,1,NA,NA,NA,No,No,35
8/15/2019,227,2019,NA,5,B2_R2,3,1,NA,NA,NA,No,No,35
8/15/2019,227,2019,16:00,5,B2_R2,4,1,-11.1,36.2,NA,No,No,35
8/15/2019,227,2019,NA,5,B2_R2,5,1,NA,NA,NA,No,No,35
8/15/2019,227,2019,16:00,5,B2_R2,6,1,-9.8,34.3,NA,No,No,35
8/15/2019,227,2019,16:00,5,B2_R3,1,1,-10.5,32.6,NA,No,No,48
8/15/2019,227,2019,NA,5,B2_R3,2,1,NA,NA,NA,No,No,48
8/15/2019,227,2019,16:00,5,B2_R3,3,1,-11.8,38.6,NA,No,No,48
8/15/2019,227,2019,NA,5,B2_R3,4,1,NA,NA,NA,No,No,48
8/15/2019,227,2019,NA,5,B2_R3,5,1,NA,NA,NA,No,No,48
8/15/2019,227,2019,16:00,5,B2_R3,6,1,-10.8,34.1,NA,No,No,48
8/15/2019,227,2019,NA,5,B3_R1,1,1,NA,NA,NA,No,No,27
8/15/2019,227,2019,16:00,5,B3_R1,2,1,-8.8,30.8,NA,No,No,27
8/15/2019,227,2019,NA,5,B3_R1,3,1,NA,NA,NA,No,No,27
8/15/2019,227,2019,16:00,5,B3_R1,4,1,-9.2,31.7,NA,No,No,27
8/15/2019,227,2019,16:00,5,B3_R1,5,1,-9.3,33.2,NA,No,No,27
8/15/2019,227,2019,NA,5,B3_R1,6,1,NA,NA,NA,No,No,27
8/15/2019,227,2019,16:00,5,B3_R2,1,1,-12.6,35.2,NA,No,No,45
8/15/2019,227,2019,NA,5,B3_R2,2,1,NA,NA,NA,No,No,45
8/15/2019,227,2019,NA,5,B3_R2,3,1,NA,NA,NA,No,No,45
8/15/2019,227,2019,16:00,5,B3_R2,4,1,-10.3,35.9,NA,No,No,45
8/15/2019,227,2019,NA,5,B3_R2,5,1,NA,NA,NA,No,No,45
8/15/2019,227,2019,16:00,5,B3_R2,6,1,-11.1,35.4,NA,No,No,45
8/15/2019,227,2019,16:00,5,B3_R3,1,1,-13.5,32.6,NA,No,No,54
8/15/2019,227,2019,NA,5,B3_R3,2,1,NA,NA,NA,No,No,54
8/15/2019,227,2019,16:00,5,B3_R3,3,1,-13,32.2,NA,No,No,54
8/15/2019,227,2019,NA,5,B3_R3,4,1,NA,NA,NA,No,No,54
8/15/2019,227,2019,16:00,5,B3_R3,5,1,-13.5,32,NA,No,No,54
8/15/2019,227,2019,NA,5,B3_R3,6,1,NA,NA,NA,No,No,54
8/20/2019,232,2019,5:00,1,B1_R2,1,1,-2.2,NA,NA,No,No,34
8/20/2019,232,2019,NA,1,B1_R2,2,1,NA,NA,NA,No,No,34
8/20/2019,232,2019,NA,1,B1_R2,3,1,NA,NA,NA,No,No,34
8/20/2019,232,2019,5:00,1,B1_R2,4,1,-1.4,NA,NA,No,No,34
8/20/2019,232,2019,5:00,1,B1_R2,5,1,-1.6,NA,NA,No,No,34
8/20/2019,232,2019,NA,1,B1_R2,6,1,NA,NA,NA,No,No,34
8/20/2019,232,2019,NA,1,B1_R3,1,1,NA,NA,NA,No,No,55
8/20/2019,232,2019,5:00,1,B1_R3,2,1,-3.1,NA,NA,No,No,55
8/20/2019,232,2019,5:00,1,B1_R3,3,1,-2.8,NA,NA,No,No,55
8/20/2019,232,2019,NA,1,B1_R3,4,1,NA,NA,NA,No,No,55
8/20/2019,232,2019,NA,1,B1_R3,5,1,NA,NA,NA,No,No,55
8/20/2019,232,2019,5:00,1,B1_R3,6,1,-3.3,NA,NA,No,No,55
8/20/2019,232,2019,5:00,1,B1_R4,1,1,-1.9,NA,NA,No,No,67
8/20/2019,232,2019,NA,1,B1_R4,2,1,NA,NA,NA,No,No,67
8/20/2019,232,2019,NA,1,B1_R4,3,1,NA,NA,NA,No,No,67
8/20/2019,232,2019,5:00,1,B1_R4,4,1,-2.2,NA,NA,No,No,67
8/20/2019,232,2019,NA,1,B1_R4,5,1,NA,NA,NA,No,No,67
8/20/2019,232,2019,5:00,1,B1_R4,6,1,-1.5,NA,NA,No,No,67
8/20/2019,232,2019,NA,1,B2_R1,1,1,NA,NA,NA,No,No,23
8/20/2019,232,2019,5:00,1,B2_R1,2,1,-1.6,NA,NA,No,No,23
8/20/2019,232,2019,NA,1,B2_R1,3,1,NA,NA,NA,No,No,23
8/20/2019,232,2019,5:00,1,B2_R1,4,1,-1.2,NA,NA,No,No,23
8/20/2019,232,2019,NA,1,B2_R1,5,1,NA,NA,NA,No,No,23
8/20/2019,232,2019,5:00,1,B2_R1,6,1,-1.2,NA,NA,No,No,23
8/20/2019,232,2019,5:00,1,B2_R2,1,1,-0.6,NA,NA,No,No,35
8/20/2019,232,2019,NA,1,B2_R2,2,1,NA,NA,NA,No,No,35
8/20/2019,232,2019,NA,1,B2_R2,3,1,NA,NA,NA,No,No,35
8/20/2019,232,2019,5:00,1,B2_R2,4,1,-0.6,NA,NA,No,No,35
8/20/2019,232,2019,NA,1,B2_R2,5,1,NA,NA,NA,No,No,35
8/20/2019,232,2019,5:00,1,B2_R2,6,1,-0.6,NA,NA,No,No,35
8/20/2019,232,2019,5:00,1,B2_R3,1,1,-1.9,NA,NA,No,No,48
8/20/2019,232,2019,NA,1,B2_R3,2,1,NA,NA,NA,No,No,48
8/20/2019,232,2019,5:00,1,B2_R3,3,1,-1.7,NA,NA,No,No,48
8/20/2019,232,2019,NA,1,B2_R3,4,1,NA,NA,NA,No,No,48
8/20/2019,232,2019,NA,1,B2_R3,5,1,NA,NA,NA,No,No,48
8/20/2019,232,2019,5:00,1,B2_R3,6,1,-1.4,NA,NA,No,No,48
8/20/2019,232,2019,NA,1,B3_R1,1,1,NA,NA,NA,No,No,27
8/20/2019,232,2019,5:00,1,B3_R1,2,1,-1.1,NA,NA,No,No,27
8/20/2019,232,2019,NA,1,B3_R1,3,1,NA,NA,NA,No,No,27
8/20/2019,232,2019,5:00,1,B3_R1,4,1,-0.8,NA,NA,No,No,27
8/20/2019,232,2019,5:00,1,B3_R1,5,1,-1.1,NA,NA,No,No,27
8/20/2019,232,2019,NA,1,B3_R1,6,1,NA,NA,NA,No,No,27
8/20/2019,232,2019,5:00,1,B3_R2,1,1,-0.7,NA,NA,No,No,45
8/20/2019,232,2019,NA,1,B3_R2,2,1,NA,NA,NA,No,No,45
8/20/2019,232,2019,NA,1,B3_R2,3,1,NA,NA,NA,No,No,45
8/20/2019,232,2019,5:00,1,B3_R2,4,1,-1.3,NA,NA,No,No,45
8/20/2019,232,2019,NA,1,B3_R2,5,1,NA,NA,NA,No,No,45
8/20/2019,232,2019,5:00,1,B3_R2,6,1,-1,NA,NA,No,No,45
8/20/2019,232,2019,5:00,1,B3_R3,1,1,-1.2,NA,NA,No,No,54
8/20/2019,232,2019,NA,1,B3_R3,2,1,NA,NA,NA,No,No,54
8/20/2019,232,2019,5:00,1,B3_R3,3,1,-1.1,NA,NA,No,No,54
8/20/2019,232,2019,NA,1,B3_R3,4,1,NA,NA,NA,No,No,54
8/20/2019,232,2019,5:00,1,B3_R3,5,1,-0.8,NA,NA,No,No,54
8/20/2019,232,2019,NA,1,B3_R3,6,1,NA,NA,NA,No,No,54
8/20/2019,232,2019,8:00,2,B1_R2,1,1,-5.1,21,NA,No,No,34
8/20/2019,232,2019,NA,2,B1_R2,2,1,NA,NA,NA,No,No,34
8/20/2019,232,2019,NA,2,B1_R2,3,1,NA,NA,NA,No,No,34
8/20/2019,232,2019,8:00,2,B1_R2,4,1,-4.4,21.1,NA,No,No,34
8/20/2019,232,2019,8:00,2,B1_R2,5,1,-4.1,20.8,NA,No,No,34
8/20/2019,232,2019,NA,2,B1_R2,6,1,NA,NA,NA,No,No,34
8/20/2019,232,2019,NA,2,B1_R3,1,1,NA,NA,NA,No,No,55
8/20/2019,232,2019,8:00,2,B1_R3,2,1,-8.3,20.1,NA,No,No,55
8/20/2019,232,2019,8:00,2,B1_R3,3,1,-8,20.9,NA,No,No,55
8/20/2019,232,2019,NA,2,B1_R3,4,1,NA,NA,NA,No,No,55
8/20/2019,232,2019,NA,2,B1_R3,5,1,NA,NA,NA,No,No,55
8/20/2019,232,2019,8:00,2,B1_R3,6,1,-7.1,20.1,NA,No,No,55
8/20/2019,232,2019,8:00,2,B1_R4,1,1,-5.4,21.7,NA,No,No,67
8/20/2019,232,2019,NA,2,B1_R4,2,1,NA,NA,NA,No,No,67
8/20/2019,232,2019,NA,2,B1_R4,3,1,NA,NA,NA,No,No,67
8/20/2019,232,2019,8:00,2,B1_R4,4,1,-6.9,24.8,NA,No,No,67
8/20/2019,232,2019,NA,2,B1_R4,5,1,NA,NA,NA,No,No,67
8/20/2019,232,2019,8:00,2,B1_R4,6,1,-5.4,23.8,NA,No,No,67
8/20/2019,232,2019,NA,2,B2_R1,1,1,NA,NA,NA,No,No,23
8/20/2019,232,2019,8:00,2,B2_R1,2,1,-1.3,21.7,NA,No,No,23
8/20/2019,232,2019,NA,2,B2_R1,3,1,NA,NA,NA,No,No,23
8/20/2019,232,2019,8:00,2,B2_R1,4,1,-1,19.4,NA,No,No,23
8/20/2019,232,2019,NA,2,B2_R1,5,1,NA,NA,NA,No,No,23
8/20/2019,232,2019,8:00,2,B2_R1,6,1,-0.8,19.7,NA,No,No,23
8/20/2019,232,2019,8:00,2,B2_R2,1,1,-6.9,17.8,NA,No,No,35
8/20/2019,232,2019,NA,2,B2_R2,2,1,NA,NA,NA,No,No,35
8/20/2019,232,2019,NA,2,B2_R2,3,1,NA,NA,NA,No,No,35
8/20/2019,232,2019,8:00,2,B2_R2,4,1,-6.8,21.5,NA,No,No,35
8/20/2019,232,2019,NA,2,B2_R2,5,1,NA,NA,NA,No,No,35
8/20/2019,232,2019,8:00,2,B2_R2,6,1,-6.2,18.6,NA,No,No,35
8/20/2019,232,2019,8:00,2,B2_R3,1,1,-8.7,23.6,NA,No,No,48
8/20/2019,232,2019,NA,2,B2_R3,2,1,NA,NA,NA,No,No,48
8/20/2019,232,2019,8:00,2,B2_R3,3,1,-9.4,24.2,NA,No,No,48
8/20/2019,232,2019,NA,2,B2_R3,4,1,NA,NA,NA,No,No,48
8/20/2019,232,2019,NA,2,B2_R3,5,1,NA,NA,NA,No,No,48
8/20/2019,232,2019,8:00,2,B2_R3,6,1,-9,20,NA,No,No,48
8/20/2019,232,2019,NA,2,B3_R1,1,1,NA,NA,NA,No,No,27
8/20/2019,232,2019,8:00,2,B3_R1,2,1,-7,23.2,NA,No,No,27
8/20/2019,232,2019,NA,2,B3_R1,3,1,NA,NA,NA,No,No,27
8/20/2019,232,2019,8:00,2,B3_R1,4,1,-7.2,21.3,NA,No,No,27
8/20/2019,232,2019,8:00,2,B3_R1,5,1,-8,20.7,NA,No,No,27
8/20/2019,232,2019,NA,2,B3_R1,6,1,NA,NA,NA,No,No,27
8/20/2019,232,2019,8:00,2,B3_R2,1,1,-6,20.2,NA,No,No,45
8/20/2019,232,2019,NA,2,B3_R2,2,1,NA,NA,NA,No,No,45
8/20/2019,232,2019,NA,2,B3_R2,3,1,NA,NA,NA,No,No,45
8/20/2019,232,2019,8:00,2,B3_R2,4,1,-6.5,17.1,NA,No,No,45
8/20/2019,232,2019,NA,2,B3_R2,5,1,NA,NA,NA,No,No,45
8/20/2019,232,2019,8:00,2,B3_R2,6,1,-6.8,14.2,NA,No,No,45
8/20/2019,232,2019,8:00,2,B3_R3,1,1,-3.3,23.5,NA,No,No,54
8/20/2019,232,2019,NA,2,B3_R3,2,1,NA,NA,NA,No,No,54
8/20/2019,232,2019,8:00,2,B3_R3,3,1,-3.7,20.5,NA,No,No,54
8/20/2019,232,2019,NA,2,B3_R3,4,1,NA,NA,NA,No,No,54
8/20/2019,232,2019,8:00,2,B3_R3,5,1,-4,22.5,NA,No,No,54
8/20/2019,232,2019,NA,2,B3_R3,6,1,NA,NA,NA,No,No,54
8/20/2019,232,2019,10:30,3,B1_R2,1,1,-9.3,24.3,NA,No,No,34
8/20/2019,232,2019,NA,3,B1_R2,2,1,NA,NA,NA,No,No,34
8/20/2019,232,2019,NA,3,B1_R2,3,1,NA,NA,NA,No,No,34
8/20/2019,232,2019,10:30,3,B1_R2,4,1,-9.1,24.5,NA,No,No,34
8/20/2019,232,2019,10:30,3,B1_R2,5,1,-8.2,25.6,NA,No,No,34
8/20/2019,232,2019,NA,3,B1_R2,6,1,NA,NA,NA,No,No,34
8/20/2019,232,2019,NA,3,B1_R3,1,1,NA,NA,NA,No,No,55
8/20/2019,232,2019,10:30,3,B1_R3,2,1,-8.2,27.3,NA,No,No,55
8/20/2019,232,2019,10:30,3,B1_R3,3,1,-6.9,26.2,NA,No,No,55
8/20/2019,232,2019,NA,3,B1_R3,4,1,NA,NA,NA,No,No,55
8/20/2019,232,2019,NA,3,B1_R3,5,1,NA,NA,NA,No,No,55
8/20/2019,232,2019,10:30,3,B1_R3,6,1,-7.9,30.1,NA,No,No,55
8/20/2019,232,2019,10:30,3,B1_R4,1,1,-9.5,30.9,NA,No,No,67
8/20/2019,232,2019,NA,3,B1_R4,2,1,NA,NA,NA,No,No,67
8/20/2019,232,2019,NA,3,B1_R4,3,1,NA,NA,NA,No,No,67
8/20/2019,232,2019,10:30,3,B1_R4,4,1,-9.4,25.5,NA,No,No,67
8/20/2019,232,2019,NA,3,B1_R4,5,1,NA,NA,NA,No,No,67
8/20/2019,232,2019,10:30,3,B1_R4,6,1,-9.9,29.2,NA,No,No,67
8/20/2019,232,2019,NA,3,B2_R1,1,1,NA,NA,NA,No,No,23
8/20/2019,232,2019,10:30,3,B2_R1,2,1,-7.9,27.3,NA,No,No,23
8/20/2019,232,2019,NA,3,B2_R1,3,1,NA,NA,NA,No,No,23
8/20/2019,232,2019,10:30,3,B2_R1,4,1,-6.5,24.7,NA,No,No,23
8/20/2019,232,2019,NA,3,B2_R1,5,1,NA,NA,NA,No,No,23
8/20/2019,232,2019,10:30,3,B2_R1,6,1,-6.3,24.2,NA,No,No,23
8/20/2019,232,2019,10:30,3,B2_R2,1,1,-6.6,22.3,NA,No,No,35
8/20/2019,232,2019,NA,3,B2_R2,2,1,NA,NA,NA,No,No,35
8/20/2019,232,2019,NA,3,B2_R2,3,1,NA,NA,NA,No,No,35
8/20/2019,232,2019,10:30,3,B2_R2,4,1,-5.4,26.7,NA,No,No,35
8/20/2019,232,2019,NA,3,B2_R2,5,1,NA,NA,NA,No,No,35
8/20/2019,232,2019,10:30,3,B2_R2,6,1,-5.6,24.7,NA,No,No,35
8/20/2019,232,2019,10:30,3,B2_R3,1,1,-8.4,26.6,NA,No,No,48
8/20/2019,232,2019,NA,3,B2_R3,2,1,NA,NA,NA,No,No,48
8/20/2019,232,2019,10:30,3,B2_R3,3,1,-10.2,27.4,NA,No,No,48
8/20/2019,232,2019,NA,3,B2_R3,4,1,NA,NA,NA,No,No,48
8/20/2019,232,2019,NA,3,B2_R3,5,1,NA,NA,NA,No,No,48
8/20/2019,232,2019,10:30,3,B2_R3,6,1,-8.1,27.3,NA,No,No,48
8/20/2019,232,2019,NA,3,B3_R1,1,1,NA,NA,NA,No,No,27
8/20/2019,232,2019,10:30,3,B3_R1,2,1,-7.7,30.8,NA,No,No,27
8/20/2019,232,2019,NA,3,B3_R1,3,1,NA,NA,NA,No,No,27
8/20/2019,232,2019,10:30,3,B3_R1,4,1,-6.5,26.9,NA,No,No,27
8/20/2019,232,2019,10:30,3,B3_R1,5,1,-6.6,27.2,NA,No,No,27
8/20/2019,232,2019,NA,3,B3_R1,6,1,NA,NA,NA,No,No,27
8/20/2019,232,2019,10:30,3,B3_R2,1,1,-4.3,24.1,NA,No,No,45
8/20/2019,232,2019,NA,3,B3_R2,2,1,NA,NA,NA,No,No,45
8/20/2019,232,2019,NA,3,B3_R2,3,1,NA,NA,NA,No,No,45
8/20/2019,232,2019,10:30,3,B3_R2,4,1,-6.3,28.8,NA,No,No,45
8/20/2019,232,2019,NA,3,B3_R2,5,1,NA,NA,NA,No,No,45
8/20/2019,232,2019,10:30,3,B3_R2,6,1,-6.1,27.6,NA,No,No,45
8/20/2019,232,2019,10:30,3,B3_R3,1,1,-7.1,28.2,NA,No,No,54
8/20/2019,232,2019,NA,3,B3_R3,2,1,NA,NA,NA,No,No,54
8/20/2019,232,2019,10:30,3,B3_R3,3,1,-5.4,25,NA,No,No,54
8/20/2019,232,2019,NA,3,B3_R3,4,1,NA,NA,NA,No,No,54
8/20/2019,232,2019,10:30,3,B3_R3,5,1,-8.6,24.5,NA,No,No,54
8/20/2019,232,2019,NA,3,B3_R3,6,1,NA,NA,NA,No,No,54
8/20/2019,232,2019,13:00,4,B1_R2,1,1,-13.1,27.8,-10.2,No,No,34
8/20/2019,232,2019,NA,4,B1_R2,2,1,NA,NA,NA,No,No,34
8/20/2019,232,2019,NA,4,B1_R2,3,1,NA,NA,NA,No,No,34
8/20/2019,232,2019,13:00,4,B1_R2,4,1,-13.6,27.1,-11.4,No,No,34
8/20/2019,232,2019,13:00,4,B1_R2,5,1,-10.4,27.2,-12.9,No,No,34
8/20/2019,232,2019,NA,4,B1_R2,6,1,NA,NA,NA,No,No,34
8/20/2019,232,2019,NA,4,B1_R3,1,1,NA,NA,NA,No,No,55
8/20/2019,232,2019,13:00,4,B1_R3,2,1,-12,28.9,-8.4,No,No,55
8/20/2019,232,2019,13:00,4,B1_R3,3,1,-12.9,30.4,-7.2,No,No,55
8/20/2019,232,2019,NA,4,B1_R3,4,1,NA,NA,NA,No,No,55
8/20/2019,232,2019,NA,4,B1_R3,5,1,NA,NA,NA,No,No,55
8/20/2019,232,2019,13:00,4,B1_R3,6,1,-13.2,30.5,-8.5,No,No,55
8/20/2019,232,2019,13:00,4,B1_R4,1,1,-6.2,30.5,-7.9,No,No,67
8/20/2019,232,2019,NA,4,B1_R4,2,1,NA,NA,NA,No,No,67
8/20/2019,232,2019,NA,4,B1_R4,3,1,NA,NA,NA,No,No,67
8/20/2019,232,2019,13:00,4,B1_R4,4,1,-13.1,30.9,-10.8,No,No,67
8/20/2019,232,2019,NA,4,B1_R4,5,1,NA,NA,NA,No,No,67
8/20/2019,232,2019,13:00,4,B1_R4,6,1,-12.5,30,-10.5,No,No,67
8/20/2019,232,2019,NA,4,B2_R1,1,1,NA,NA,NA,No,No,23
8/20/2019,232,2019,13:00,4,B2_R1,2,1,-9.3,26.9,-7.9,No,No,23
8/20/2019,232,2019,NA,4,B2_R1,3,1,NA,NA,NA,No,No,23
8/20/2019,232,2019,13:00,4,B2_R1,4,1,-8.1,28.6,-7.5,No,No,23
8/20/2019,232,2019,NA,4,B2_R1,5,1,NA,NA,NA,No,No,23
8/20/2019,232,2019,13:00,4,B2_R1,6,1,-6.9,30.2,-6.8,No,No,23
8/20/2019,232,2019,13:00,4,B2_R2,1,1,-12.6,31.9,-6.6,No,No,35
8/20/2019,232,2019,NA,4,B2_R2,2,1,NA,NA,NA,No,No,35
8/20/2019,232,2019,NA,4,B2_R2,3,1,NA,NA,NA,No,No,35
8/20/2019,232,2019,13:00,4,B2_R2,4,1,-10,28.9,-6.3,No,No,35
8/20/2019,232,2019,NA,4,B2_R2,5,1,NA,NA,NA,No,No,35
8/20/2019,232,2019,13:00,4,B2_R2,6,1,-14.2,27.5,-5.5,No,No,35
8/20/2019,232,2019,13:00,4,B2_R3,1,1,-13.1,29,-7,No,No,48
8/20/2019,232,2019,NA,4,B2_R3,2,1,NA,NA,NA,No,No,48
8/20/2019,232,2019,13:00,4,B2_R3,3,1,-13.8,32.6,-8.8,No,Yes (stem),48
8/20/2019,232,2019,NA,4,B2_R3,4,1,NA,NA,NA,No,No,48
8/20/2019,232,2019,NA,4,B2_R3,5,1,NA,NA,NA,No,No,48
8/20/2019,232,2019,13:00,4,B2_R3,6,1,-12.3,30.6,-6.9,No,No,48
8/20/2019,232,2019,NA,4,B3_R1,1,1,NA,NA,NA,No,No,27
8/20/2019,232,2019,13:00,4,B3_R1,2,1,-11.8,31.1,-5.8,No,No,27
8/20/2019,232,2019,NA,4,B3_R1,3,1,NA,NA,NA,No,No,27
8/20/2019,232,2019,13:00,4,B3_R1,4,1,-10.8,29.5,-5,No,No,27
8/20/2019,232,2019,13:00,4,B3_R1,5,1,-10.9,28.6,-6.2,No,Yes (stem),27
8/20/2019,232,2019,NA,4,B3_R1,6,1,NA,NA,NA,No,No,27
8/20/2019,232,2019,13:00,4,B3_R2,1,1,-10.2,29.2,-5,No,No,45
8/20/2019,232,2019,NA,4,B3_R2,2,1,NA,NA,NA,No,No,45
8/20/2019,232,2019,NA,4,B3_R2,3,1,NA,NA,NA,No,No,45
8/20/2019,232,2019,13:00,4,B3_R2,4,1,-10,28.2,-6,No,No,45
8/20/2019,232,2019,NA,4,B3_R2,5,1,NA,NA,NA,No,No,45
8/20/2019,232,2019,13:00,4,B3_R2,6,1,-9,30.8,-4.5,No,No,45
8/20/2019,232,2019,13:00,4,B3_R3,1,1,-9.4,30.1,-7.3,No,No,54
8/20/2019,232,2019,NA,4,B3_R3,2,1,NA,NA,NA,No,No,54
8/20/2019,232,2019,13:00,4,B3_R3,3,1,-9.7,27.9,-7.4,No,No,54
8/20/2019,232,2019,NA,4,B3_R3,4,1,NA,NA,NA,No,No,54
8/20/2019,232,2019,13:00,4,B3_R3,5,1,-7.9,30.1,-6.4,No,No,54
8/20/2019,232,2019,NA,4,B3_R3,6,1,NA,NA,NA,No,No,54
8/20/2019,232,2019,16:00,5,B1_R2,1,1,-13,29.3,NA,No,No,34
8/20/2019,232,2019,NA,5,B1_R2,2,1,NA,NA,NA,No,No,34
8/20/2019,232,2019,NA,5,B1_R2,3,1,NA,NA,NA,No,No,34
8/20/2019,232,2019,16:00,5,B1_R2,4,1,-11.1,29.2,NA,No,No,34
8/20/2019,232,2019,16:00,5,B1_R2,5,1,-9.6,29.9,NA,No,No,34
8/20/2019,232,2019,NA,5,B1_R2,6,1,NA,NA,NA,No,No,34
8/20/2019,232,2019,NA,5,B1_R3,1,1,NA,NA,NA,No,No,55
8/20/2019,232,2019,16:00,5,B1_R3,2,1,-10.2,29.5,NA,No,No,55
8/20/2019,232,2019,16:00,5,B1_R3,3,1,-10.4,30.2,NA,No,No,55
8/20/2019,232,2019,NA,5,B1_R3,4,1,NA,NA,NA,No,No,55
8/20/2019,232,2019,NA,5,B1_R3,5,1,NA,NA,NA,No,No,55
8/20/2019,232,2019,16:00,5,B1_R3,6,1,-11.9,31.3,NA,No,No,55
8/20/2019,232,2019,16:00,5,B1_R4,1,1,-9.6,26.6,NA,No,No,67
8/20/2019,232,2019,NA,5,B1_R4,2,1,NA,NA,NA,No,No,67
8/20/2019,232,2019,NA,5,B1_R4,3,1,NA,NA,NA,No,No,67
8/20/2019,232,2019,16:00,5,B1_R4,4,1,-9.1,28.6,NA,No,No,67
8/20/2019,232,2019,NA,5,B1_R4,5,1,NA,NA,NA,No,No,67
8/20/2019,232,2019,16:00,5,B1_R4,6,1,-9.7,26.5,NA,No,No,67
8/20/2019,232,2019,NA,5,B2_R1,1,1,NA,NA,NA,No,No,23
8/20/2019,232,2019,16:00,5,B2_R1,2,1,-9.6,29,NA,No,No,23
8/20/2019,232,2019,NA,5,B2_R1,3,1,NA,NA,NA,No,No,23
8/20/2019,232,2019,16:00,5,B2_R1,4,1,-9.1,30,NA,No,No,23
8/20/2019,232,2019,NA,5,B2_R1,5,1,NA,NA,NA,No,No,23
8/20/2019,232,2019,16:00,5,B2_R1,6,1,-10.4,28.6,NA,No,No,23
8/20/2019,232,2019,16:00,5,B2_R2,1,1,-9.7,28.5,NA,No,No,35
8/20/2019,232,2019,NA,5,B2_R2,2,1,NA,NA,NA,No,No,35
8/20/2019,232,2019,NA,5,B2_R2,3,1,NA,NA,NA,No,No,35
8/20/2019,232,2019,16:00,5,B2_R2,4,1,-10.6,31.2,NA,No,No,35
8/20/2019,232,2019,NA,5,B2_R2,5,1,NA,NA,NA,No,No,35
8/20/2019,232,2019,16:00,5,B2_R2,6,1,-8.9,30.2,NA,No,No,35
8/20/2019,232,2019,16:00,5,B2_R3,1,1,-10.7,27,NA,No,No,48
8/20/2019,232,2019,NA,5,B2_R3,2,1,NA,NA,NA,No,No,48
8/20/2019,232,2019,16:00,5,B2_R3,3,1,-11.2,29.4,NA,No,No,48
8/20/2019,232,2019,NA,5,B2_R3,4,1,NA,NA,NA,No,No,48
8/20/2019,232,2019,NA,5,B2_R3,5,1,NA,NA,NA,No,No,48
8/20/2019,232,2019,16:00,5,B2_R3,6,1,-11.7,27.8,NA,No,No,48
8/20/2019,232,2019,NA,5,B3_R1,1,1,NA,NA,NA,No,No,27
8/20/2019,232,2019,16:00,5,B3_R1,2,1,-10.5,30.4,NA,No,No,27
8/20/2019,232,2019,NA,5,B3_R1,3,1,NA,NA,NA,No,No,27
8/20/2019,232,2019,16:00,5,B3_R1,4,1,-10.1,31.4,NA,No,No,27
8/20/2019,232,2019,16:00,5,B3_R1,5,1,-9.6,28.4,NA,No,No,27
8/20/2019,232,2019,NA,5,B3_R1,6,1,NA,NA,NA,No,No,27
8/20/2019,232,2019,16:00,5,B3_R2,1,1,-7.9,23.4,NA,No,No,45
8/20/2019,232,2019,NA,5,B3_R2,2,1,NA,NA,NA,No,No,45
8/20/2019,232,2019,NA,5,B3_R2,3,1,NA,NA,NA,No,No,45
8/20/2019,232,2019,16:00,5,B3_R2,4,1,-9.1,27.9,NA,No,No,45
8/20/2019,232,2019,NA,5,B3_R2,5,1,NA,NA,NA,No,No,45
8/20/2019,232,2019,16:00,5,B3_R2,6,1,-8.6,28,NA,No,No,45
8/20/2019,232,2019,16:00,5,B3_R3,1,1,-8.4,26.2,NA,No,No,54
8/20/2019,232,2019,NA,5,B3_R3,2,1,NA,NA,NA,No,No,54
8/20/2019,232,2019,16:00,5,B3_R3,3,1,-9,27.5,NA,No,No,54
8/20/2019,232,2019,NA,5,B3_R3,4,1,NA,NA,NA,No,No,54
8/20/2019,232,2019,16:00,5,B3_R3,5,1,-7.1,27.8,NA,No,No,54
8/20/2019,232,2019,NA,5,B3_R3,6,1,NA,NA,NA,No,No,54
9/5/2019,248,2019,NA,1,B1_R2,1,1,NA,NA,NA,No,No,34
9/5/2019,248,2019,5:00,1,B1_R2,2,1,-3.4,NA,NA,No,No,34
9/5/2019,248,2019,5:00,1,B1_R2,3,1,-2.9,NA,NA,No,No,34
9/5/2019,248,2019,NA,1,B1_R2,4,1,NA,NA,NA,No,No,34
9/5/2019,248,2019,NA,1,B1_R2,5,1,NA,NA,NA,No,No,34
9/5/2019,248,2019,5:00,1,B1_R2,6,1,-3.7,NA,NA,No,No,34
9/5/2019,248,2019,5:00,1,B1_R3,1,1,-4.7,NA,NA,No,No,55
9/5/2019,248,2019,NA,1,B1_R3,2,1,NA,NA,NA,No,No,55
9/5/2019,248,2019,NA,1,B1_R3,3,1,NA,NA,NA,No,No,55
9/5/2019,248,2019,5:00,1,B1_R3,4,1,-4.2,NA,NA,No,No,55
9/5/2019,248,2019,5:00,1,B1_R3,5,1,-3.1,NA,NA,Yes,No,55
9/5/2019,248,2019,NA,1,B1_R3,6,1,NA,NA,NA,No,No,55
9/5/2019,248,2019,NA,1,B1_R4,1,1,NA,NA,NA,No,No,67
9/5/2019,248,2019,5:00,1,B1_R4,2,1,-4.3,NA,NA,No,No,67
9/5/2019,248,2019,5:00,1,B1_R4,3,1,-4.3,NA,NA,No,No,67
9/5/2019,248,2019,NA,1,B1_R4,4,1,NA,NA,NA,No,No,67
9/5/2019,248,2019,5:00,1,B1_R4,5,1,-3,NA,NA,No,No,67
9/5/2019,248,2019,NA,1,B1_R4,6,1,NA,NA,NA,No,No,67
9/5/2019,248,2019,5:00,1,B2_R1,1,1,-3.8,NA,NA,No,No,23
9/5/2019,248,2019,NA,1,B2_R1,2,1,NA,NA,NA,No,No,23
9/5/2019,248,2019,5:00,1,B2_R1,3,1,-3.8,NA,NA,No,No,23
9/5/2019,248,2019,NA,1,B2_R1,4,1,NA,NA,NA,No,No,23
9/5/2019,248,2019,5:00,1,B2_R1,5,1,-3.9,NA,NA,No,No,23
9/5/2019,248,2019,NA,1,B2_R1,6,1,NA,NA,NA,No,No,23
9/5/2019,248,2019,NA,1,B2_R2,1,1,NA,NA,NA,No,No,35
9/5/2019,248,2019,5:00,1,B2_R2,2,1,-4.7,NA,NA,No,No,35
9/5/2019,248,2019,5:00,1,B2_R2,3,1,-5.5,NA,NA,No,No,35
9/5/2019,248,2019,NA,1,B2_R2,4,1,NA,NA,NA,No,No,35
9/5/2019,248,2019,5:00,1,B2_R2,5,1,-4.4,NA,NA,No,No,35
9/5/2019,248,2019,NA,1,B2_R2,6,1,NA,NA,NA,No,No,35
9/5/2019,248,2019,NA,1,B2_R3,1,1,NA,NA,NA,No,No,48
9/5/2019,248,2019,5:00,1,B2_R3,2,1,-4.2,NA,NA,No,No,48
9/5/2019,248,2019,NA,1,B2_R3,3,1,NA,NA,NA,No,No,48
9/5/2019,248,2019,5:00,1,B2_R3,4,1,-3.8,NA,NA,No,No,48
9/5/2019,248,2019,5:00,1,B2_R3,5,1,-4.1,NA,NA,No,No,48
9/5/2019,248,2019,NA,1,B2_R3,6,1,NA,NA,NA,No,No,48
9/5/2019,248,2019,5:00,1,B3_R1,1,1,-3.1,NA,NA,No,No,27
9/5/2019,248,2019,NA,1,B3_R1,2,1,NA,NA,NA,No,No,27
9/5/2019,248,2019,5:00,1,B3_R1,3,1,-4.7,NA,NA,No,No,27
9/5/2019,248,2019,NA,1,B3_R1,4,1,NA,NA,NA,No,No,27
9/5/2019,248,2019,NA,1,B3_R1,5,1,NA,NA,NA,No,No,27
9/5/2019,248,2019,5:00,1,B3_R1,6,1,-4.2,NA,NA,No,No,27
9/5/2019,248,2019,NA,1,B3_R2,1,1,NA,NA,NA,No,No,45
9/5/2019,248,2019,5:00,1,B3_R2,2,1,-5.8,NA,NA,No,No,45
9/5/2019,248,2019,5:00,1,B3_R2,3,1,-4.5,NA,NA,No,No,45
9/5/2019,248,2019,NA,1,B3_R2,4,1,NA,NA,NA,No,No,45
9/5/2019,248,2019,5:00,1,B3_R2,5,1,-3.6,NA,NA,Yes,No,45
9/5/2019,248,2019,NA,1,B3_R2,6,1,NA,NA,NA,No,No,45
9/5/2019,248,2019,NA,1,B3_R3,1,1,NA,NA,NA,No,No,54
9/5/2019,248,2019,5:00,1,B3_R3,2,1,-4.4,NA,NA,No,No,54
9/5/2019,248,2019,NA,1,B3_R3,3,1,NA,NA,NA,No,No,54
9/5/2019,248,2019,5:00,1,B3_R3,4,1,-4,NA,NA,No,No,54
9/5/2019,248,2019,NA,1,B3_R3,5,1,NA,NA,NA,No,No,54
9/5/2019,248,2019,5:00,1,B3_R3,6,1,-2.3,NA,NA,No,No,54
9/5/2019,248,2019,NA,2,B1_R2,1,1,NA,NA,NA,No,No,34
9/5/2019,248,2019,8:00,2,B1_R2,2,1,-9.2,NA,NA,No,No,34
9/5/2019,248,2019,8:00,2,B1_R2,3,1,-8.6,NA,NA,No,No,34
9/5/2019,248,2019,NA,2,B1_R2,4,1,NA,NA,NA,No,No,34
9/5/2019,248,2019,NA,2,B1_R2,5,1,NA,NA,NA,No,No,34
9/5/2019,248,2019,8:00,2,B1_R2,6,1,-8.1,NA,NA,No,No,34
9/5/2019,248,2019,8:00,2,B1_R3,1,1,-9,NA,NA,No,No,55
9/5/2019,248,2019,NA,2,B1_R3,2,1,NA,NA,NA,No,No,55
9/5/2019,248,2019,NA,2,B1_R3,3,1,NA,NA,NA,No,No,55
9/5/2019,248,2019,8:00,2,B1_R3,4,1,-10,NA,NA,No,No,55
9/5/2019,248,2019,8:00,2,B1_R3,5,1,-7,NA,NA,Yes,No,55
9/5/2019,248,2019,NA,2,B1_R3,6,1,NA,NA,NA,No,No,55
9/5/2019,248,2019,NA,2,B1_R4,1,1,NA,NA,NA,No,No,67
9/5/2019,248,2019,8:00,2,B1_R4,2,1,-11.4,NA,NA,No,No,67
9/5/2019,248,2019,8:00,2,B1_R4,3,1,-12.6,NA,NA,No,No,67
9/5/2019,248,2019,NA,2,B1_R4,4,1,NA,NA,NA,No,No,67
9/5/2019,248,2019,8:00,2,B1_R4,5,1,-11.7,NA,NA,No,No,67
9/5/2019,248,2019,NA,2,B1_R4,6,1,NA,NA,NA,No,No,67
9/5/2019,248,2019,8:00,2,B2_R1,1,1,-8.2,NA,NA,No,No,23
9/5/2019,248,2019,NA,2,B2_R1,2,1,NA,NA,NA,No,No,23
9/5/2019,248,2019,8:00,2,B2_R1,3,1,-6.7,NA,NA,No,No,23
9/5/2019,248,2019,NA,2,B2_R1,4,1,NA,NA,NA,No,No,23
9/5/2019,248,2019,8:00,2,B2_R1,5,1,-5.6,NA,NA,No,No,23
9/5/2019,248,2019,NA,2,B2_R1,6,1,NA,NA,NA,No,No,23
9/5/2019,248,2019,NA,2,B2_R2,1,1,NA,NA,NA,No,No,35
9/5/2019,248,2019,8:00,2,B2_R2,2,1,-6.5,NA,NA,No,No,35
9/5/2019,248,2019,8:00,2,B2_R2,3,1,-6.6,NA,NA,No,No,35
9/5/2019,248,2019,NA,2,B2_R2,4,1,NA,NA,NA,No,No,35
9/5/2019,248,2019,8:00,2,B2_R2,5,1,-5.8,NA,NA,No,No,35
9/5/2019,248,2019,NA,2,B2_R2,6,1,NA,NA,NA,No,No,35
9/5/2019,248,2019,NA,2,B2_R3,1,1,NA,NA,NA,No,No,48
9/5/2019,248,2019,8:00,2,B2_R3,2,1,-10.7,NA,NA,No,No,48
9/5/2019,248,2019,NA,2,B2_R3,3,1,NA,NA,NA,No,No,48
9/5/2019,248,2019,8:00,2,B2_R3,4,1,-10.8,NA,NA,No,No,48
9/5/2019,248,2019,8:00,2,B2_R3,5,1,-11.4,NA,NA,No,No,48
9/5/2019,248,2019,NA,2,B2_R3,6,1,NA,NA,NA,No,No,48
9/5/2019,248,2019,8:00,2,B3_R1,1,1,-9.2,NA,NA,No,No,27
9/5/2019,248,2019,NA,2,B3_R1,2,1,NA,NA,NA,No,No,27
9/5/2019,248,2019,8:00,2,B3_R1,3,1,-12,NA,NA,No,No,27
9/5/2019,248,2019,NA,2,B3_R1,4,1,NA,NA,NA,No,No,27
9/5/2019,248,2019,NA,2,B3_R1,5,1,NA,NA,NA,No,No,27
9/5/2019,248,2019,8:00,2,B3_R1,6,1,-12.5,NA,NA,No,No,27
9/5/2019,248,2019,NA,2,B3_R2,1,1,NA,NA,NA,No,No,45
9/5/2019,248,2019,8:00,2,B3_R2,2,1,-10,NA,NA,No,No,45
9/5/2019,248,2019,8:00,2,B3_R2,3,1,-6.7,NA,NA,No,No,45
9/5/2019,248,2019,NA,2,B3_R2,4,1,NA,NA,NA,No,No,45
9/5/2019,248,2019,8:00,2,B3_R2,5,1,-6,NA,NA,Yes,No,45
9/5/2019,248,2019,NA,2,B3_R2,6,1,NA,NA,NA,No,No,45
9/5/2019,248,2019,NA,2,B3_R3,1,1,NA,NA,NA,No,No,54
9/5/2019,248,2019,8:00,2,B3_R3,2,1,-10.9,NA,NA,No,No,54
9/5/2019,248,2019,NA,2,B3_R3,3,1,NA,NA,NA,No,No,54
9/5/2019,248,2019,8:00,2,B3_R3,4,1,-9.7,NA,NA,No,No,54
9/5/2019,248,2019,NA,2,B3_R3,5,1,NA,NA,NA,No,No,54
9/5/2019,248,2019,8:00,2,B3_R3,6,1,-8.6,NA,NA,No,No,54
9/5/2019,248,2019,NA,3,B1_R2,1,1,NA,NA,NA,No,No,34
9/5/2019,248,2019,8:00,3,B1_R2,2,1,-15.1,NA,NA,No,No,34
9/5/2019,248,2019,8:00,3,B1_R2,3,1,-14,NA,NA,No,No,34
9/5/2019,248,2019,NA,3,B1_R2,4,1,NA,NA,NA,No,No,34
9/5/2019,248,2019,NA,3,B1_R2,5,1,NA,NA,NA,No,No,34
9/5/2019,248,2019,10:30,3,B1_R2,6,1,-12.4,NA,NA,No,No,34
9/5/2019,248,2019,10:30,3,B1_R3,1,1,-15.1,NA,NA,No,No,55
9/5/2019,248,2019,NA,3,B1_R3,2,1,NA,NA,NA,No,No,55
9/5/2019,248,2019,NA,3,B1_R3,3,1,NA,NA,NA,No,No,55
9/5/2019,248,2019,10:30,3,B1_R3,4,1,-14.2,NA,NA,No,No,55
9/5/2019,248,2019,10:30,3,B1_R3,5,1,-13.4,NA,NA,Yes,No,55
9/5/2019,248,2019,NA,3,B1_R3,6,1,NA,NA,NA,No,No,55
9/5/2019,248,2019,NA,3,B1_R4,1,1,NA,NA,NA,No,No,67
9/5/2019,248,2019,10:30,3,B1_R4,2,1,-12.9,NA,NA,No,No,67
9/5/2019,248,2019,10:30,3,B1_R4,3,1,-15.2,NA,NA,No,No,67
9/5/2019,248,2019,NA,3,B1_R4,4,1,NA,NA,NA,No,No,67
9/5/2019,248,2019,10:30,3,B1_R4,5,1,-15,NA,NA,No,No,67
9/5/2019,248,2019,NA,3,B1_R4,6,1,NA,NA,NA,No,No,67
9/5/2019,248,2019,10:30,3,B2_R1,1,1,-13.8,NA,NA,No,No,23
9/5/2019,248,2019,NA,3,B2_R1,2,1,NA,NA,NA,No,No,23
9/5/2019,248,2019,10:30,3,B2_R1,3,1,-10.9,NA,NA,No,No,23
9/5/2019,248,2019,NA,3,B2_R1,4,1,NA,NA,NA,No,No,23
9/5/2019,248,2019,10:30,3,B2_R1,5,1,-11,NA,NA,No,No,23
9/5/2019,248,2019,NA,3,B2_R1,6,1,NA,NA,NA,No,No,23
9/5/2019,248,2019,NA,3,B2_R2,1,1,NA,NA,NA,No,No,35
9/5/2019,248,2019,10:30,3,B2_R2,2,1,-12.8,NA,NA,No,No,35
9/5/2019,248,2019,10:30,3,B2_R2,3,1,-11.9,NA,NA,No,No,35
9/5/2019,248,2019,NA,3,B2_R2,4,1,NA,NA,NA,No,No,35
9/5/2019,248,2019,10:30,3,B2_R2,5,1,-12.6,NA,NA,No,No,35
9/5/2019,248,2019,NA,3,B2_R2,6,1,NA,NA,NA,No,No,35
9/5/2019,248,2019,NA,3,B2_R3,1,1,NA,NA,NA,No,No,48
9/5/2019,248,2019,10:30,3,B2_R3,2,1,-15.2,NA,NA,No,No,48
9/5/2019,248,2019,NA,3,B2_R3,3,1,NA,NA,NA,No,No,48
9/5/2019,248,2019,10:30,3,B2_R3,4,1,-16.2,NA,NA,No,No,48
9/5/2019,248,2019,10:30,3,B2_R3,5,1,-15.1,NA,NA,No,No,48
9/5/2019,248,2019,NA,3,B2_R3,6,1,NA,NA,NA,No,No,48
9/5/2019,248,2019,10:30,3,B3_R1,1,1,-13.9,NA,NA,No,No,27
9/5/2019,248,2019,NA,3,B3_R1,2,1,NA,NA,NA,No,No,27
9/5/2019,248,2019,10:30,3,B3_R1,3,1,-15.4,NA,NA,No,No,27
9/5/2019,248,2019,NA,3,B3_R1,4,1,NA,NA,NA,No,No,27
9/5/2019,248,2019,NA,3,B3_R1,5,1,NA,NA,NA,No,No,27
9/5/2019,248,2019,10:30,3,B3_R1,6,1,-14.8,NA,NA,No,No,27
9/5/2019,248,2019,NA,3,B3_R2,1,1,NA,NA,NA,No,No,45
9/5/2019,248,2019,10:30,3,B3_R2,2,1,-13.8,NA,NA,No,No,45
9/5/2019,248,2019,10:30,3,B3_R2,3,1,-14.2,NA,NA,No,No,45
9/5/2019,248,2019,NA,3,B3_R2,4,1,NA,NA,NA,No,No,45
9/5/2019,248,2019,10:30,3,B3_R2,5,1,-10.9,NA,NA,Yes,No,45
9/5/2019,248,2019,NA,3,B3_R2,6,1,NA,NA,NA,No,No,45
9/5/2019,248,2019,NA,3,B3_R3,1,1,NA,NA,NA,No,No,54
9/5/2019,248,2019,10:30,3,B3_R3,2,1,-13.9,NA,NA,No,No,54
9/5/2019,248,2019,NA,3,B3_R3,3,1,NA,NA,NA,No,No,54
9/5/2019,248,2019,10:30,3,B3_R3,4,1,-13.6,NA,NA,No,No,54
9/5/2019,248,2019,NA,3,B3_R3,5,1,NA,NA,NA,No,No,54
9/5/2019,248,2019,10:30,3,B3_R3,6,1,-13.1,NA,NA,No,No,54
9/5/2019,248,2019,NA,4,B1_R2,1,1,NA,NA,NA,No,No,34
9/5/2019,248,2019,12:50,4,B1_R2,2,1,-18.4,NA,-10.7,No,No,34
9/5/2019,248,2019,12:50,4,B1_R2,3,1,-20.6,NA,-8.3,No,No,34
9/5/2019,248,2019,NA,4,B1_R2,4,1,NA,NA,NA,No,No,34
9/5/2019,248,2019,NA,4,B1_R2,5,1,NA,NA,NA,No,No,34
9/5/2019,248,2019,12:50,4,B1_R2,6,1,-16.3,NA,-8.8,No,No,34
9/5/2019,248,2019,12:50,4,B1_R3,1,1,-16.2,NA,-10.3,No,No,55
9/5/2019,248,2019,NA,4,B1_R3,2,1,NA,NA,NA,No,No,55
9/5/2019,248,2019,NA,4,B1_R3,3,1,NA,NA,NA,No,No,55
9/5/2019,248,2019,12:50,4,B1_R3,4,1,-15,NA,-11,No,No,55
9/5/2019,248,2019,12:50,4,B1_R3,5,1,-13,NA,-8,Yes,No,55
9/5/2019,248,2019,NA,4,B1_R3,6,1,NA,NA,NA,No,No,55
9/5/2019,248,2019,NA,4,B1_R4,1,1,NA,NA,NA,No,No,67
9/5/2019,248,2019,12:50,4,B1_R4,2,1,-20.9,NA,-11.1,No,No,67
9/5/2019,248,2019,12:50,4,B1_R4,3,1,-14.9,NA,-8.4,No,No,67
9/5/2019,248,2019,NA,4,B1_R4,4,1,NA,NA,NA,No,No,67
9/5/2019,248,2019,12:50,4,B1_R4,5,1,-14.2,NA,-10.1,No,No,67
9/5/2019,248,2019,NA,4,B1_R4,6,1,NA,NA,NA,No,No,67
9/5/2019,248,2019,12:50,4,B2_R1,1,1,-19.9,NA,-11.1,No,No,23
9/5/2019,248,2019,NA,4,B2_R1,2,1,NA,NA,NA,No,No,23
9/5/2019,248,2019,12:50,4,B2_R1,3,1,-13.7,NA,-12.6,No,No,23
9/5/2019,248,2019,NA,4,B2_R1,4,1,NA,NA,NA,No,No,23
9/5/2019,248,2019,12:50,4,B2_R1,5,1,-14.8,NA,-9.9,No,No,23
9/5/2019,248,2019,NA,4,B2_R1,6,1,NA,NA,NA,No,No,23
9/5/2019,248,2019,NA,4,B2_R2,1,1,NA,NA,NA,No,No,35
9/5/2019,248,2019,12:50,4,B2_R2,2,1,-14.4,NA,-10,No,No,35
9/5/2019,248,2019,12:50,4,B2_R2,3,1,-15.2,NA,-10.4,No,No,35
9/5/2019,248,2019,NA,4,B2_R2,4,1,NA,NA,NA,No,No,35
9/5/2019,248,2019,12:50,4,B2_R2,5,1,-16.5,NA,-8.6,No,No,35
9/5/2019,248,2019,NA,4,B2_R2,6,1,NA,NA,NA,No,No,35
9/5/2019,248,2019,NA,4,B2_R3,1,1,NA,NA,NA,No,No,48
9/5/2019,248,2019,12:50,4,B2_R3,2,1,-13.8,NA,-10.8,No,No,48
9/5/2019,248,2019,NA,4,B2_R3,3,1,NA,NA,NA,No,No,48
9/5/2019,248,2019,12:50,4,B2_R3,4,1,-13.5,NA,-10.6,No,No,48
9/5/2019,248,2019,12:50,4,B2_R3,5,1,-14.8,NA,-11,No,No,48
9/5/2019,248,2019,NA,4,B2_R3,6,1,NA,NA,NA,No,No,48
9/5/2019,248,2019,12:50,4,B3_R1,1,1,-15,NA,-10,No,No,27
9/5/2019,248,2019,NA,4,B3_R1,2,1,NA,NA,NA,No,No,27
9/5/2019,248,2019,12:50,4,B3_R1,3,1,-17,NA,-11.6,No,No,27
9/5/2019,248,2019,NA,4,B3_R1,4,1,NA,NA,NA,No,No,27
9/5/2019,248,2019,NA,4,B3_R1,5,1,NA,NA,NA,No,No,27
9/5/2019,248,2019,12:50,4,B3_R1,6,1,-14.9,NA,-9.6,No,No,27
9/5/2019,248,2019,NA,4,B3_R2,1,1,NA,NA,NA,No,No,45
9/5/2019,248,2019,12:50,4,B3_R2,2,1,-15,NA,-10,No,No,45
9/5/2019,248,2019,12:50,4,B3_R2,3,1,-14.1,NA,-9.6,No,No,45
9/5/2019,248,2019,NA,4,B3_R2,4,1,NA,NA,NA,No,No,45
9/5/2019,248,2019,12:50,4,B3_R2,5,1,-14.2,NA,-8.7,Yes,No,45
9/5/2019,248,2019,NA,4,B3_R2,6,1,NA,NA,NA,No,No,45
9/5/2019,248,2019,NA,4,B3_R3,1,1,NA,NA,NA,No,No,54
9/5/2019,248,2019,12:50,4,B3_R3,2,1,-18.3,NA,-9.9,No,No,54
9/5/2019,248,2019,NA,4,B3_R3,3,1,NA,NA,NA,No,No,54
9/5/2019,248,2019,12:50,4,B3_R3,4,1,-19.8,NA,-10.7,No,No,54
9/5/2019,248,2019,NA,4,B3_R3,5,1,NA,NA,NA,No,No,54
9/5/2019,248,2019,12:50,4,B3_R3,6,1,-18.1,NA,-9.6,No,No,54
9/5/2019,248,2019,NA,5,B1_R2,1,1,NA,NA,NA,No,No,34
9/5/2019,248,2019,16:00,5,B1_R2,2,1,-14.2,NA,NA,No,No,34
9/5/2019,248,2019,16:00,5,B1_R2,3,1,-14.5,NA,NA,No,No,34
9/5/2019,248,2019,NA,5,B1_R2,4,1,NA,NA,NA,No,No,34
9/5/2019,248,2019,NA,5,B1_R2,5,1,NA,NA,NA,No,No,34
9/5/2019,248,2019,16:00,5,B1_R2,6,1,-14.5,NA,NA,No,No,34
9/5/2019,248,2019,16:00,5,B1_R3,1,1,-16.9,NA,NA,No,No,55
9/5/2019,248,2019,NA,5,B1_R3,2,1,NA,NA,NA,No,No,55
9/5/2019,248,2019,NA,5,B1_R3,3,1,NA,NA,NA,No,No,55
9/5/2019,248,2019,16:00,5,B1_R3,4,1,-16.4,NA,NA,No,No,55
9/5/2019,248,2019,16:00,5,B1_R3,5,1,-14.6,NA,NA,Yes,No,55
9/5/2019,248,2019,NA,5,B1_R3,6,1,NA,NA,NA,No,No,55
9/5/2019,248,2019,NA,5,B1_R4,1,1,NA,NA,NA,No,No,67
9/5/2019,248,2019,16:00,5,B1_R4,2,1,-11.2,NA,NA,No,No,67
9/5/2019,248,2019,16:00,5,B1_R4,3,1,-12.6,NA,NA,No,No,67
9/5/2019,248,2019,NA,5,B1_R4,4,1,NA,NA,NA,No,No,67
9/5/2019,248,2019,16:00,5,B1_R4,5,1,-14.1,NA,NA,No,No,67
9/5/2019,248,2019,NA,5,B1_R4,6,1,NA,NA,NA,No,No,67
9/5/2019,248,2019,16:00,5,B2_R1,1,1,-14.6,NA,NA,No,No,23
9/5/2019,248,2019,NA,5,B2_R1,2,1,NA,NA,NA,No,No,23
9/5/2019,248,2019,16:00,5,B2_R1,3,1,-13.7,NA,NA,No,No,23
9/5/2019,248,2019,NA,5,B2_R1,4,1,NA,NA,NA,No,No,23
9/5/2019,248,2019,16:00,5,B2_R1,5,1,-12.4,NA,NA,No,No,23
9/5/2019,248,2019,NA,5,B2_R1,6,1,NA,NA,NA,No,No,23
9/5/2019,248,2019,NA,5,B2_R2,1,1,NA,NA,NA,No,No,35
9/5/2019,248,2019,16:00,5,B2_R2,2,1,-16.4,NA,NA,No,No,35
9/5/2019,248,2019,16:00,5,B2_R2,3,1,-16.2,NA,NA,No,No,35
9/5/2019,248,2019,NA,5,B2_R2,4,1,NA,NA,NA,No,No,35
9/5/2019,248,2019,16:00,5,B2_R2,5,1,-15.1,NA,NA,No,No,35
9/5/2019,248,2019,NA,5,B2_R2,6,1,NA,NA,NA,No,No,35
9/5/2019,248,2019,NA,5,B2_R3,1,1,NA,NA,NA,No,No,48
9/5/2019,248,2019,16:00,5,B2_R3,2,1,-15,NA,NA,No,No,48
9/5/2019,248,2019,NA,5,B2_R3,3,1,NA,NA,NA,No,No,48
9/5/2019,248,2019,16:00,5,B2_R3,4,1,-15.7,NA,NA,No,No,48
9/5/2019,248,2019,16:00,5,B2_R3,5,1,-14.3,NA,NA,No,No,48
9/5/2019,248,2019,NA,5,B2_R3,6,1,NA,NA,NA,No,No,48
9/5/2019,248,2019,16:00,5,B3_R1,1,1,-13.8,NA,NA,No,No,27
9/5/2019,248,2019,NA,5,B3_R1,2,1,NA,NA,NA,No,No,27
9/5/2019,248,2019,16:00,5,B3_R1,3,1,-15.5,NA,NA,No,No,27
9/5/2019,248,2019,NA,5,B3_R1,4,1,NA,NA,NA,No,No,27
9/5/2019,248,2019,NA,5,B3_R1,5,1,NA,NA,NA,No,No,27
9/5/2019,248,2019,16:00,5,B3_R1,6,1,-15,NA,NA,No,No,27
9/5/2019,248,2019,NA,5,B3_R2,1,1,NA,NA,NA,No,No,45
9/5/2019,248,2019,16:00,5,B3_R2,2,1,-16.1,NA,NA,No,No,45
9/5/2019,248,2019,16:00,5,B3_R2,3,1,-16,NA,NA,No,No,45
9/5/2019,248,2019,NA,5,B3_R2,4,1,NA,NA,NA,No,No,45
9/5/2019,248,2019,16:00,5,B3_R2,5,1,-14.3,NA,NA,Yes,No,45
9/5/2019,248,2019,NA,5,B3_R2,6,1,NA,NA,NA,No,No,45
9/5/2019,248,2019,NA,5,B3_R3,1,1,NA,NA,NA,No,No,54
9/5/2019,248,2019,16:00,5,B3_R3,2,1,-12.6,NA,NA,No,No,54
9/5/2019,248,2019,NA,5,B3_R3,3,1,NA,NA,NA,No,No,54
9/5/2019,248,2019,16:00,5,B3_R3,4,1,-13.3,NA,NA,No,No,54
9/5/2019,248,2019,NA,5,B3_R3,5,1,NA,NA,NA,No,No,54
9/5/2019,248,2019,16:00,5,B3_R3,6,1,-12.2,NA,NA,No,No,54
